student_id,full_name,roll_no,email,year,branch,section,semester,attendance,mathematics_score,physics_score,programming_score,data_structures_score,database_score,communication_score,assignment_score,quiz_score,exam_score,study_hours,learning_activity,previous_performance,overall_progress,risk_level
AP2024_1001,Suresh Reddy,22A91A0402,suresh.reddy1@apedu.ac.in,3rd Year,ECE,B,5,74.0,67,72,85,69,69,62,66,70,55,20,66,63,69,Low Risk
AP2024_1002,Harika Kulkarni,24A91A0503,harika.kulkarni2@apedu.ac.in,1st Year,CSE,A,2,68.2,53,40,55,44,55,49,73,57,45,15,79,56,72,High Risk
AP2024_1003,Rahul Sharma,23A91A0404,rahul.sharma3@apedu.ac.in,2nd Year,ECE,D,3,64.9,44,60,49,55,59,57,56,52,46,11,57,61,59,Medium Risk
AP2024_1004,Pranavi Babu,22A91A4405,pranavi.babu4@apedu.ac.in,3rd Year,CSE (Data Science),D,5,53.5,68,68,75,59,55,59,53,57,59,11,43,59,50,High Risk
AP2024_1005,Charan Raju,23A91A0306,charan.raju5@apedu.ac.in,2nd Year,Mechanical Engineering,A,3,85.7,70,86,79,70,85,54,89,78,69,23,86,80,86,Low Risk
AP2024_1006,Rahul Prasad,24A91A0307,rahul.prasad6@apedu.ac.in,1st Year,Mechanical Engineering,C,2,85.3,59,63,72,58,65,64,80,62,56,17,69,65,78,Low Risk
AP2024_1007,Karthik Babu,24A91A4208,karthik.babu7@apedu.ac.in,1st Year,CSE (AI & ML),C,2,74.0,64,57,65,58,68,81,73,71,57,17,62,62,70,Medium Risk
AP2024_1008,Gayatri Kumar,23A91A0509,gayatri.kumar8@apedu.ac.in,2nd Year,CSE,B,3,97.2,61,75,82,77,63,87,91,82,79,25,97,72,95,Low Risk
AP2024_1009,Tejaswi Naidu,23A91A0110,tejaswi.naidu9@apedu.ac.in,2nd Year,Civil Engineering,C,3,54.5,68,75,55,46,58,68,54,66,64,15,53,59,53,High Risk
AP2024_1010,Mahesh Yadav,22A91A0311,mahesh.yadav10@apedu.ac.in,3rd Year,Mechanical Engineering,C,5,71.1,72,69,71,57,68,71,72,83,65,17,79,67,73,Medium Risk
AP2024_1011,Manoj Kulkarni,22A91A4412,manoj.kulkarni11@apedu.ac.in,3rd Year,CSE (Data Science),B,5,87.9,61,72,64,53,50,53,76,63,58,18,85,63,83,Medium Risk
AP2024_1012,Sneha Babu,21A91A0413,sneha.babu12@apedu.ac.in,4th Year,ECE,C,8,85.4,61,70,57,52,72,74,85,68,48,27,89,71,86,Low Risk
AP2024_1013,Ananya Verma,24A91A0114,ananya.verma13@apedu.ac.in,1st Year,Civil Engineering,C,2,58.3,64,49,65,63,63,67,59,53,51,14,48,68,55,Medium Risk
AP2024_1014,Pooja Sharma,22A91A1215,pooja.sharma14@apedu.ac.in,3rd Year,Information Technology,D,5,99.5,86,83,75,60,77,81,100,100,58,28,98,89,99,Low Risk
AP2024_1015,Mahesh Varma,22A91A0416,mahesh.varma15@apedu.ac.in,3rd Year,ECE,C,5,83.6,69,62,54,50,56,82,85,56,55,18,77,64,82,Medium Risk
AP2024_1016,Swathi Murthy,21A91A0417,swathi.murthy16@apedu.ac.in,4th Year,ECE,B,8,73.2,53,48,51,63,57,47,73,73,57,18,60,52,69,Medium Risk
AP2024_1017,Sandhya Sastry,24A91A4218,sandhya.sastry17@apedu.ac.in,1st Year,CSE (AI & ML),B,1,66.2,74,61,44,47,59,81,54,68,54,16,54,84,58,Medium Risk
AP2024_1018,Sneha Kulkarni,21A91A0119,sneha.kulkarni18@apedu.ac.in,4th Year,Civil Engineering,D,7,64.2,70,68,77,71,76,83,61,86,54,18,68,77,64,Medium Risk
AP2024_1019,Ramesh Babu,22A91A4220,ramesh.babu19@apedu.ac.in,3rd Year,CSE (AI & ML),C,5,62.6,73,56,70,71,64,68,64,60,58,14,56,72,61,Medium Risk
AP2024_1020,Charan Chowdary,22A91A4421,charan.chowdary20@apedu.ac.in,3rd Year,CSE (Data Science),D,6,81.3,63,71,62,64,68,74,72,71,58,16,74,69,76,Low Risk
AP2024_1021,Sai Raju,23A91A0222,sai.raju21@apedu.ac.in,2nd Year,EEE,B,3,71.9,56,71,78,73,69,66,70,70,59,23,68,75,70,Medium Risk
AP2024_1022,Rohit Kumar,23A91A0323,rohit.kumar22@apedu.ac.in,2nd Year,Mechanical Engineering,D,3,70.3,58,48,58,47,55,44,59,55,48,15,59,61,63,Medium Risk
AP2024_1023,Venkata Chowdary,22A91A0424,venkata.chowdary23@apedu.ac.in,3rd Year,ECE,A,6,69.1,70,61,76,73,80,67,69,75,63,14,66,76,68,Medium Risk
AP2024_1024,Nikhil Bhatt,24A91A1225,nikhil.bhatt24@apedu.ac.in,1st Year,Information Technology,A,1,62.5,72,53,85,80,61,77,56,58,61,16,67,55,61,Medium Risk
AP2024_1025,Chaitanya Varma,23A91A4426,chaitanya.varma25@apedu.ac.in,2nd Year,CSE (Data Science),C,4,75.1,52,59,48,33,70,68,69,52,57,21,76,61,73,Medium Risk
AP2024_1026,Akhil Chary,21A91A0427,akhil.chary26@apedu.ac.in,4th Year,ECE,C,7,64.3,53,44,36,36,50,55,56,43,49,15,58,53,59,Medium Risk
AP2024_1027,Tarun Kulkarni,22A91A1228,tarun.kulkarni27@apedu.ac.in,3rd Year,Information Technology,A,6,80.6,96,84,78,78,86,66,76,83,66,17,83,76,79,Low Risk
AP2024_1028,Nikhil Verma,24A91A0529,nikhil.verma28@apedu.ac.in,1st Year,CSE,B,2,89.6,51,60,46,49,61,48,79,60,54,19,88,69,85,Medium Risk
AP2024_1029,Swathi Verma,24A91A0530,swathi.verma29@apedu.ac.in,1st Year,CSE,B,1,58.7,61,46,52,48,45,50,50,69,48,16,49,56,53,Medium Risk
AP2024_1030,Pooja Rao,22A91A0431,pooja.rao30@apedu.ac.in,3rd Year,ECE,C,5,72.8,58,39,60,41,70,74,66,68,52,18,63,81,67,Medium Risk
AP2024_1031,Ravi Sharma,23A91A0432,ravi.sharma31@apedu.ac.in,2nd Year,ECE,D,4,49.1,48,48,55,67,64,57,62,61,47,14,49,71,52,High Risk
AP2024_1032,Deepika Sharma,24A91A0133,deepika.sharma32@apedu.ac.in,1st Year,Civil Engineering,C,1,62.7,71,56,39,33,48,51,61,59,42,14,70,59,64,Medium Risk
AP2024_1033,Ganesh Murthy,21A91A4234,ganesh.murthy33@apedu.ac.in,4th Year,CSE (AI & ML),A,7,56.8,51,63,61,40,60,52,60,55,40,16,59,54,58,High Risk
AP2024_1034,Tarun Patel,24A91A0435,tarun.patel34@apedu.ac.in,1st Year,ECE,B,1,65.3,54,61,59,48,57,68,56,68,45,11,57,69,60,Medium Risk
AP2024_1035,Chaitanya Babu,23A91A4436,chaitanya.babu35@apedu.ac.in,2nd Year,CSE (Data Science),C,4,66.1,33,35,38,44,40,46,58,43,34,14,61,44,62,High Risk
AP2024_1036,Mahesh Verma,24A91A4237,mahesh.verma36@apedu.ac.in,1st Year,CSE (AI & ML),A,2,99.5,69,60,51,34,68,75,100,80,51,23,98,82,99,Medium Risk
AP2024_1037,Chaitanya Reddy,24A91A4438,chaitanya.reddy37@apedu.ac.in,1st Year,CSE (Data Science),D,1,69.3,65,86,75,68,68,65,71,76,61,22,77,73,72,Medium Risk
AP2024_1038,Ravi Sastry,23A91A0539,ravi.sastry38@apedu.ac.in,2nd Year,CSE,B,4,82.0,61,70,66,68,59,75,81,73,71,17,72,69,78,Low Risk
AP2024_1039,Manasa Reddy,21A91A1240,manasa.reddy39@apedu.ac.in,4th Year,Information Technology,C,8,92.3,41,50,74,60,57,63,89,57,55,21,88,66,90,Medium Risk
AP2024_1040,Ganesh Somayajulu,21A91A0441,ganesh.somayajulu40@apedu.ac.in,4th Year,ECE,C,7,58.3,88,88,63,61,69,63,53,79,68,15,60,74,57,Medium Risk
AP2024_1041,Manoj Rao,24A91A0542,manoj.rao41@apedu.ac.in,1st Year,CSE,A,2,87.9,63,62,37,37,70,84,94,70,44,19,86,83,89,Medium Risk
AP2024_1042,Swathi Sastry,23A91A4243,swathi.sastry42@apedu.ac.in,2nd Year,CSE (AI & ML),B,3,72.1,60,56,64,52,62,61,76,50,61,17,64,74,70,Medium Risk
AP2024_1043,Pooja Chary,24A91A0144,pooja.chary43@apedu.ac.in,1st Year,Civil Engineering,A,1,57.0,76,68,69,67,48,55,64,55,65,14,55,62,58,High Risk
AP2024_1044,Naresh Verma,24A91A0145,naresh.verma44@apedu.ac.in,1st Year,Civil Engineering,C,1,73.4,78,66,79,73,59,77,72,70,71,21,66,72,70,Low Risk
AP2024_1045,Kavya Sharma,22A91A0246,kavya.sharma45@apedu.ac.in,3rd Year,EEE,D,5,68.8,66,48,52,40,53,56,79,60,49,22,61,54,69,Medium Risk
AP2024_1046,Divya Kulkarni,22A91A0347,divya.kulkarni46@apedu.ac.in,3rd Year,Mechanical Engineering,A,6,42.4,61,62,64,54,52,58,41,62,44,13,46,70,43,High Risk
AP2024_1047,Sai Babu,24A91A0448,sai.babu47@apedu.ac.in,1st Year,ECE,C,1,93.7,58,66,63,63,61,71,80,69,49,22,71,69,82,Low Risk
AP2024_1048,Divya Kumar,24A91A0349,divya.kumar48@apedu.ac.in,1st Year,Mechanical Engineering,C,1,76.2,60,61,48,39,58,82,79,72,46,25,82,62,78,Medium Risk
AP2024_1049,Sneha Babu,22A91A0250,sneha.babu49@apedu.ac.in,3rd Year,EEE,A,5,96.3,72,46,68,52,60,67,95,72,47,21,94,70,95,Medium Risk
AP2024_1050,Divya Raju,24A91A4451,divya.raju50@apedu.ac.in,1st Year,CSE (Data Science),C,1,88.9,58,71,77,71,59,63,88,75,66,21,81,77,86,Low Risk
AP2024_1051,Tejaswi Chary,23A91A0452,tejaswi.chary51@apedu.ac.in,2nd Year,ECE,C,4,65.9,69,64,75,80,60,65,61,78,65,14,59,79,62,Medium Risk
AP2024_1052,Sandhya Sastry,22A91A4253,sandhya.sastry52@apedu.ac.in,3rd Year,CSE (AI & ML),D,5,81.5,82,63,92,73,78,82,77,70,69,22,75,66,78,Low Risk
AP2024_1053,Varun Rao,24A91A4454,varun.rao53@apedu.ac.in,1st Year,CSE (Data Science),C,2,62.2,44,48,62,53,55,44,61,57,52,15,68,57,63,High Risk
AP2024_1054,Sneha Babu,21A91A4255,sneha.babu54@apedu.ac.in,4th Year,CSE (AI & ML),A,7,60.7,67,49,71,53,58,52,65,60,46,14,57,68,60,High Risk
AP2024_1055,Rohit Joshi,24A91A4456,rohit.joshi55@apedu.ac.in,1st Year,CSE (Data Science),D,2,68.7,76,47,55,38,49,57,74,57,51,16,67,61,69,Medium Risk
AP2024_1056,Divya Rao,22A91A0557,divya.rao56@apedu.ac.in,3rd Year,CSE,C,6,61.6,99,79,95,92,90,83,64,86,89,17,65,96,63,Medium Risk
AP2024_1057,Manoj Kulkarni,23A91A0358,manoj.kulkarni57@apedu.ac.in,2nd Year,Mechanical Engineering,D,3,81.1,60,71,63,59,61,52,76,70,71,16,73,65,77,Medium Risk
AP2024_1058,Gayatri Varma,23A91A4459,gayatri.varma58@apedu.ac.in,2nd Year,CSE (Data Science),D,3,88.0,73,70,66,70,61,73,84,83,53,22,90,73,87,Low Risk
AP2024_1059,Venkata Goud,22A91A0460,venkata.goud59@apedu.ac.in,3rd Year,ECE,C,6,66.4,60,71,85,68,80,75,64,68,72,20,57,85,62,Medium Risk
AP2024_1060,Sneha Somayajulu,24A91A0561,sneha.somayajulu60@apedu.ac.in,1st Year,CSE,D,2,48.3,82,78,79,63,85,69,59,75,73,12,52,84,52,High Risk
AP2024_1061,Pranavi Sharma,21A91A0262,pranavi.sharma61@apedu.ac.in,4th Year,EEE,B,8,87.3,87,87,67,62,60,75,82,82,62,22,83,76,84,Low Risk
AP2024_1062,Pranavi Reddy,23A91A0363,pranavi.reddy62@apedu.ac.in,2nd Year,Mechanical Engineering,C,4,38.0,57,50,45,44,40,60,43,50,45,11,42,56,40,High Risk
AP2024_1063,Pooja Raju,22A91A0364,pooja.raju63@apedu.ac.in,3rd Year,Mechanical Engineering,A,6,56.4,66,62,55,64,64,59,56,65,60,14,69,67,60,High Risk
AP2024_1064,Suresh Raju,23A91A0565,suresh.raju64@apedu.ac.in,2nd Year,CSE,A,4,74.2,67,71,92,74,64,65,67,73,64,16,76,75,72,Medium Risk
AP2024_1065,Ramesh Murthy,22A91A0166,ramesh.murthy65@apedu.ac.in,3rd Year,Civil Engineering,A,6,76.2,73,63,81,78,83,73,82,72,60,18,77,86,78,Low Risk
AP2024_1066,Manasa Bhatt,23A91A0567,manasa.bhatt66@apedu.ac.in,2nd Year,CSE,D,4,73.4,88,61,87,92,85,67,67,78,76,15,63,79,68,Low Risk
AP2024_1067,Sai Mishra,23A91A0168,sai.mishra67@apedu.ac.in,2nd Year,Civil Engineering,A,4,87.9,42,48,78,64,56,58,89,69,56,20,87,71,87,Medium Risk
AP2024_1068,Charan Chary,22A91A0269,charan.chary68@apedu.ac.in,3rd Year,EEE,C,5,63.6,58,66,78,64,55,55,66,63,62,12,44,69,58,Medium Risk
AP2024_1069,Deepika Patel,21A91A4470,deepika.patel69@apedu.ac.in,4th Year,CSE (Data Science),B,8,68.3,62,57,69,61,42,68,68,69,37,16,70,75,68,Medium Risk
AP2024_1070,Deepika Kulkarni,21A91A0271,deepika.kulkarni70@apedu.ac.in,4th Year,EEE,D,7,63.6,90,70,72,75,71,66,59,83,68,12,52,75,58,Medium Risk
AP2024_1071,Yamini Reddy,22A91A0472,yamini.reddy71@apedu.ac.in,3rd Year,ECE,D,6,88.8,68,68,81,72,77,79,86,89,69,18,93,81,89,Low Risk
AP2024_1072,Swathi Chary,22A91A1273,swathi.chary72@apedu.ac.in,3rd Year,Information Technology,D,6,61.4,85,70,73,66,67,56,48,77,61,15,52,69,54,Medium Risk
AP2024_1073,Manoj Mishra,21A91A4274,manoj.mishra73@apedu.ac.in,4th Year,CSE (AI & ML),C,7,67.7,75,49,65,34,69,41,48,61,69,15,50,64,56,Medium Risk
AP2024_1074,Sandhya Kulkarni,22A91A0475,sandhya.kulkarni74@apedu.ac.in,3rd Year,ECE,C,5,85.9,72,66,65,45,68,63,75,75,67,20,80,81,80,Low Risk
AP2024_1075,Pranavi Sharma,23A91A0576,pranavi.sharma75@apedu.ac.in,2nd Year,CSE,B,3,74.7,49,43,57,45,59,48,80,64,51,19,81,63,78,Medium Risk
AP2024_1076,Sravani Chary,24A91A0177,sravani.chary76@apedu.ac.in,1st Year,Civil Engineering,B,2,67.0,65,55,58,42,75,52,60,60,60,17,63,66,63,Medium Risk
AP2024_1077,Manasa Sastry,21A91A4478,manasa.sastry77@apedu.ac.in,4th Year,CSE (Data Science),A,7,68.3,62,59,64,54,55,60,70,69,68,22,63,60,67,Medium Risk
AP2024_1078,Harika Murthy,23A91A1279,harika.murthy78@apedu.ac.in,2nd Year,Information Technology,A,3,94.3,66,82,75,62,68,70,93,74,57,28,98,76,95,Low Risk
AP2024_1079,Yamini Verma,24A91A4480,yamini.verma79@apedu.ac.in,1st Year,CSE (Data Science),D,2,55.9,66,48,76,82,61,51,51,63,62,14,37,67,48,High Risk
AP2024_1080,Akhil Joshi,22A91A0181,akhil.joshi80@apedu.ac.in,3rd Year,Civil Engineering,D,6,54.4,73,64,74,55,55,67,52,74,61,11,46,65,51,High Risk
AP2024_1081,Sneha Sastry,21A91A0482,sneha.sastry81@apedu.ac.in,4th Year,ECE,C,8,74.2,53,66,47,38,45,66,81,66,52,18,62,69,72,Medium Risk
AP2024_1082,Akhil Sastry,23A91A1283,akhil.sastry82@apedu.ac.in,2nd Year,Information Technology,A,4,69.6,82,62,72,71,61,68,66,77,67,17,61,75,65,Medium Risk
AP2024_1083,Tejaswi Verma,22A91A0384,tejaswi.verma83@apedu.ac.in,3rd Year,Mechanical Engineering,A,6,77.3,77,74,74,70,79,74,78,78,56,16,68,78,74,Low Risk
AP2024_1084,Divya Varma,23A91A4485,divya.varma84@apedu.ac.in,2nd Year,CSE (Data Science),B,4,88.4,68,49,55,43,51,55,79,62,50,21,76,61,81,Medium Risk
AP2024_1085,Pooja Murthy,21A91A1286,pooja.murthy85@apedu.ac.in,4th Year,Information Technology,D,8,38.0,68,49,59,63,70,57,34,62,59,14,38,64,36,High Risk
AP2024_1086,Ananya Sharma,21A91A0587,ananya.sharma86@apedu.ac.in,4th Year,CSE,D,8,78.3,65,54,65,55,56,64,84,61,45,17,82,77,81,Medium Risk
AP2024_1087,Sravani Reddy,22A91A0188,sravani.reddy87@apedu.ac.in,3rd Year,Civil Engineering,D,6,78.4,56,52,81,74,62,74,88,67,55,24,83,67,82,Low Risk
AP2024_1088,Chaitanya Joshi,23A91A0489,chaitanya.joshi88@apedu.ac.in,2nd Year,ECE,C,4,70.0,76,74,98,77,83,86,73,86,69,18,61,79,68,Medium Risk
AP2024_1089,Ganesh Sastry,24A91A0390,ganesh.sastry89@apedu.ac.in,1st Year,Mechanical Engineering,D,2,77.5,80,66,54,51,60,72,71,66,64,17,69,62,72,Low Risk
AP2024_1090,Sneha Babu,23A91A0101,sneha.babu90@apedu.ac.in,2nd Year,Civil Engineering,A,3,63.4,46,53,52,55,41,45,50,48,56,9,46,54,54,High Risk
AP2024_1091,Rahul Yadav,21A91A1202,rahul.yadav91@apedu.ac.in,4th Year,Information Technology,B,7,85.4,68,76,68,74,71,76,92,78,81,18,84,81,86,Low Risk
AP2024_1092,Ananya Raju,21A91A0403,ananya.raju92@apedu.ac.in,4th Year,ECE,D,8,84.3,62,61,71,60,74,83,78,66,63,19,73,82,79,Low Risk
AP2024_1093,Sireesha Patel,21A91A0104,sireesha.patel93@apedu.ac.in,4th Year,Civil Engineering,C,8,65.7,67,56,54,58,57,76,66,67,60,18,66,59,65,Medium Risk
AP2024_1094,Rahul Sastry,24A91A0305,rahul.sastry94@apedu.ac.in,1st Year,Mechanical Engineering,B,1,81.3,55,69,67,74,62,67,86,67,57,26,79,54,82,Low Risk
AP2024_1095,Pooja Yadav,24A91A0406,pooja.yadav95@apedu.ac.in,1st Year,ECE,B,1,70.8,75,57,50,42,43,59,64,72,54,17,64,59,66,Medium Risk
AP2024_1096,Venkata Chary,23A91A4407,venkata.chary96@apedu.ac.in,2nd Year,CSE (Data Science),D,3,75.9,88,88,97,79,65,75,66,79,75,17,72,78,71,Low Risk
AP2024_1097,Suresh Bhatt,23A91A0208,suresh.bhatt97@apedu.ac.in,2nd Year,EEE,C,4,56.8,84,60,85,68,67,56,62,71,74,10,59,70,59,High Risk
AP2024_1098,Sneha Chary,24A91A0209,sneha.chary98@apedu.ac.in,1st Year,EEE,A,1,60.2,46,48,68,58,45,35,63,61,48,15,63,57,61,Medium Risk
AP2024_1099,Swathi Reddy,22A91A0110,swathi.reddy99@apedu.ac.in,3rd Year,Civil Engineering,B,6,70.6,36,45,52,31,55,44,60,54,49,13,64,46,65,High Risk
AP2024_1100,Pooja Bhatt,23A91A0211,pooja.bhatt100@apedu.ac.in,2nd Year,EEE,A,3,80.0,71,41,60,61,74,50,72,76,69,18,71,74,74,Medium Risk
AP2024_1101,Naresh Rao,22A91A0312,naresh.rao101@apedu.ac.in,3rd Year,Mechanical Engineering,A,6,81.9,58,78,67,62,62,66,76,77,60,20,80,70,79,Medium Risk
AP2024_1102,Sandhya Yadav,22A91A0113,sandhya.yadav102@apedu.ac.in,3rd Year,Civil Engineering,D,5,59.6,52,56,75,83,70,58,65,65,67,17,59,70,61,Medium Risk
AP2024_1103,Harika Murthy,22A91A4414,harika.murthy103@apedu.ac.in,3rd Year,CSE (Data Science),D,6,80.2,65,49,80,67,71,63,83,60,64,19,74,64,79,Medium Risk
AP2024_1104,Aditya Mishra,22A91A1215,aditya.mishra104@apedu.ac.in,3rd Year,Information Technology,D,6,99.5,80,76,86,78,91,75,100,94,74,26,98,77,99,Low Risk
AP2024_1105,Swathi Raju,22A91A4216,swathi.raju105@apedu.ac.in,3rd Year,CSE (AI & ML),C,5,63.7,82,70,75,66,65,84,65,82,74,16,71,84,66,Medium Risk
AP2024_1106,Lavanya Verma,21A91A0317,lavanya.verma106@apedu.ac.in,4th Year,Mechanical Engineering,A,8,64.4,79,67,64,62,62,70,65,74,53,17,59,72,62,Medium Risk
AP2024_1107,Ravi Patel,23A91A0418,ravi.patel107@apedu.ac.in,2nd Year,ECE,C,4,67.0,57,60,59,55,48,59,71,55,46,15,62,62,66,Medium Risk
AP2024_1108,Kavya Patel,22A91A0519,kavya.patel108@apedu.ac.in,3rd Year,CSE,B,6,76.7,47,40,51,47,44,59,81,50,50,19,79,48,78,Medium Risk
AP2024_1109,Rahul Verma,21A91A0420,rahul.verma109@apedu.ac.in,4th Year,ECE,D,8,90.0,70,55,80,60,62,82,99,77,59,22,89,78,92,Low Risk
AP2024_1110,Ravi Babu,24A91A0221,ravi.babu110@apedu.ac.in,1st Year,EEE,B,1,80.5,65,59,28,26,40,62,80,60,47,19,73,68,78,Medium Risk
AP2024_1111,Tarun Somayajulu,23A91A0322,tarun.somayajulu111@apedu.ac.in,2nd Year,Mechanical Engineering,D,4,79.8,75,77,100,88,82,78,86,77,77,16,75,81,80,Low Risk
AP2024_1112,Yamini Mishra,22A91A0323,yamini.mishra112@apedu.ac.in,3rd Year,Mechanical Engineering,C,6,67.6,58,62,43,43,44,56,64,64,55,15,58,53,63,Medium Risk
AP2024_1113,Mahesh Raju,22A91A0424,mahesh.raju113@apedu.ac.in,3rd Year,ECE,A,6,80.0,58,62,75,82,62,60,70,57,53,17,74,70,75,Medium Risk
AP2024_1114,Bhavya Patel,24A91A0425,bhavya.patel114@apedu.ac.in,1st Year,ECE,B,1,77.6,60,41,47,23,45,55,74,59,42,20,87,55,79,Medium Risk
AP2024_1115,Sravani Raju,22A91A0426,sravani.raju115@apedu.ac.in,3rd Year,ECE,C,5,68.3,68,66,74,74,66,61,74,62,64,21,71,71,70,Medium Risk
AP2024_1116,Pranavi Kumar,23A91A0527,pranavi.kumar116@apedu.ac.in,2nd Year,CSE,B,4,46.1,49,47,72,72,57,48,54,49,61,11,45,65,48,High Risk
AP2024_1117,Varun Rao,24A91A4428,varun.rao117@apedu.ac.in,1st Year,CSE (Data Science),D,2,70.2,85,57,86,89,59,79,72,67,66,17,64,74,68,Medium Risk
AP2024_1118,Harika Reddy,22A91A1229,harika.reddy118@apedu.ac.in,3rd Year,Information Technology,D,6,88.9,62,53,46,54,74,55,77,68,55,22,76,63,81,Medium Risk
AP2024_1119,Charan Goud,24A91A1230,charan.goud119@apedu.ac.in,1st Year,Information Technology,A,2,74.7,59,53,59,51,70,64,68,67,52,17,66,69,70,Medium Risk
AP2024_1120,Pooja Prasad,21A91A0531,pooja.prasad120@apedu.ac.in,4th Year,CSE,B,7,65.0,66,81,82,75,66,50,69,63,64,16,64,67,65,Medium Risk
AP2024_1121,Rohit Bhatt,22A91A0432,rohit.bhatt121@apedu.ac.in,3rd Year,ECE,A,5,71.9,39,43,20,33,63,44,78,54,38,20,88,65,78,High Risk
AP2024_1122,Yamini Murthy,23A91A1233,yamini.murthy122@apedu.ac.in,2nd Year,Information Technology,D,4,83.8,65,62,71,69,62,70,76,77,60,19,77,63,79,Low Risk
AP2024_1123,Pavan Bhatt,21A91A0534,pavan.bhatt123@apedu.ac.in,4th Year,CSE,A,8,59.5,82,53,64,55,54,58,63,60,57,18,46,56,56,Medium Risk
AP2024_1124,Manoj Yadav,23A91A4235,manoj.yadav124@apedu.ac.in,2nd Year,CSE (AI & ML),B,4,87.9,68,59,65,68,71,61,85,64,52,15,86,67,86,Low Risk
AP2024_1125,Nikhil Goud,24A91A0536,nikhil.goud125@apedu.ac.in,1st Year,CSE,D,1,81.8,79,78,83,84,77,75,81,75,67,20,71,77,78,Low Risk
AP2024_1126,Lavanya Somayajulu,21A91A0537,lavanya.somayajulu126@apedu.ac.in,4th Year,CSE,B,8,63.8,59,47,57,57,62,45,62,56,47,16,53,65,60,Medium Risk
AP2024_1127,Tejaswi Somayajulu,22A91A4238,tejaswi.somayajulu127@apedu.ac.in,3rd Year,CSE (AI & ML),B,6,53.0,59,41,71,35,53,66,52,56,46,8,45,62,50,High Risk
AP2024_1128,Kavya Yadav,23A91A4239,kavya.yadav128@apedu.ac.in,2nd Year,CSE (AI & ML),B,4,84.1,66,51,70,57,64,64,77,67,64,24,78,74,80,Low Risk
AP2024_1129,Rohit Raju,23A91A0540,rohit.raju129@apedu.ac.in,2nd Year,CSE,B,3,78.5,59,51,48,42,66,64,73,70,49,16,67,67,73,Medium Risk
AP2024_1130,Pavan Chary,22A91A4241,pavan.chary130@apedu.ac.in,3rd Year,CSE (AI & ML),D,6,47.4,74,73,76,68,63,57,56,69,72,15,66,67,55,High Risk
AP2024_1131,Pavan Somayajulu,21A91A1242,pavan.somayajulu131@apedu.ac.in,4th Year,Information Technology,D,8,67.6,55,61,61,52,75,69,75,73,49,14,70,75,70,Medium Risk
AP2024_1132,Rahul Chary,24A91A0343,rahul.chary132@apedu.ac.in,1st Year,Mechanical Engineering,C,2,48.1,60,74,60,47,76,55,56,63,62,15,55,67,52,High Risk
AP2024_1133,Venkata Naidu,23A91A0244,venkata.naidu133@apedu.ac.in,2nd Year,EEE,A,3,65.0,53,57,37,62,64,58,57,61,54,13,55,59,59,Medium Risk
AP2024_1134,Aditya Sastry,21A91A4445,aditya.sastry134@apedu.ac.in,4th Year,CSE (Data Science),D,8,82.1,79,64,70,65,82,61,71,75,66,19,81,77,78,Low Risk
AP2024_1135,Ravi Naidu,21A91A0146,ravi.naidu135@apedu.ac.in,4th Year,Civil Engineering,C,8,76.5,52,78,63,57,66,59,81,70,56,20,83,77,79,Medium Risk
AP2024_1136,Sireesha Kulkarni,24A91A0347,sireesha.kulkarni136@apedu.ac.in,1st Year,Mechanical Engineering,D,1,77.2,45,40,45,40,56,65,72,58,44,20,81,54,76,Medium Risk
AP2024_1137,Ravi Gupta,21A91A1248,ravi.gupta137@apedu.ac.in,4th Year,Information Technology,A,7,87.2,46,59,46,21,61,42,73,54,48,17,72,46,78,Medium Risk
AP2024_1138,Sireesha Raju,22A91A0149,sireesha.raju138@apedu.ac.in,3rd Year,Civil Engineering,A,5,57.1,81,80,76,89,72,75,46,67,75,11,54,89,52,High Risk
AP2024_1139,Chaitanya Babu,21A91A0450,chaitanya.babu139@apedu.ac.in,4th Year,ECE,C,7,62.2,57,61,56,48,58,78,65,62,48,18,71,68,65,Medium Risk
AP2024_1140,Gayatri Sastry,21A91A0451,gayatri.sastry140@apedu.ac.in,4th Year,ECE,C,7,95.7,71,66,54,32,67,56,91,68,48,20,74,64,87,Medium Risk
AP2024_1141,Yamini Varma,22A91A1252,yamini.varma141@apedu.ac.in,3rd Year,Information Technology,A,6,91.4,68,52,58,53,72,66,87,61,56,16,87,64,88,Medium Risk
AP2024_1142,Venkata Yadav,23A91A0253,venkata.yadav142@apedu.ac.in,2nd Year,EEE,A,3,48.1,76,58,85,81,77,52,61,67,68,16,62,76,56,High Risk
AP2024_1143,Yamini Murthy,24A91A4254,yamini.murthy143@apedu.ac.in,1st Year,CSE (AI & ML),D,1,63.8,48,59,64,40,50,68,62,59,52,15,71,65,65,Medium Risk
AP2024_1144,Suresh Yadav,23A91A0255,suresh.yadav144@apedu.ac.in,2nd Year,EEE,C,4,99.1,55,64,53,53,72,71,81,75,49,23,88,65,90,Medium Risk
AP2024_1145,Deepika Sastry,21A91A1256,deepika.sastry145@apedu.ac.in,4th Year,Information Technology,B,7,99.5,99,98,88,82,93,97,100,99,79,26,98,94,99,Low Risk
AP2024_1146,Manasa Sharma,23A91A0257,manasa.sharma146@apedu.ac.in,2nd Year,EEE,D,3,82.9,77,64,60,63,74,67,78,64,60,23,78,79,79,Low Risk
AP2024_1147,Charan Mishra,22A91A0258,charan.mishra147@apedu.ac.in,3rd Year,EEE,C,5,71.6,73,61,75,47,74,63,65,74,58,16,73,78,70,Medium Risk
AP2024_1148,Swathi Bhatt,21A91A1259,swathi.bhatt148@apedu.ac.in,4th Year,Information Technology,D,7,64.2,69,67,51,43,51,49,60,60,61,13,51,66,58,Medium Risk
AP2024_1149,Keerthi Patel,21A91A0360,keerthi.patel149@apedu.ac.in,4th Year,Mechanical Engineering,B,8,83.7,62,67,67,53,45,58,84,59,49,20,83,63,83,Medium Risk
AP2024_1150,Nikhil Bhatt,21A91A0161,nikhil.bhatt150@apedu.ac.in,4th Year,Civil Engineering,A,7,60.9,72,51,45,32,54,59,52,57,42,13,64,66,59,Medium Risk
AP2024_1151,Sireesha Sastry,21A91A4462,sireesha.sastry151@apedu.ac.in,4th Year,CSE (Data Science),D,8,69.2,70,62,44,50,47,66,78,55,45,17,79,67,74,Medium Risk
AP2024_1152,Karthik Varma,22A91A1263,karthik.varma152@apedu.ac.in,3rd Year,Information Technology,A,5,77.5,81,67,69,49,71,73,73,78,60,15,79,77,76,Low Risk
AP2024_1153,Akhil Babu,24A91A0164,akhil.babu153@apedu.ac.in,1st Year,Civil Engineering,B,1,70.6,71,46,59,71,71,52,71,62,60,16,65,68,69,Medium Risk
AP2024_1154,Pooja Sastry,22A91A0165,pooja.sastry154@apedu.ac.in,3rd Year,Civil Engineering,A,6,56.9,48,65,62,49,54,59,61,58,56,13,58,60,58,High Risk
AP2024_1155,Charan Kulkarni,21A91A1266,charan.kulkarni155@apedu.ac.in,4th Year,Information Technology,A,8,75.6,74,93,86,68,61,75,82,75,78,20,81,72,79,Low Risk
AP2024_1156,Gayatri Naidu,23A91A0467,gayatri.naidu156@apedu.ac.in,2nd Year,ECE,A,4,99.5,71,60,58,52,47,67,88,68,62,21,87,62,92,Medium Risk
AP2024_1157,Ganesh Chowdary,24A91A4468,ganesh.chowdary157@apedu.ac.in,1st Year,CSE (Data Science),C,2,73.4,70,52,58,44,51,83,73,55,43,17,69,66,71,Medium Risk
AP2024_1158,Venkata Rao,22A91A0269,venkata.rao158@apedu.ac.in,3rd Year,EEE,C,5,67.3,49,58,67,63,89,68,64,74,63,17,65,74,65,Medium Risk
AP2024_1159,Srikanth Murthy,23A91A0170,srikanth.murthy159@apedu.ac.in,2nd Year,Civil Engineering,B,3,61.6,73,74,79,83,82,61,56,70,63,12,58,81,58,Medium Risk
AP2024_1160,Sneha Goud,24A91A0471,sneha.goud160@apedu.ac.in,1st Year,ECE,D,2,66.2,99,67,75,90,86,74,74,68,75,17,77,93,71,Medium Risk
AP2024_1161,Swathi Varma,23A91A0272,swathi.varma161@apedu.ac.in,2nd Year,EEE,D,4,65.5,51,58,44,50,51,57,61,58,47,18,62,72,63,Medium Risk
AP2024_1162,Kavya Kulkarni,24A91A0273,kavya.kulkarni162@apedu.ac.in,1st Year,EEE,B,2,84.1,85,88,81,84,72,67,80,76,74,23,82,91,82,Low Risk
AP2024_1163,Pooja Babu,22A91A0174,pooja.babu163@apedu.ac.in,3rd Year,Civil Engineering,C,6,77.6,66,56,76,49,66,58,65,62,57,13,66,64,70,Medium Risk
AP2024_1164,Mahesh Gupta,23A91A1275,mahesh.gupta164@apedu.ac.in,2nd Year,Information Technology,A,4,89.8,77,79,82,66,74,79,92,82,73,19,83,81,88,Low Risk
AP2024_1165,Nikhil Prasad,22A91A0276,nikhil.prasad165@apedu.ac.in,3rd Year,EEE,A,6,71.2,62,67,70,65,64,75,66,66,66,16,57,63,65,Medium Risk
AP2024_1166,Tarun Raju,24A91A1277,tarun.raju166@apedu.ac.in,1st Year,Information Technology,C,1,62.6,74,64,79,74,83,66,72,80,74,15,57,80,63,Medium Risk
AP2024_1167,Pranavi Chary,22A91A0478,pranavi.chary167@apedu.ac.in,3rd Year,ECE,C,5,82.2,48,45,61,57,44,67,73,67,52,21,72,57,76,Medium Risk
AP2024_1168,Divya Yadav,24A91A0279,divya.yadav168@apedu.ac.in,1st Year,EEE,D,1,57.9,51,60,67,67,59,59,64,67,58,11,62,70,60,High Risk
AP2024_1169,Karthik Bhatt,22A91A4280,karthik.bhatt169@apedu.ac.in,3rd Year,CSE (AI & ML),C,5,70.7,72,83,77,79,59,76,81,76,74,18,73,87,74,Medium Risk
AP2024_1170,Sireesha Murthy,23A91A4481,sireesha.murthy170@apedu.ac.in,2nd Year,CSE (Data Science),C,3,83.7,84,80,61,61,56,73,71,76,68,20,78,71,78,Low Risk
AP2024_1171,Akhil Mishra,22A91A0282,akhil.mishra171@apedu.ac.in,3rd Year,EEE,D,5,57.9,82,90,94,77,72,83,69,80,70,18,72,94,65,High Risk
AP2024_1172,Tejaswi Patel,24A91A4283,tejaswi.patel172@apedu.ac.in,1st Year,CSE (AI & ML),B,2,85.7,66,64,62,33,57,64,70,68,51,20,76,75,78,Medium Risk
AP2024_1173,Pranavi Kulkarni,21A91A4284,pranavi.kulkarni173@apedu.ac.in,4th Year,CSE (AI & ML),D,8,68.8,53,62,48,52,50,66,64,64,54,16,67,63,66,Medium Risk
AP2024_1174,Sai Raju,24A91A0385,sai.raju174@apedu.ac.in,1st Year,Mechanical Engineering,C,2,67.4,45,53,54,48,54,58,68,67,44,15,64,56,66,Medium Risk
AP2024_1175,Swathi Prasad,22A91A0486,swathi.prasad175@apedu.ac.in,3rd Year,ECE,D,5,61.7,60,51,65,53,48,58,59,65,41,13,60,60,60,Medium Risk
AP2024_1176,Venkata Chary,22A91A4287,venkata.chary176@apedu.ac.in,3rd Year,CSE (AI & ML),D,5,99.5,58,63,71,71,68,76,97,91,59,23,98,88,98,Low Risk
AP2024_1177,Pavan Yadav,21A91A4488,pavan.yadav177@apedu.ac.in,4th Year,CSE (Data Science),A,7,77.9,78,54,70,63,80,78,74,77,61,14,71,65,74,Low Risk
AP2024_1178,Karthik Gupta,21A91A4289,karthik.gupta178@apedu.ac.in,4th Year,CSE (AI & ML),B,7,66.2,94,73,100,89,61,84,59,76,69,15,75,78,66,Medium Risk
AP2024_1179,Chaitanya Varma,21A91A0390,chaitanya.varma179@apedu.ac.in,4th Year,Mechanical Engineering,D,8,61.1,59,49,69,53,52,66,62,56,55,17,54,55,59,Medium Risk
AP2024_1180,Swathi Varma,21A91A1201,swathi.varma180@apedu.ac.in,4th Year,Information Technology,D,7,61.7,79,68,62,39,59,64,59,62,53,14,66,72,62,Medium Risk
AP2024_1181,Varun Rao,22A91A1202,varun.rao181@apedu.ac.in,3rd Year,Information Technology,D,5,43.0,32,47,31,26,38,39,32,46,35,11,25,42,34,High Risk
AP2024_1182,Nikhil Kumar,24A91A0303,nikhil.kumar182@apedu.ac.in,1st Year,Mechanical Engineering,A,2,88.3,45,50,41,23,56,55,83,58,49,23,88,52,86,Medium Risk
AP2024_1183,Tarun Raju,23A91A1204,tarun.raju183@apedu.ac.in,2nd Year,Information Technology,A,3,84.3,66,68,59,46,64,60,79,66,58,23,77,63,80,Medium Risk
AP2024_1184,Manoj Yadav,24A91A0305,manoj.yadav184@apedu.ac.in,1st Year,Mechanical Engineering,B,1,88.1,91,91,92,76,76,65,80,87,74,19,75,89,81,Low Risk
AP2024_1185,Divya Bhatt,23A91A0406,divya.bhatt185@apedu.ac.in,2nd Year,ECE,B,3,58.7,50,68,77,72,72,52,64,68,61,7,53,72,58,Medium Risk
AP2024_1186,Pranavi Patel,23A91A0207,pranavi.patel186@apedu.ac.in,2nd Year,EEE,B,3,60.5,52,47,58,35,54,39,60,49,58,13,67,63,62,Medium Risk
AP2024_1187,Divya Joshi,22A91A4208,divya.joshi187@apedu.ac.in,3rd Year,CSE (AI & ML),A,5,65.3,86,73,83,60,61,66,60,63,81,15,60,84,62,Medium Risk
AP2024_1188,Divya Reddy,22A91A0309,divya.reddy188@apedu.ac.in,3rd Year,Mechanical Engineering,A,5,62.0,53,60,68,44,54,59,74,69,44,16,65,70,66,Medium Risk
AP2024_1189,Aditya Raju,24A91A0110,aditya.raju189@apedu.ac.in,1st Year,Civil Engineering,A,1,65.1,61,79,69,51,46,64,66,78,54,18,54,74,62,Medium Risk
AP2024_1190,Pooja Sastry,21A91A4211,pooja.sastry190@apedu.ac.in,4th Year,CSE (AI & ML),D,8,68.0,45,37,20,28,36,49,67,50,34,17,60,44,65,High Risk
AP2024_1191,Sandhya Verma,24A91A1212,sandhya.verma191@apedu.ac.in,1st Year,Information Technology,A,2,68.7,52,64,83,76,76,57,66,69,59,18,73,82,69,Medium Risk
AP2024_1192,Ananya Sastry,21A91A4213,ananya.sastry192@apedu.ac.in,4th Year,CSE (AI & ML),D,8,64.9,57,52,58,39,60,74,69,65,54,17,70,57,67,Medium Risk
AP2024_1193,Lavanya Naidu,24A91A4414,lavanya.naidu193@apedu.ac.in,1st Year,CSE (Data Science),A,2,84.1,76,65,72,75,70,57,81,74,67,26,91,75,85,Low Risk
AP2024_1194,Divya Raju,22A91A0215,divya.raju194@apedu.ac.in,3rd Year,EEE,D,6,59.9,50,55,36,43,50,50,70,50,49,19,66,59,64,High Risk
AP2024_1195,Sandhya Chary,21A91A4216,sandhya.chary195@apedu.ac.in,4th Year,CSE (AI & ML),B,7,66.0,42,53,46,41,47,63,72,62,39,19,73,67,69,High Risk
AP2024_1196,Ganesh Babu,23A91A0317,ganesh.babu196@apedu.ac.in,2nd Year,Mechanical Engineering,D,4,67.6,65,67,39,41,52,56,62,49,58,14,60,61,63,Medium Risk
AP2024_1197,Tarun Murthy,24A91A0118,tarun.murthy197@apedu.ac.in,1st Year,Civil Engineering,C,2,62.9,52,61,71,70,69,59,54,67,54,13,61,77,59,Medium Risk
AP2024_1198,Kavya Kumar,23A91A4219,kavya.kumar198@apedu.ac.in,2nd Year,CSE (AI & ML),A,4,59.5,36,36,47,32,39,39,59,38,26,12,54,38,57,High Risk
AP2024_1199,Rahul Naidu,21A91A0320,rahul.naidu199@apedu.ac.in,4th Year,Mechanical Engineering,B,7,59.7,69,52,52,37,55,68,65,69,53,17,53,60,59,Medium Risk
AP2024_1200,Yamini Rao,22A91A0121,yamini.rao200@apedu.ac.in,3rd Year,Civil Engineering,C,5,77.5,77,64,55,70,54,52,73,72,48,23,87,63,79,Medium Risk
AP2024_1201,Ganesh Rao,22A91A0322,ganesh.rao201@apedu.ac.in,3rd Year,Mechanical Engineering,A,6,77.3,61,71,59,64,68,76,68,79,69,21,67,74,71,Medium Risk
AP2024_1202,Naresh Mishra,23A91A1223,naresh.mishra202@apedu.ac.in,2nd Year,Information Technology,B,3,60.0,54,51,60,53,37,43,67,57,48,17,54,49,60,Medium Risk
AP2024_1203,Harika Kumar,22A91A0224,harika.kumar203@apedu.ac.in,3rd Year,EEE,B,5,83.4,48,65,59,51,82,52,95,67,61,23,95,67,90,Medium Risk
AP2024_1204,Ganesh Joshi,24A91A0525,ganesh.joshi204@apedu.ac.in,1st Year,CSE,B,2,54.4,71,59,67,53,51,65,55,57,56,12,50,59,53,High Risk
AP2024_1205,Varun Somayajulu,22A91A0326,varun.somayajulu205@apedu.ac.in,3rd Year,Mechanical Engineering,A,6,86.6,82,65,73,74,79,70,97,87,69,22,91,81,91,Low Risk
AP2024_1206,Aditya Varma,21A91A4427,aditya.varma206@apedu.ac.in,4th Year,CSE (Data Science),A,7,56.3,70,51,52,42,52,69,53,68,52,19,56,54,55,High Risk
AP2024_1207,Rahul Mishra,23A91A0128,rahul.mishra207@apedu.ac.in,2nd Year,Civil Engineering,D,4,52.3,70,64,82,85,81,74,57,83,69,16,57,74,55,High Risk
AP2024_1208,Charan Goud,22A91A0329,charan.goud208@apedu.ac.in,3rd Year,Mechanical Engineering,A,6,57.1,73,98,95,87,68,59,57,81,79,15,55,83,56,High Risk
AP2024_1209,Ananya Varma,23A91A4230,ananya.varma209@apedu.ac.in,2nd Year,CSE (AI & ML),C,3,86.7,61,41,69,46,54,64,89,67,49,16,89,55,88,Medium Risk
AP2024_1210,Lavanya Kulkarni,21A91A1231,lavanya.kulkarni210@apedu.ac.in,4th Year,Information Technology,D,8,87.2,58,54,53,52,59,60,87,68,39,25,91,67,88,Medium Risk
AP2024_1211,Varun Sharma,24A91A0132,varun.sharma211@apedu.ac.in,1st Year,Civil Engineering,A,2,39.5,66,47,44,45,47,47,40,59,58,9,41,43,40,High Risk
AP2024_1212,Tejaswi Kulkarni,21A91A0533,tejaswi.kulkarni212@apedu.ac.in,4th Year,CSE,B,8,63.7,70,65,62,66,51,50,59,65,59,12,70,54,64,Medium Risk
AP2024_1213,Tarun Chary,24A91A0434,tarun.chary213@apedu.ac.in,1st Year,ECE,C,1,84.0,77,57,86,77,65,64,71,68,51,14,73,70,76,Low Risk
AP2024_1214,Manoj Varma,22A91A0335,manoj.varma214@apedu.ac.in,3rd Year,Mechanical Engineering,A,6,89.2,61,63,61,63,68,61,89,71,58,22,98,75,91,Low Risk
AP2024_1215,Sai Sastry,21A91A4436,sai.sastry215@apedu.ac.in,4th Year,CSE (Data Science),D,7,84.7,60,60,53,50,49,75,86,63,43,23,84,49,84,Medium Risk
AP2024_1216,Chaitanya Somayajulu,23A91A4237,chaitanya.somayajulu216@apedu.ac.in,2nd Year,CSE (AI & ML),D,4,65.1,54,53,64,55,57,57,55,63,49,18,65,52,62,Medium Risk
AP2024_1217,Karthik Murthy,24A91A4238,karthik.murthy217@apedu.ac.in,1st Year,CSE (AI & ML),C,2,66.9,91,79,76,71,58,65,65,69,67,13,73,76,68,Medium Risk
AP2024_1218,Naresh Murthy,21A91A0239,naresh.murthy218@apedu.ac.in,4th Year,EEE,A,8,54.1,43,71,74,62,37,55,55,55,50,11,60,72,56,High Risk
AP2024_1219,Tarun Reddy,22A91A1240,tarun.reddy219@apedu.ac.in,3rd Year,Information Technology,C,5,50.8,46,66,57,58,47,48,47,59,47,12,51,54,49,High Risk
AP2024_1220,Rahul Murthy,24A91A0141,rahul.murthy220@apedu.ac.in,1st Year,Civil Engineering,D,1,57.9,51,45,69,75,38,56,55,51,54,13,55,65,56,High Risk
AP2024_1221,Akhil Naidu,21A91A0342,akhil.naidu221@apedu.ac.in,4th Year,Mechanical Engineering,B,8,38.0,52,77,62,42,48,66,47,56,45,12,33,74,39,High Risk
AP2024_1222,Charan Goud,24A91A0443,charan.goud222@apedu.ac.in,1st Year,ECE,C,1,61.6,82,55,79,82,67,69,66,60,66,14,60,68,62,Medium Risk
AP2024_1223,Keerthi Yadav,23A91A4244,keerthi.yadav223@apedu.ac.in,2nd Year,CSE (AI & ML),B,3,86.2,76,60,72,67,67,60,100,86,63,25,98,81,93,Low Risk
AP2024_1224,Kavya Sharma,23A91A4245,kavya.sharma224@apedu.ac.in,2nd Year,CSE (AI & ML),B,3,79.0,71,68,56,46,61,62,74,85,64,22,80,82,77,Medium Risk
AP2024_1225,Ravi Babu,21A91A0346,ravi.babu225@apedu.ac.in,4th Year,Mechanical Engineering,B,8,51.6,58,64,73,85,45,67,58,54,66,11,59,65,55,High Risk
AP2024_1226,Lavanya Naidu,21A91A0247,lavanya.naidu226@apedu.ac.in,4th Year,EEE,C,8,77.3,47,61,47,32,48,54,64,56,47,15,67,61,70,Medium Risk
AP2024_1227,Swathi Rao,22A91A0248,swathi.rao227@apedu.ac.in,3rd Year,EEE,D,5,76.2,57,52,34,52,44,49,71,49,41,18,58,61,69,Medium Risk
AP2024_1228,Lavanya Rao,24A91A0249,lavanya.rao228@apedu.ac.in,1st Year,EEE,A,2,82.3,68,65,62,52,60,57,78,63,50,20,75,69,78,Medium Risk
AP2024_1229,Rahul Chary,21A91A0550,rahul.chary229@apedu.ac.in,4th Year,CSE,D,8,69.0,63,70,73,67,50,67,75,67,55,17,66,75,69,Medium Risk
AP2024_1230,Naresh Yadav,23A91A1251,naresh.yadav230@apedu.ac.in,2nd Year,Information Technology,B,4,62.0,76,76,84,65,73,64,55,68,67,14,53,80,57,Medium Risk
AP2024_1231,Ananya Babu,24A91A4252,ananya.babu231@apedu.ac.in,1st Year,CSE (AI & ML),B,2,67.8,45,52,77,74,49,58,69,64,61,18,67,60,67,Medium Risk
AP2024_1232,Karthik Verma,21A91A4453,karthik.verma232@apedu.ac.in,4th Year,CSE (Data Science),C,8,81.3,73,49,50,46,60,57,81,66,52,17,79,56,80,Medium Risk
AP2024_1233,Srikanth Gupta,21A91A0354,srikanth.gupta233@apedu.ac.in,4th Year,Mechanical Engineering,A,8,54.2,82,57,61,66,70,41,36,54,65,10,63,65,51,High Risk
AP2024_1234,Charan Naidu,22A91A0155,charan.naidu234@apedu.ac.in,3rd Year,Civil Engineering,C,5,51.1,48,43,55,44,42,41,36,43,47,8,29,50,39,High Risk
AP2024_1235,Kavya Kulkarni,23A91A4256,kavya.kulkarni235@apedu.ac.in,2nd Year,CSE (AI & ML),B,4,53.7,41,54,48,56,49,50,53,59,59,17,71,59,58,High Risk
AP2024_1236,Keerthi Gupta,21A91A4257,keerthi.gupta236@apedu.ac.in,4th Year,CSE (AI & ML),C,7,65.2,68,76,58,61,59,73,65,63,55,19,68,62,65,Medium Risk
AP2024_1237,Yamini Prasad,22A91A4258,yamini.prasad237@apedu.ac.in,3rd Year,CSE (AI & ML),D,5,42.7,40,30,32,36,37,48,46,49,42,13,49,50,45,High Risk
AP2024_1238,Sandhya Kumar,24A91A0259,sandhya.kumar238@apedu.ac.in,1st Year,EEE,B,2,68.4,68,54,57,42,50,54,67,61,54,16,64,69,66,Medium Risk
AP2024_1239,Manoj Patel,21A91A0460,manoj.patel239@apedu.ac.in,4th Year,ECE,B,7,73.1,74,53,60,54,69,68,71,72,59,20,71,76,71,Medium Risk
AP2024_1240,Rohit Naidu,22A91A0561,rohit.naidu240@apedu.ac.in,3rd Year,CSE,C,5,75.9,66,54,58,61,48,57,79,75,56,21,87,61,80,Medium Risk
AP2024_1241,Gayatri Varma,21A91A4462,gayatri.varma241@apedu.ac.in,4th Year,CSE (Data Science),B,7,69.9,64,49,67,57,42,51,64,66,45,12,70,58,68,Medium Risk
AP2024_1242,Gayatri Goud,21A91A0163,gayatri.goud242@apedu.ac.in,4th Year,Civil Engineering,C,7,72.6,45,48,51,42,46,59,83,61,50,18,71,50,75,Medium Risk
AP2024_1243,Nikhil Babu,22A91A0464,nikhil.babu243@apedu.ac.in,3rd Year,ECE,B,6,49.3,52,45,35,38,48,35,45,51,45,15,55,41,49,High Risk
AP2024_1244,Pavan Sastry,23A91A1265,pavan.sastry244@apedu.ac.in,2nd Year,Information Technology,D,4,85.4,51,74,64,71,71,72,82,68,60,21,74,80,80,Low Risk
AP2024_1245,Tejaswi Prasad,21A91A0466,tejaswi.prasad245@apedu.ac.in,4th Year,ECE,B,7,76.7,73,77,66,74,67,60,67,74,68,13,69,86,71,Low Risk
AP2024_1246,Kavya Rao,21A91A4267,kavya.rao246@apedu.ac.in,4th Year,CSE (AI & ML),A,8,71.1,80,83,94,73,79,82,78,84,79,14,68,86,72,Medium Risk
AP2024_1247,Tejaswi Naidu,23A91A1268,tejaswi.naidu247@apedu.ac.in,2nd Year,Information Technology,B,4,53.6,84,47,69,62,74,69,54,66,54,11,53,77,53,High Risk
AP2024_1248,Ganesh Naidu,23A91A0369,ganesh.naidu248@apedu.ac.in,2nd Year,Mechanical Engineering,A,4,73.3,85,84,99,81,97,80,78,79,82,17,73,91,74,Low Risk
AP2024_1249,Deepika Rao,21A91A0470,deepika.rao249@apedu.ac.in,4th Year,ECE,D,8,82.7,89,85,92,87,94,87,78,94,90,19,85,98,81,Low Risk
AP2024_1250,Rahul Kumar,23A91A0371,rahul.kumar250@apedu.ac.in,2nd Year,Mechanical Engineering,A,3,51.6,54,53,46,29,62,38,45,45,44,9,55,71,50,High Risk
AP2024_1251,Charan Varma,23A91A0272,charan.varma251@apedu.ac.in,2nd Year,EEE,D,3,70.8,61,47,28,27,59,57,61,54,43,18,59,59,64,Medium Risk
AP2024_1252,Divya Somayajulu,21A91A0573,divya.somayajulu252@apedu.ac.in,4th Year,CSE,A,8,75.2,49,66,42,36,57,57,75,76,52,19,88,70,78,Medium Risk
AP2024_1253,Venkata Raju,23A91A0174,venkata.raju253@apedu.ac.in,2nd Year,Civil Engineering,A,3,38.0,43,36,46,45,48,35,36,50,39,10,36,51,36,High Risk
AP2024_1254,Tejaswi Verma,22A91A0575,tejaswi.verma254@apedu.ac.in,3rd Year,CSE,B,5,70.2,66,63,54,64,65,72,71,72,59,18,74,63,71,Medium Risk
AP2024_1255,Deepika Yadav,21A91A4276,deepika.yadav255@apedu.ac.in,4th Year,CSE (AI & ML),D,7,65.2,63,44,58,37,49,50,62,54,35,16,53,54,60,Medium Risk
AP2024_1256,Ramesh Joshi,24A91A4477,ramesh.joshi256@apedu.ac.in,1st Year,CSE (Data Science),C,1,74.9,67,66,78,80,61,55,70,66,66,11,70,77,71,Low Risk
AP2024_1257,Ganesh Reddy,22A91A0178,ganesh.reddy257@apedu.ac.in,3rd Year,Civil Engineering,B,5,63.5,62,73,83,72,66,62,68,66,66,15,51,77,61,Medium Risk
AP2024_1258,Rahul Mishra,22A91A0579,rahul.mishra258@apedu.ac.in,3rd Year,CSE,D,5,65.3,58,62,73,64,68,73,54,70,53,11,50,72,57,Medium Risk
AP2024_1259,Sravani Rao,21A91A0280,sravani.rao259@apedu.ac.in,4th Year,EEE,A,8,87.8,73,56,59,52,63,73,88,73,66,22,94,69,89,Low Risk
AP2024_1260,Keerthi Naidu,22A91A4281,keerthi.naidu260@apedu.ac.in,3rd Year,CSE (AI & ML),C,5,44.3,45,50,42,40,33,48,37,46,37,9,33,41,38,High Risk
AP2024_1261,Divya Rao,22A91A4482,divya.rao261@apedu.ac.in,3rd Year,CSE (Data Science),D,6,74.5,73,60,63,66,57,53,73,66,53,15,71,69,72,Medium Risk
AP2024_1262,Sravani Yadav,23A91A4283,sravani.yadav262@apedu.ac.in,2nd Year,CSE (AI & ML),D,3,87.1,61,57,56,49,65,83,72,65,53,17,76,71,79,Medium Risk
AP2024_1263,Karthik Gupta,23A91A0484,karthik.gupta263@apedu.ac.in,2nd Year,ECE,A,3,38.0,56,71,43,51,55,52,34,63,48,8,44,73,38,High Risk
AP2024_1264,Sireesha Gupta,21A91A0285,sireesha.gupta264@apedu.ac.in,4th Year,EEE,A,8,56.6,36,55,54,66,46,55,46,41,53,12,59,56,54,High Risk
AP2024_1265,Bhavya Gupta,22A91A0386,bhavya.gupta265@apedu.ac.in,3rd Year,Mechanical Engineering,C,5,89.9,53,62,35,29,55,44,72,68,42,19,78,64,80,Medium Risk
AP2024_1266,Suresh Kumar,21A91A1287,suresh.kumar266@apedu.ac.in,4th Year,Information Technology,D,8,76.9,35,67,49,47,48,64,79,60,40,21,78,55,77,Medium Risk
AP2024_1267,Charan Goud,21A91A0388,charan.goud267@apedu.ac.in,4th Year,Mechanical Engineering,C,8,86.3,58,55,66,56,63,67,76,61,61,20,91,64,84,Medium Risk
AP2024_1268,Rahul Murthy,24A91A4489,rahul.murthy268@apedu.ac.in,1st Year,CSE (Data Science),C,2,44.8,40,49,47,61,34,58,57,47,45,13,48,49,49,High Risk
AP2024_1269,Sireesha Chowdary,24A91A0290,sireesha.chowdary269@apedu.ac.in,1st Year,EEE,C,2,81.3,79,63,93,72,77,68,73,76,62,18,67,79,74,Low Risk
AP2024_1270,Lavanya Chary,21A91A1201,lavanya.chary270@apedu.ac.in,4th Year,Information Technology,C,7,48.7,43,29,48,48,48,43,54,43,48,13,46,51,49,High Risk
AP2024_1271,Lavanya Rao,22A91A0202,lavanya.rao271@apedu.ac.in,3rd Year,EEE,A,6,78.3,73,69,58,69,57,68,64,70,61,14,64,69,69,Low Risk
AP2024_1272,Pooja Kulkarni,21A91A4403,pooja.kulkarni272@apedu.ac.in,4th Year,CSE (Data Science),A,8,62.2,51,57,68,49,49,54,63,52,48,18,77,44,66,Medium Risk
AP2024_1273,Rohit Chary,21A91A4404,rohit.chary273@apedu.ac.in,4th Year,CSE (Data Science),A,7,55.1,54,60,64,60,47,55,56,53,66,13,49,57,53,High Risk
AP2024_1274,Nikhil Yadav,22A91A0105,nikhil.yadav274@apedu.ac.in,3rd Year,Civil Engineering,A,6,61.3,60,61,68,37,73,62,64,64,56,16,61,59,62,Medium Risk
AP2024_1275,Ramesh Varma,21A91A0306,ramesh.varma275@apedu.ac.in,4th Year,Mechanical Engineering,D,8,61.7,63,62,62,58,50,64,56,55,49,13,63,66,60,Medium Risk
AP2024_1276,Pooja Bhatt,23A91A0107,pooja.bhatt276@apedu.ac.in,2nd Year,Civil Engineering,C,4,76.9,80,65,71,69,76,66,80,68,51,21,79,77,78,Medium Risk
AP2024_1277,Varun Verma,24A91A4408,varun.verma277@apedu.ac.in,1st Year,CSE (Data Science),D,1,46.7,52,67,76,59,48,58,41,59,53,6,52,54,46,High Risk
AP2024_1278,Akhil Prasad,24A91A0209,akhil.prasad278@apedu.ac.in,1st Year,EEE,D,2,60.8,63,66,62,45,63,66,65,53,51,17,67,63,63,Medium Risk
AP2024_1279,Manoj Chary,22A91A0410,manoj.chary279@apedu.ac.in,3rd Year,ECE,A,6,84.3,76,72,85,63,60,61,89,84,76,21,92,81,88,Low Risk
AP2024_1280,Divya Naidu,21A91A1211,divya.naidu280@apedu.ac.in,4th Year,Information Technology,A,7,64.0,59,64,59,65,57,60,59,54,61,14,56,51,60,Medium Risk
AP2024_1281,Sireesha Kulkarni,22A91A0212,sireesha.kulkarni281@apedu.ac.in,3rd Year,EEE,C,5,68.3,39,46,57,58,52,60,66,56,45,19,70,62,68,Medium Risk
AP2024_1282,Sneha Somayajulu,23A91A0413,sneha.somayajulu282@apedu.ac.in,2nd Year,ECE,A,4,67.9,47,61,42,39,61,69,79,70,47,18,72,58,72,Medium Risk
AP2024_1283,Bhavya Varma,23A91A0514,bhavya.varma283@apedu.ac.in,2nd Year,CSE,C,4,59.3,59,45,60,49,62,59,68,65,58,12,54,52,60,Medium Risk
AP2024_1284,Yamini Bhatt,22A91A4415,yamini.bhatt284@apedu.ac.in,3rd Year,CSE (Data Science),A,6,66.0,55,53,70,64,56,58,66,57,67,17,64,56,65,Medium Risk
AP2024_1285,Pooja Gupta,21A91A0116,pooja.gupta285@apedu.ac.in,4th Year,Civil Engineering,D,8,76.8,68,74,83,80,59,68,74,65,69,19,77,70,76,Low Risk
AP2024_1286,Naresh Naidu,23A91A4217,naresh.naidu286@apedu.ac.in,2nd Year,CSE (AI & ML),D,4,84.0,54,45,65,68,58,60,86,72,50,23,92,60,86,Medium Risk
AP2024_1287,Mahesh Kulkarni,22A91A4418,mahesh.kulkarni287@apedu.ac.in,3rd Year,CSE (Data Science),B,5,87.4,49,63,56,47,67,72,94,65,46,24,90,60,90,Medium Risk
AP2024_1288,Ganesh Mishra,24A91A4419,ganesh.mishra288@apedu.ac.in,1st Year,CSE (Data Science),C,1,46.6,75,72,70,62,66,69,49,52,62,11,40,63,45,High Risk
AP2024_1289,Sneha Goud,22A91A0320,sneha.goud289@apedu.ac.in,3rd Year,Mechanical Engineering,C,5,62.1,64,62,70,75,41,63,58,64,68,10,66,66,62,Medium Risk
AP2024_1290,Rahul Raju,23A91A4421,rahul.raju290@apedu.ac.in,2nd Year,CSE (Data Science),C,4,80.5,75,63,55,57,75,66,68,78,52,19,89,65,79,Low Risk
AP2024_1291,Gayatri Joshi,24A91A4422,gayatri.joshi291@apedu.ac.in,1st Year,CSE (Data Science),B,1,70.9,87,69,59,43,67,67,73,72,63,20,73,79,72,Medium Risk
AP2024_1292,Gayatri Chary,22A91A0523,gayatri.chary292@apedu.ac.in,3rd Year,CSE,A,5,62.2,56,51,53,56,54,51,66,54,51,12,66,65,64,Medium Risk
AP2024_1293,Karthik Yadav,22A91A0124,karthik.yadav293@apedu.ac.in,3rd Year,Civil Engineering,A,5,64.9,76,65,76,65,57,73,54,58,66,12,60,64,60,Medium Risk
AP2024_1294,Ravi Yadav,22A91A1225,ravi.yadav294@apedu.ac.in,3rd Year,Information Technology,B,6,65.0,54,45,46,46,57,52,61,48,38,16,67,56,64,Medium Risk
AP2024_1295,Tarun Gupta,21A91A0526,tarun.gupta295@apedu.ac.in,4th Year,CSE,B,7,79.4,69,71,64,64,68,67,69,83,69,16,74,76,74,Low Risk
AP2024_1296,Lavanya Murthy,21A91A0427,lavanya.murthy296@apedu.ac.in,4th Year,ECE,C,8,77.0,47,67,78,85,72,63,75,69,67,18,73,80,75,Medium Risk
AP2024_1297,Ramesh Varma,22A91A0328,ramesh.varma297@apedu.ac.in,3rd Year,Mechanical Engineering,D,6,61.8,61,58,56,65,52,59,61,56,55,18,69,66,63,Medium Risk
AP2024_1298,Divya Kumar,24A91A0429,divya.kumar298@apedu.ac.in,1st Year,ECE,D,2,62.7,73,64,54,39,63,65,65,57,56,16,53,58,60,Medium Risk
AP2024_1299,Suresh Raju,21A91A4430,suresh.raju299@apedu.ac.in,4th Year,CSE (Data Science),A,7,80.0,77,80,54,55,82,65,62,78,65,17,81,71,74,Low Risk
AP2024_1300,Ananya Gupta,21A91A0431,ananya.gupta300@apedu.ac.in,4th Year,ECE,B,8,72.7,89,82,90,83,86,78,60,85,66,15,53,81,62,Low Risk
AP2024_1301,Sireesha Bhatt,22A91A4432,sireesha.bhatt301@apedu.ac.in,3rd Year,CSE (Data Science),D,5,60.6,55,71,62,71,62,72,56,73,54,15,63,74,59,Medium Risk
AP2024_1302,Sandhya Babu,21A91A1233,sandhya.babu302@apedu.ac.in,4th Year,Information Technology,A,8,65.6,73,71,68,64,71,68,63,76,57,14,57,81,62,Medium Risk
AP2024_1303,Rahul Prasad,21A91A0434,rahul.prasad303@apedu.ac.in,4th Year,ECE,C,7,64.6,65,62,85,66,69,75,72,80,67,19,70,64,68,Medium Risk
AP2024_1304,Ananya Rao,22A91A1235,ananya.rao304@apedu.ac.in,3rd Year,Information Technology,C,6,58.0,62,78,71,69,66,63,69,62,58,23,73,61,65,High Risk
AP2024_1305,Chaitanya Reddy,24A91A4436,chaitanya.reddy305@apedu.ac.in,1st Year,CSE (Data Science),C,2,53.5,54,68,91,64,57,49,44,49,64,12,49,58,49,High Risk
AP2024_1306,Srikanth Prasad,22A91A0137,srikanth.prasad306@apedu.ac.in,3rd Year,Civil Engineering,A,5,80.4,74,88,70,67,79,70,78,76,68,22,87,76,81,Low Risk
AP2024_1307,Naresh Joshi,23A91A0238,naresh.joshi307@apedu.ac.in,2nd Year,EEE,A,4,63.2,36,39,34,39,50,43,51,51,33,15,53,46,56,High Risk
AP2024_1308,Manasa Mishra,21A91A4239,manasa.mishra308@apedu.ac.in,4th Year,CSE (AI & ML),B,8,63.9,70,81,87,91,71,74,75,75,69,18,74,73,70,Medium Risk
AP2024_1309,Harika Prasad,22A91A0340,harika.prasad309@apedu.ac.in,3rd Year,Mechanical Engineering,B,6,77.1,62,54,46,42,60,62,62,60,48,12,77,56,72,Medium Risk
AP2024_1310,Bhavya Chary,21A91A0541,bhavya.chary310@apedu.ac.in,4th Year,CSE,A,7,77.5,88,91,87,86,87,82,73,81,85,17,77,87,75,Low Risk
AP2024_1311,Divya Somayajulu,22A91A1242,divya.somayajulu311@apedu.ac.in,3rd Year,Information Technology,B,6,58.6,56,65,50,45,67,68,56,53,40,14,51,54,55,Medium Risk
AP2024_1312,Ramesh Mishra,23A91A0343,ramesh.mishra312@apedu.ac.in,2nd Year,Mechanical Engineering,B,4,75.0,86,73,82,79,86,71,71,77,88,13,62,70,69,Low Risk
AP2024_1313,Tarun Chary,22A91A1244,tarun.chary313@apedu.ac.in,3rd Year,Information Technology,C,6,72.7,93,54,72,59,59,51,73,72,54,19,78,74,74,Medium Risk
AP2024_1314,Sravani Reddy,22A91A4245,sravani.reddy314@apedu.ac.in,3rd Year,CSE (AI & ML),D,6,80.6,55,49,57,32,71,59,72,60,45,18,68,59,74,Medium Risk
AP2024_1315,Swathi Gupta,24A91A0246,swathi.gupta315@apedu.ac.in,1st Year,EEE,B,2,49.9,83,90,73,78,80,77,64,88,69,12,59,92,56,High Risk
AP2024_1316,Ananya Bhatt,21A91A0147,ananya.bhatt316@apedu.ac.in,4th Year,Civil Engineering,B,7,50.9,74,61,45,57,58,64,50,63,53,10,52,60,50,High Risk
AP2024_1317,Nikhil Rao,24A91A0548,nikhil.rao317@apedu.ac.in,1st Year,CSE,D,1,70.2,81,56,68,70,66,68,77,71,64,16,66,68,70,Medium Risk
AP2024_1318,Sireesha Murthy,23A91A0449,sireesha.murthy318@apedu.ac.in,2nd Year,ECE,D,4,55.0,75,76,71,56,62,60,45,68,76,12,50,68,50,High Risk
AP2024_1319,Sandhya Chary,21A91A4450,sandhya.chary319@apedu.ac.in,4th Year,CSE (Data Science),B,7,50.3,79,57,63,66,50,54,57,69,61,13,48,67,51,High Risk
AP2024_1320,Yamini Patel,21A91A0351,yamini.patel320@apedu.ac.in,4th Year,Mechanical Engineering,B,8,66.0,70,88,64,59,54,66,72,80,58,18,62,64,66,Medium Risk
AP2024_1321,Mahesh Joshi,22A91A0252,mahesh.joshi321@apedu.ac.in,3rd Year,EEE,D,6,64.3,44,47,46,43,49,55,67,57,46,15,66,46,65,Medium Risk
AP2024_1322,Bhavya Verma,22A91A0453,bhavya.verma322@apedu.ac.in,3rd Year,ECE,C,6,74.3,76,64,81,79,69,69,75,77,69,18,72,86,73,Low Risk
AP2024_1323,Tejaswi Somayajulu,23A91A0354,tejaswi.somayajulu323@apedu.ac.in,2nd Year,Mechanical Engineering,D,4,59.0,94,54,67,64,47,63,61,72,66,15,61,68,60,Medium Risk
AP2024_1324,Keerthi Joshi,22A91A4255,keerthi.joshi324@apedu.ac.in,3rd Year,CSE (AI & ML),D,6,60.5,45,67,60,41,36,51,56,57,44,11,52,56,56,Medium Risk
AP2024_1325,Tarun Kumar,23A91A0556,tarun.kumar325@apedu.ac.in,2nd Year,CSE,C,4,46.5,85,65,65,67,58,45,43,69,60,11,38,66,42,High Risk
AP2024_1326,Rahul Kumar,21A91A1257,rahul.kumar326@apedu.ac.in,4th Year,Information Technology,B,8,66.3,67,52,71,52,57,59,58,60,58,17,76,65,66,Medium Risk
AP2024_1327,Bhavya Joshi,22A91A4458,bhavya.joshi327@apedu.ac.in,3rd Year,CSE (Data Science),A,6,61.7,66,54,64,85,53,59,64,69,65,13,72,78,65,Medium Risk
AP2024_1328,Gayatri Bhatt,23A91A0559,gayatri.bhatt328@apedu.ac.in,2nd Year,CSE,B,3,70.3,64,58,55,48,45,61,70,64,50,20,57,54,66,Medium Risk
AP2024_1329,Pranavi Rao,24A91A0360,pranavi.rao329@apedu.ac.in,1st Year,Mechanical Engineering,D,2,69.0,60,60,66,58,64,57,82,81,52,17,69,78,72,Medium Risk
AP2024_1330,Harika Kulkarni,23A91A4461,harika.kulkarni330@apedu.ac.in,2nd Year,CSE (Data Science),D,3,69.5,80,93,88,67,74,63,65,61,65,13,51,72,62,Medium Risk
AP2024_1331,Sravani Sastry,23A91A0362,sravani.sastry331@apedu.ac.in,2nd Year,Mechanical Engineering,C,4,85.6,64,69,47,40,65,75,81,56,47,20,87,71,84,Medium Risk
AP2024_1332,Ananya Naidu,23A91A4463,ananya.naidu332@apedu.ac.in,2nd Year,CSE (Data Science),D,3,84.4,65,69,75,63,73,66,75,66,57,20,77,70,79,Medium Risk
AP2024_1333,Aditya Rao,21A91A4464,aditya.rao333@apedu.ac.in,4th Year,CSE (Data Science),C,8,68.5,55,59,54,51,45,67,71,63,49,17,60,58,66,Medium Risk
AP2024_1334,Karthik Reddy,22A91A0365,karthik.reddy334@apedu.ac.in,3rd Year,Mechanical Engineering,C,5,47.7,75,56,58,51,53,55,51,54,57,11,47,57,48,High Risk
AP2024_1335,Mahesh Yadav,21A91A1266,mahesh.yadav335@apedu.ac.in,4th Year,Information Technology,C,7,87.8,66,66,71,63,74,65,93,62,57,18,75,61,85,Low Risk
AP2024_1336,Bhavya Chowdary,22A91A1267,bhavya.chowdary336@apedu.ac.in,3rd Year,Information Technology,C,5,72.7,51,58,78,63,74,53,65,60,59,15,68,70,68,Medium Risk
AP2024_1337,Aditya Reddy,22A91A0468,aditya.reddy337@apedu.ac.in,3rd Year,ECE,B,6,50.1,78,93,77,82,75,80,35,64,60,9,38,80,41,High Risk
AP2024_1338,Gayatri Yadav,21A91A0369,gayatri.yadav338@apedu.ac.in,4th Year,Mechanical Engineering,A,8,62.8,73,65,47,37,59,69,69,62,52,19,69,61,66,Medium Risk
AP2024_1339,Tarun Kulkarni,24A91A4470,tarun.kulkarni339@apedu.ac.in,1st Year,CSE (Data Science),D,1,79.8,74,68,58,50,48,63,75,70,48,19,76,74,77,Medium Risk
AP2024_1340,Sireesha Verma,24A91A0171,sireesha.verma340@apedu.ac.in,1st Year,Civil Engineering,B,2,85.1,49,56,57,54,59,71,75,68,58,19,72,70,78,Medium Risk
AP2024_1341,Lavanya Raju,22A91A0572,lavanya.raju341@apedu.ac.in,3rd Year,CSE,C,6,58.0,55,70,43,45,43,52,60,69,41,14,63,65,60,High Risk
AP2024_1342,Srikanth Somayajulu,23A91A4273,srikanth.somayajulu342@apedu.ac.in,2nd Year,CSE (AI & ML),D,3,60.6,64,48,68,41,55,60,65,59,52,16,63,68,62,Medium Risk
AP2024_1343,Pavan Goud,21A91A4274,pavan.goud343@apedu.ac.in,4th Year,CSE (AI & ML),C,8,64.2,59,66,55,69,60,59,63,47,62,19,60,63,62,Medium Risk
AP2024_1344,Srikanth Chary,23A91A4475,srikanth.chary344@apedu.ac.in,2nd Year,CSE (Data Science),D,3,63.8,75,42,61,53,49,39,71,64,55,18,60,61,64,Medium Risk
AP2024_1345,Rohit Babu,22A91A1276,rohit.babu345@apedu.ac.in,3rd Year,Information Technology,B,6,73.1,61,66,62,61,62,74,69,70,61,14,75,60,72,Low Risk
AP2024_1346,Nikhil Kulkarni,24A91A0377,nikhil.kulkarni346@apedu.ac.in,1st Year,Mechanical Engineering,A,2,68.9,50,53,66,55,52,65,58,66,53,14,56,58,61,Medium Risk
AP2024_1347,Naresh Chowdary,24A91A4478,naresh.chowdary347@apedu.ac.in,1st Year,CSE (Data Science),B,1,58.4,68,49,65,52,38,71,65,54,59,18,72,52,64,Medium Risk
AP2024_1348,Sireesha Mishra,21A91A0479,sireesha.mishra348@apedu.ac.in,4th Year,ECE,D,7,77.7,74,68,64,48,62,60,80,68,62,16,76,74,77,Medium Risk
AP2024_1349,Rahul Mishra,21A91A1280,rahul.mishra349@apedu.ac.in,4th Year,Information Technology,B,7,59.8,61,43,55,47,62,49,57,74,56,13,54,75,57,Medium Risk
AP2024_1350,Sandhya Murthy,21A91A1281,sandhya.murthy350@apedu.ac.in,4th Year,Information Technology,C,7,58.4,88,67,69,58,72,76,50,72,63,9,65,76,57,Medium Risk
AP2024_1351,Venkata Prasad,22A91A0482,venkata.prasad351@apedu.ac.in,3rd Year,ECE,A,5,68.3,64,56,50,56,60,67,76,71,54,19,69,63,70,Medium Risk
AP2024_1352,Karthik Murthy,22A91A0583,karthik.murthy352@apedu.ac.in,3rd Year,CSE,A,5,70.1,46,63,53,66,58,63,70,58,55,16,62,61,67,Medium Risk
AP2024_1353,Sravani Rao,22A91A4484,sravani.rao353@apedu.ac.in,3rd Year,CSE (Data Science),B,6,68.9,58,65,63,65,59,43,78,73,47,19,83,67,75,Medium Risk
AP2024_1354,Deepika Kumar,21A91A0185,deepika.kumar354@apedu.ac.in,4th Year,Civil Engineering,D,8,80.3,91,70,73,78,76,88,76,80,65,20,78,84,78,Low Risk
AP2024_1355,Rahul Kulkarni,23A91A4286,rahul.kulkarni355@apedu.ac.in,2nd Year,CSE (AI & ML),B,4,59.8,68,53,81,62,75,42,53,57,70,14,41,60,52,Medium Risk
AP2024_1356,Chaitanya Prasad,23A91A0587,chaitanya.prasad356@apedu.ac.in,2nd Year,CSE,A,3,60.1,41,47,66,45,51,56,54,60,41,16,59,66,57,Medium Risk
AP2024_1357,Pavan Babu,21A91A0488,pavan.babu357@apedu.ac.in,4th Year,ECE,B,8,61.9,57,50,59,50,39,65,61,55,59,16,58,62,60,Medium Risk
AP2024_1358,Mahesh Kumar,23A91A0489,mahesh.kumar358@apedu.ac.in,2nd Year,ECE,A,4,78.2,72,53,80,67,84,64,71,71,58,17,76,66,75,Low Risk
AP2024_1359,Karthik Kulkarni,21A91A0490,karthik.kulkarni359@apedu.ac.in,4th Year,ECE,B,7,69.4,64,60,60,61,73,59,68,69,53,17,73,69,70,Medium Risk
AP2024_1360,Pooja Chowdary,24A91A0501,pooja.chowdary360@apedu.ac.in,1st Year,CSE,B,2,72.4,39,35,46,53,37,52,67,60,38,18,71,50,70,High Risk
AP2024_1361,Karthik Prasad,21A91A0402,karthik.prasad361@apedu.ac.in,4th Year,ECE,A,7,69.9,63,62,72,65,50,81,72,73,53,16,73,71,71,Medium Risk
AP2024_1362,Divya Mishra,22A91A0303,divya.mishra362@apedu.ac.in,3rd Year,Mechanical Engineering,C,5,67.2,62,83,73,64,69,63,74,57,65,17,56,62,65,Medium Risk
AP2024_1363,Nikhil Gupta,23A91A0104,nikhil.gupta363@apedu.ac.in,2nd Year,Civil Engineering,C,3,70.6,65,58,73,68,62,62,79,76,61,17,88,59,78,Medium Risk
AP2024_1364,Varun Rao,23A91A1205,varun.rao364@apedu.ac.in,2nd Year,Information Technology,A,4,76.1,83,91,68,62,85,69,67,83,72,19,68,86,70,Low Risk
AP2024_1365,Keerthi Yadav,21A91A0106,keerthi.yadav365@apedu.ac.in,4th Year,Civil Engineering,D,8,51.5,66,50,52,38,57,52,47,42,58,12,48,50,49,High Risk
AP2024_1366,Rohit Gupta,21A91A1207,rohit.gupta366@apedu.ac.in,4th Year,Information Technology,B,7,47.1,60,52,95,71,56,61,50,66,55,9,56,60,50,High Risk
AP2024_1367,Pranavi Gupta,23A91A0508,pranavi.gupta367@apedu.ac.in,2nd Year,CSE,D,4,63.1,52,24,37,28,36,41,59,45,32,14,69,42,63,High Risk
AP2024_1368,Deepika Joshi,23A91A0409,deepika.joshi368@apedu.ac.in,2nd Year,ECE,C,4,69.7,69,65,58,34,72,66,53,55,65,12,49,64,58,Medium Risk
AP2024_1369,Manoj Patel,24A91A0310,manoj.patel369@apedu.ac.in,1st Year,Mechanical Engineering,A,2,65.5,28,49,45,24,49,47,70,49,23,17,55,45,63,High Risk
AP2024_1370,Chaitanya Sharma,24A91A0111,chaitanya.sharma370@apedu.ac.in,1st Year,Civil Engineering,A,2,65.4,47,51,59,63,56,53,59,63,40,10,73,61,65,Medium Risk
AP2024_1371,Pooja Sharma,23A91A0412,pooja.sharma371@apedu.ac.in,2nd Year,ECE,C,4,77.3,69,74,84,86,76,64,68,76,57,18,60,88,69,Low Risk
AP2024_1372,Pavan Reddy,23A91A4213,pavan.reddy372@apedu.ac.in,2nd Year,CSE (AI & ML),D,3,62.0,79,54,74,73,73,58,58,56,56,16,42,74,54,Medium Risk
AP2024_1373,Nikhil Somayajulu,23A91A0414,nikhil.somayajulu373@apedu.ac.in,2nd Year,ECE,C,4,83.8,65,75,54,42,75,63,72,74,58,21,77,68,78,Medium Risk
AP2024_1374,Tejaswi Prasad,21A91A0215,tejaswi.prasad374@apedu.ac.in,4th Year,EEE,C,8,71.2,47,57,71,79,67,64,66,59,69,15,66,79,68,Medium Risk
AP2024_1375,Srikanth Mishra,21A91A4216,srikanth.mishra375@apedu.ac.in,4th Year,CSE (AI & ML),D,8,59.0,75,77,85,68,77,77,61,80,62,15,62,82,60,Medium Risk
AP2024_1376,Sireesha Sharma,22A91A0117,sireesha.sharma376@apedu.ac.in,3rd Year,Civil Engineering,A,6,57.3,59,35,48,54,43,52,62,57,52,14,57,58,58,High Risk
AP2024_1377,Naresh Verma,23A91A0218,naresh.verma377@apedu.ac.in,2nd Year,EEE,D,3,72.1,90,79,100,86,81,87,63,69,75,19,71,80,69,Low Risk
AP2024_1378,Tejaswi Varma,23A91A0419,tejaswi.varma378@apedu.ac.in,2nd Year,ECE,D,4,51.0,52,71,76,76,72,80,54,66,61,14,60,69,54,High Risk
AP2024_1379,Naresh Verma,21A91A0220,naresh.verma379@apedu.ac.in,4th Year,EEE,D,8,71.0,57,60,52,47,55,71,64,53,55,16,57,51,64,Medium Risk
AP2024_1380,Ravi Babu,23A91A4421,ravi.babu380@apedu.ac.in,2nd Year,CSE (Data Science),B,4,62.1,61,48,71,65,65,76,60,58,52,18,68,62,63,Medium Risk
AP2024_1381,Chaitanya Sastry,23A91A0522,chaitanya.sastry381@apedu.ac.in,2nd Year,CSE,A,3,83.1,77,62,78,75,75,81,75,77,62,18,73,83,77,Low Risk
AP2024_1382,Ananya Reddy,21A91A0423,ananya.reddy382@apedu.ac.in,4th Year,ECE,A,7,73.6,56,54,41,31,60,75,66,62,41,16,66,63,69,Medium Risk
AP2024_1383,Rohit Reddy,23A91A0324,rohit.reddy383@apedu.ac.in,2nd Year,Mechanical Engineering,A,4,59.8,59,60,73,64,63,56,59,74,54,12,62,75,60,Medium Risk
AP2024_1384,Gayatri Yadav,21A91A0525,gayatri.yadav384@apedu.ac.in,4th Year,CSE,A,8,56.8,53,39,45,53,45,51,57,51,44,11,62,55,58,High Risk
AP2024_1385,Chaitanya Joshi,21A91A0526,chaitanya.joshi385@apedu.ac.in,4th Year,CSE,C,7,69.0,72,58,89,69,58,72,68,68,58,15,56,73,64,Medium Risk
AP2024_1386,Chaitanya Gupta,24A91A4427,chaitanya.gupta386@apedu.ac.in,1st Year,CSE (Data Science),A,2,72.0,63,63,79,67,69,61,78,69,55,17,86,74,78,Low Risk
AP2024_1387,Harika Mishra,23A91A0428,harika.mishra387@apedu.ac.in,2nd Year,ECE,C,3,68.6,57,74,43,43,50,59,63,59,58,15,61,67,64,Medium Risk
AP2024_1388,Keerthi Raju,21A91A0329,keerthi.raju388@apedu.ac.in,4th Year,Mechanical Engineering,D,7,62.7,56,54,56,46,50,82,85,59,59,20,67,63,70,Medium Risk
AP2024_1389,Mahesh Bhatt,23A91A0230,mahesh.bhatt389@apedu.ac.in,2nd Year,EEE,A,3,70.5,50,44,53,51,49,57,69,70,46,15,58,64,66,Medium Risk
AP2024_1390,Karthik Naidu,21A91A0131,karthik.naidu390@apedu.ac.in,4th Year,Civil Engineering,D,8,57.3,63,62,72,63,45,63,67,64,57,17,67,67,63,High Risk
AP2024_1391,Ananya Yadav,24A91A4232,ananya.yadav391@apedu.ac.in,1st Year,CSE (AI & ML),D,1,69.8,64,62,66,43,64,52,58,76,57,16,55,60,61,Medium Risk
AP2024_1392,Ganesh Yadav,22A91A0533,ganesh.yadav392@apedu.ac.in,3rd Year,CSE,B,5,48.9,81,73,74,64,69,66,56,74,69,12,59,74,54,High Risk
AP2024_1393,Manoj Somayajulu,21A91A0534,manoj.somayajulu393@apedu.ac.in,4th Year,CSE,A,8,56.1,59,58,49,49,58,64,60,57,47,14,60,58,58,High Risk
AP2024_1394,Varun Joshi,24A91A0335,varun.joshi394@apedu.ac.in,1st Year,Mechanical Engineering,A,1,65.8,82,80,67,56,63,68,62,73,55,19,67,84,65,Medium Risk
AP2024_1395,Manoj Bhatt,23A91A4236,manoj.bhatt395@apedu.ac.in,2nd Year,CSE (AI & ML),C,4,76.3,49,57,44,28,53,64,83,72,41,22,78,58,78,Medium Risk
AP2024_1396,Sneha Bhatt,23A91A0337,sneha.bhatt396@apedu.ac.in,2nd Year,Mechanical Engineering,D,4,68.2,64,78,72,80,72,82,61,71,65,19,64,78,64,Medium Risk
AP2024_1397,Divya Somayajulu,24A91A0538,divya.somayajulu397@apedu.ac.in,1st Year,CSE,A,2,67.0,69,65,69,64,66,62,70,61,57,15,57,86,64,Medium Risk
AP2024_1398,Ganesh Verma,24A91A0139,ganesh.verma398@apedu.ac.in,1st Year,Civil Engineering,C,2,64.7,39,37,32,41,61,54,77,69,51,19,87,57,75,High Risk
AP2024_1399,Venkata Yadav,22A91A1240,venkata.yadav399@apedu.ac.in,3rd Year,Information Technology,B,6,64.4,67,62,53,52,53,63,64,71,45,15,69,56,65,Medium Risk
AP2024_1400,Keerthi Joshi,21A91A4441,keerthi.joshi400@apedu.ac.in,4th Year,CSE (Data Science),D,8,85.0,79,69,52,37,64,65,88,76,48,18,88,80,86,Medium Risk
AP2024_1401,Rahul Chary,22A91A4242,rahul.chary401@apedu.ac.in,3rd Year,CSE (AI & ML),A,5,59.3,77,65,65,56,63,65,58,53,62,15,61,70,59,Medium Risk
AP2024_1402,Varun Varma,21A91A0143,varun.varma402@apedu.ac.in,4th Year,Civil Engineering,C,7,91.0,49,55,67,51,60,55,95,73,50,21,79,58,88,Medium Risk
AP2024_1403,Srikanth Chowdary,24A91A0244,srikanth.chowdary403@apedu.ac.in,1st Year,EEE,D,1,56.9,44,49,51,28,43,36,58,55,36,12,44,46,53,High Risk
AP2024_1404,Srikanth Raju,24A91A4245,srikanth.raju404@apedu.ac.in,1st Year,CSE (AI & ML),B,1,72.9,38,33,27,20,51,44,73,51,26,20,65,47,70,High Risk
AP2024_1405,Ganesh Babu,21A91A0546,ganesh.babu405@apedu.ac.in,4th Year,CSE,A,7,74.1,49,50,54,49,35,44,80,68,39,18,79,58,77,Medium Risk
AP2024_1406,Keerthi Joshi,24A91A0147,keerthi.joshi406@apedu.ac.in,1st Year,Civil Engineering,A,2,42.1,88,49,65,65,71,58,39,66,66,10,46,62,42,High Risk
AP2024_1407,Tejaswi Murthy,21A91A0448,tejaswi.murthy407@apedu.ac.in,4th Year,ECE,B,7,83.8,67,61,82,83,72,85,85,71,75,20,89,89,85,Low Risk
AP2024_1408,Manasa Goud,23A91A0249,manasa.goud408@apedu.ac.in,2nd Year,EEE,C,4,68.6,58,56,29,30,53,54,69,66,45,15,74,58,70,Medium Risk
AP2024_1409,Ravi Varma,24A91A0150,ravi.varma409@apedu.ac.in,1st Year,Civil Engineering,C,1,66.1,74,66,56,44,64,55,55,64,40,15,68,56,63,Medium Risk
AP2024_1410,Deepika Gupta,21A91A0351,deepika.gupta410@apedu.ac.in,4th Year,Mechanical Engineering,C,7,55.8,70,71,64,62,55,59,55,64,66,14,63,70,57,High Risk
AP2024_1411,Nikhil Yadav,21A91A1252,nikhil.yadav411@apedu.ac.in,4th Year,Information Technology,A,7,84.7,72,60,79,69,74,67,78,83,62,24,84,70,82,Low Risk
AP2024_1412,Divya Gupta,24A91A0353,divya.gupta412@apedu.ac.in,1st Year,Mechanical Engineering,D,2,61.5,58,39,53,63,53,66,56,52,51,10,54,57,57,Medium Risk
AP2024_1413,Charan Babu,22A91A4454,charan.babu413@apedu.ac.in,3rd Year,CSE (Data Science),C,6,51.1,72,88,61,49,72,77,60,72,52,18,55,75,54,High Risk
AP2024_1414,Sireesha Chary,23A91A0355,sireesha.chary414@apedu.ac.in,2nd Year,Mechanical Engineering,B,4,78.0,77,54,64,65,74,47,71,48,62,19,64,63,71,Medium Risk
AP2024_1415,Tarun Patel,22A91A0456,tarun.patel415@apedu.ac.in,3rd Year,ECE,C,6,50.7,56,54,38,36,42,43,43,54,35,13,40,52,45,High Risk
AP2024_1416,Manasa Raju,21A91A4257,manasa.raju416@apedu.ac.in,4th Year,CSE (AI & ML),B,8,85.1,75,48,62,63,60,67,87,63,59,21,82,61,84,Medium Risk
AP2024_1417,Swathi Joshi,23A91A1258,swathi.joshi417@apedu.ac.in,2nd Year,Information Technology,B,3,87.4,51,29,63,47,48,52,86,68,49,22,91,63,88,Medium Risk
AP2024_1418,Lavanya Gupta,24A91A1259,lavanya.gupta418@apedu.ac.in,1st Year,Information Technology,B,2,78.9,60,60,62,55,67,72,72,69,57,19,71,69,74,Low Risk
AP2024_1419,Pavan Verma,22A91A0160,pavan.verma419@apedu.ac.in,3rd Year,Civil Engineering,D,5,66.5,50,33,50,52,53,39,57,58,44,13,59,38,61,Medium Risk
AP2024_1420,Pooja Babu,21A91A0161,pooja.babu420@apedu.ac.in,4th Year,Civil Engineering,A,8,55.1,56,68,70,74,57,40,56,65,59,13,62,70,57,High Risk
AP2024_1421,Srikanth Somayajulu,24A91A0462,srikanth.somayajulu421@apedu.ac.in,1st Year,ECE,C,1,85.5,84,67,65,51,84,85,78,76,60,15,78,80,81,Low Risk
AP2024_1422,Sneha Yadav,24A91A0363,sneha.yadav422@apedu.ac.in,1st Year,Mechanical Engineering,D,2,95.3,70,56,58,48,62,62,80,70,53,16,66,81,81,Medium Risk
AP2024_1423,Harika Reddy,24A91A0464,harika.reddy423@apedu.ac.in,1st Year,ECE,B,2,61.5,67,61,83,77,59,65,78,53,66,13,71,77,69,Medium Risk
AP2024_1424,Lavanya Kumar,21A91A4465,lavanya.kumar424@apedu.ac.in,4th Year,CSE (Data Science),C,8,63.7,68,82,69,75,76,77,60,81,67,15,47,81,57,Medium Risk
AP2024_1425,Venkata Sastry,24A91A0166,venkata.sastry425@apedu.ac.in,1st Year,Civil Engineering,A,2,73.1,76,62,70,72,61,64,72,78,72,13,57,71,67,Medium Risk
AP2024_1426,Suresh Varma,22A91A0367,suresh.varma426@apedu.ac.in,3rd Year,Mechanical Engineering,D,6,44.4,52,56,44,39,40,56,47,50,31,17,48,49,46,High Risk
AP2024_1427,Manoj Mishra,21A91A1268,manoj.mishra427@apedu.ac.in,4th Year,Information Technology,A,8,54.4,58,44,32,38,35,35,51,45,37,11,62,47,55,High Risk
AP2024_1428,Lavanya Somayajulu,21A91A4269,lavanya.somayajulu428@apedu.ac.in,4th Year,CSE (AI & ML),C,8,74.9,38,49,47,38,47,71,66,74,44,15,75,58,72,Medium Risk
AP2024_1429,Karthik Somayajulu,24A91A0370,karthik.somayajulu429@apedu.ac.in,1st Year,Mechanical Engineering,A,1,52.0,71,97,89,84,77,70,59,73,87,12,54,97,54,High Risk
AP2024_1430,Sneha Verma,23A91A0371,sneha.verma430@apedu.ac.in,2nd Year,Mechanical Engineering,D,3,90.2,55,70,71,50,61,57,78,74,52,18,78,70,82,Medium Risk
AP2024_1431,Mahesh Verma,21A91A4472,mahesh.verma431@apedu.ac.in,4th Year,CSE (Data Science),D,7,65.4,59,79,51,45,62,72,85,60,58,16,67,66,71,Medium Risk
AP2024_1432,Tarun Reddy,23A91A0173,tarun.reddy432@apedu.ac.in,2nd Year,Civil Engineering,D,4,58.1,55,47,59,49,53,43,53,51,44,10,60,47,57,High Risk
AP2024_1433,Sai Somayajulu,23A91A0274,sai.somayajulu433@apedu.ac.in,2nd Year,EEE,A,3,91.5,84,58,77,67,54,68,81,55,54,18,77,66,84,Low Risk
AP2024_1434,Naresh Chowdary,23A91A0375,naresh.chowdary434@apedu.ac.in,2nd Year,Mechanical Engineering,B,4,53.5,61,62,70,75,53,54,48,58,65,15,55,70,52,High Risk
AP2024_1435,Mahesh Chowdary,22A91A0376,mahesh.chowdary435@apedu.ac.in,3rd Year,Mechanical Engineering,D,6,70.3,56,58,35,20,44,49,70,60,52,22,76,68,71,High Risk
AP2024_1436,Gayatri Prasad,24A91A0377,gayatri.prasad436@apedu.ac.in,1st Year,Mechanical Engineering,D,2,77.1,81,71,71,66,78,63,72,86,74,17,72,85,74,Low Risk
AP2024_1437,Gayatri Goud,22A91A4478,gayatri.goud437@apedu.ac.in,3rd Year,CSE (Data Science),C,5,93.1,82,61,67,50,63,59,94,73,59,16,74,77,87,Low Risk
AP2024_1438,Suresh Verma,22A91A4479,suresh.verma438@apedu.ac.in,3rd Year,CSE (Data Science),C,5,78.6,72,76,76,76,59,80,79,82,70,20,84,88,80,Low Risk
AP2024_1439,Rohit Mishra,21A91A4480,rohit.mishra439@apedu.ac.in,4th Year,CSE (Data Science),D,8,89.2,88,81,78,71,71,89,87,94,61,21,91,82,89,Low Risk
AP2024_1440,Ganesh Goud,21A91A4481,ganesh.goud440@apedu.ac.in,4th Year,CSE (Data Science),D,7,77.6,80,68,63,66,64,85,80,66,57,16,66,68,74,Low Risk
AP2024_1441,Tejaswi Varma,23A91A1282,tejaswi.varma441@apedu.ac.in,2nd Year,Information Technology,A,4,69.6,66,66,72,54,57,74,67,75,60,13,68,74,68,Medium Risk
AP2024_1442,Keerthi Reddy,21A91A0483,keerthi.reddy442@apedu.ac.in,4th Year,ECE,D,7,84.4,67,60,54,53,51,58,71,74,40,18,79,71,78,Medium Risk
AP2024_1443,Yamini Mishra,21A91A1284,yamini.mishra443@apedu.ac.in,4th Year,Information Technology,D,8,89.3,73,51,58,53,64,54,81,61,43,23,88,60,86,Medium Risk
AP2024_1444,Lavanya Sastry,23A91A0585,lavanya.sastry444@apedu.ac.in,2nd Year,CSE,B,3,77.4,78,49,74,89,64,61,71,69,64,23,69,72,72,Low Risk
AP2024_1445,Tejaswi Rao,22A91A0286,tejaswi.rao445@apedu.ac.in,3rd Year,EEE,B,5,53.1,73,67,60,69,58,74,59,79,58,15,46,68,52,High Risk
AP2024_1446,Mahesh Bhatt,21A91A4287,mahesh.bhatt446@apedu.ac.in,4th Year,CSE (AI & ML),C,7,58.2,40,60,58,55,65,55,57,63,52,14,65,59,59,Medium Risk
AP2024_1447,Chaitanya Kumar,24A91A0488,chaitanya.kumar447@apedu.ac.in,1st Year,ECE,D,2,60.5,60,38,57,54,57,60,47,67,45,18,40,63,50,Medium Risk
AP2024_1448,Harika Yadav,23A91A0589,harika.yadav448@apedu.ac.in,2nd Year,CSE,D,4,75.7,51,51,48,47,56,65,69,59,47,15,82,71,75,Medium Risk
AP2024_1449,Kavya Kumar,24A91A4290,kavya.kumar449@apedu.ac.in,1st Year,CSE (AI & ML),B,2,68.0,81,74,90,89,63,67,65,75,70,17,66,81,66,Medium Risk
AP2024_1450,Manoj Bhatt,22A91A4401,manoj.bhatt450@apedu.ac.in,3rd Year,CSE (Data Science),B,6,64.2,49,64,68,60,72,73,75,72,57,23,71,79,69,Medium Risk
AP2024_1451,Manoj Sharma,24A91A0202,manoj.sharma451@apedu.ac.in,1st Year,EEE,B,2,77.4,67,76,69,50,72,83,69,59,59,15,59,69,69,Medium Risk
AP2024_1452,Sireesha Somayajulu,22A91A0203,sireesha.somayajulu452@apedu.ac.in,3rd Year,EEE,A,6,80.6,43,88,59,53,53,66,85,71,59,18,92,62,85,Medium Risk
AP2024_1453,Divya Murthy,24A91A4404,divya.murthy453@apedu.ac.in,1st Year,CSE (Data Science),B,2,74.7,71,56,59,62,62,61,73,75,53,22,74,72,73,Medium Risk
AP2024_1454,Nikhil Varma,22A91A0105,nikhil.varma454@apedu.ac.in,3rd Year,Civil Engineering,D,5,56.9,50,56,49,41,45,39,64,58,46,11,57,47,59,High Risk
AP2024_1455,Rohit Bhatt,22A91A0106,rohit.bhatt455@apedu.ac.in,3rd Year,Civil Engineering,D,6,69.8,54,60,44,53,56,70,59,55,49,15,62,64,64,Medium Risk
AP2024_1456,Pooja Yadav,24A91A0207,pooja.yadav456@apedu.ac.in,1st Year,EEE,C,2,99.5,51,67,70,67,59,41,85,64,52,21,94,66,93,Medium Risk
AP2024_1457,Mahesh Sastry,22A91A4208,mahesh.sastry457@apedu.ac.in,3rd Year,CSE (AI & ML),D,5,54.1,49,54,49,50,26,61,62,49,37,16,50,54,55,High Risk
AP2024_1458,Keerthi Naidu,21A91A0109,keerthi.naidu458@apedu.ac.in,4th Year,Civil Engineering,B,7,41.4,72,41,66,66,55,51,45,61,60,14,37,69,41,High Risk
AP2024_1459,Ravi Raju,22A91A0310,ravi.raju459@apedu.ac.in,3rd Year,Mechanical Engineering,B,6,86.3,62,50,52,45,34,52,74,51,48,17,80,58,80,Medium Risk
AP2024_1460,Naresh Sastry,22A91A0511,naresh.sastry460@apedu.ac.in,3rd Year,CSE,A,5,53.8,70,55,48,42,63,66,60,60,50,11,49,54,54,High Risk
AP2024_1461,Mahesh Reddy,24A91A1212,mahesh.reddy461@apedu.ac.in,1st Year,Information Technology,D,1,85.8,66,52,75,51,53,63,79,62,44,18,83,65,82,Medium Risk
AP2024_1462,Sai Murthy,23A91A0213,sai.murthy462@apedu.ac.in,2nd Year,EEE,B,3,81.8,74,60,67,59,70,66,79,75,66,20,81,80,80,Low Risk
AP2024_1463,Varun Naidu,22A91A4214,varun.naidu463@apedu.ac.in,3rd Year,CSE (AI & ML),C,6,67.4,52,61,54,42,54,52,64,51,59,12,72,53,67,Medium Risk
AP2024_1464,Sneha Rao,21A91A0415,sneha.rao464@apedu.ac.in,4th Year,ECE,D,8,91.6,53,31,70,63,42,56,83,57,48,21,82,49,86,Medium Risk
AP2024_1465,Rahul Somayajulu,24A91A0416,rahul.somayajulu465@apedu.ac.in,1st Year,ECE,D,1,74.8,35,33,47,45,41,50,76,52,38,16,75,46,75,High Risk
AP2024_1466,Pooja Varma,23A91A0517,pooja.varma466@apedu.ac.in,2nd Year,CSE,A,4,99.5,99,81,96,96,84,84,100,85,88,27,90,88,96,Low Risk
AP2024_1467,Charan Chowdary,21A91A1218,charan.chowdary467@apedu.ac.in,4th Year,Information Technology,A,7,75.2,57,45,45,62,49,58,75,61,52,17,72,67,74,Medium Risk
AP2024_1468,Pranavi Prasad,24A91A4219,pranavi.prasad468@apedu.ac.in,1st Year,CSE (AI & ML),C,1,84.6,58,50,73,58,58,57,82,62,51,24,69,67,79,Medium Risk
AP2024_1469,Srikanth Gupta,23A91A4420,srikanth.gupta469@apedu.ac.in,2nd Year,CSE (Data Science),B,4,78.2,69,61,58,50,83,46,77,82,60,18,73,76,76,Medium Risk
AP2024_1470,Pooja Mishra,24A91A1221,pooja.mishra470@apedu.ac.in,1st Year,Information Technology,C,1,47.3,47,70,70,62,44,38,45,61,53,8,36,42,43,High Risk
AP2024_1471,Manoj Yadav,23A91A1222,manoj.yadav471@apedu.ac.in,2nd Year,Information Technology,B,4,54.5,63,62,81,59,48,72,53,65,55,13,48,68,52,High Risk
AP2024_1472,Rahul Chowdary,23A91A0123,rahul.chowdary472@apedu.ac.in,2nd Year,Civil Engineering,C,3,42.1,54,63,63,66,54,50,37,57,66,10,45,58,41,High Risk
AP2024_1473,Ganesh Patel,23A91A0224,ganesh.patel473@apedu.ac.in,2nd Year,EEE,A,3,64.1,46,42,37,22,35,55,61,53,25,14,63,48,62,High Risk
AP2024_1474,Nikhil Joshi,22A91A0225,nikhil.joshi474@apedu.ac.in,3rd Year,EEE,B,5,56.9,88,58,68,45,69,63,53,78,64,15,55,76,55,High Risk
AP2024_1475,Akhil Chary,23A91A0226,akhil.chary475@apedu.ac.in,2nd Year,EEE,A,4,54.5,70,70,61,52,63,75,54,57,52,16,59,76,55,High Risk
AP2024_1476,Nikhil Sastry,21A91A0427,nikhil.sastry476@apedu.ac.in,4th Year,ECE,D,7,68.7,55,53,53,47,58,62,45,58,47,14,64,72,60,Medium Risk
AP2024_1477,Ramesh Naidu,24A91A0328,ramesh.naidu477@apedu.ac.in,1st Year,Mechanical Engineering,B,2,78.6,66,60,61,81,75,80,87,65,65,22,79,80,81,Low Risk
AP2024_1478,Manasa Bhatt,21A91A4429,manasa.bhatt478@apedu.ac.in,4th Year,CSE (Data Science),D,8,91.9,73,55,90,60,73,69,80,81,61,18,72,69,82,Low Risk
AP2024_1479,Pooja Reddy,24A91A0230,pooja.reddy479@apedu.ac.in,1st Year,EEE,B,1,66.9,56,46,63,68,32,57,54,63,50,13,56,51,59,Medium Risk
AP2024_1480,Karthik Rao,21A91A0131,karthik.rao480@apedu.ac.in,4th Year,Civil Engineering,D,8,71.0,75,53,83,76,69,65,71,74,43,18,74,74,71,Medium Risk
AP2024_1481,Tarun Naidu,23A91A4232,tarun.naidu481@apedu.ac.in,2nd Year,CSE (AI & ML),C,4,60.5,76,69,63,57,61,66,56,74,59,18,64,73,60,Medium Risk
AP2024_1482,Rahul Mishra,23A91A0333,rahul.mishra482@apedu.ac.in,2nd Year,Mechanical Engineering,D,3,58.3,61,75,66,56,63,75,53,61,54,14,57,74,56,Medium Risk
AP2024_1483,Swathi Yadav,24A91A0134,swathi.yadav483@apedu.ac.in,1st Year,Civil Engineering,B,2,83.8,74,49,60,53,72,64,75,76,48,19,69,60,76,Low Risk
AP2024_1484,Ananya Verma,24A91A4235,ananya.verma484@apedu.ac.in,1st Year,CSE (AI & ML),D,2,83.7,69,50,70,88,69,68,77,73,62,18,69,68,77,Low Risk
AP2024_1485,Gayatri Chary,24A91A4436,gayatri.chary485@apedu.ac.in,1st Year,CSE (Data Science),A,2,71.9,79,65,67,69,56,62,62,59,76,15,64,61,66,Medium Risk
AP2024_1486,Sai Somayajulu,23A91A4437,sai.somayajulu486@apedu.ac.in,2nd Year,CSE (Data Science),D,3,71.8,79,60,100,92,84,82,74,76,78,20,84,86,76,Medium Risk
AP2024_1487,Keerthi Mishra,22A91A0338,keerthi.mishra487@apedu.ac.in,3rd Year,Mechanical Engineering,B,5,58.0,81,91,74,70,67,66,53,67,76,12,53,74,54,High Risk
AP2024_1488,Varun Chowdary,24A91A0139,varun.chowdary488@apedu.ac.in,1st Year,Civil Engineering,C,2,66.5,51,35,55,42,46,48,64,57,40,18,54,60,61,High Risk
AP2024_1489,Akhil Naidu,22A91A1240,akhil.naidu489@apedu.ac.in,3rd Year,Information Technology,D,5,53.5,72,72,79,68,61,61,48,71,69,11,46,73,49,High Risk
AP2024_1490,Sandhya Kumar,24A91A4441,sandhya.kumar490@apedu.ac.in,1st Year,CSE (Data Science),C,2,83.6,67,80,75,74,71,77,78,82,66,20,83,79,81,Low Risk
AP2024_1491,Sneha Raju,24A91A0442,sneha.raju491@apedu.ac.in,1st Year,ECE,A,1,70.6,76,60,54,46,56,76,63,66,57,15,73,60,69,Medium Risk
AP2024_1492,Karthik Reddy,23A91A1243,karthik.reddy492@apedu.ac.in,2nd Year,Information Technology,C,3,41.1,52,42,36,32,40,58,57,47,43,15,65,61,53,High Risk
AP2024_1493,Manasa Varma,23A91A0144,manasa.varma493@apedu.ac.in,2nd Year,Civil Engineering,B,3,80.7,93,88,86,70,80,87,63,81,78,13,57,96,68,Low Risk
AP2024_1494,Sireesha Verma,21A91A0245,sireesha.verma494@apedu.ac.in,4th Year,EEE,A,8,69.2,60,61,51,64,64,55,63,60,49,18,58,74,63,Medium Risk
AP2024_1495,Naresh Kumar,24A91A4446,naresh.kumar495@apedu.ac.in,1st Year,CSE (Data Science),B,1,70.8,82,76,79,70,75,67,68,71,67,16,72,74,70,Medium Risk
AP2024_1496,Akhil Rao,21A91A1247,akhil.rao496@apedu.ac.in,4th Year,Information Technology,C,7,75.3,86,78,71,70,64,82,87,79,75,23,78,83,79,Low Risk
AP2024_1497,Pavan Patel,24A91A0548,pavan.patel497@apedu.ac.in,1st Year,CSE,C,2,99.5,52,52,32,34,43,69,100,69,41,24,85,49,95,Medium Risk
AP2024_1498,Bhavya Gupta,22A91A1249,bhavya.gupta498@apedu.ac.in,3rd Year,Information Technology,C,5,64.9,77,51,60,49,67,48,58,54,53,17,53,65,59,Medium Risk
AP2024_1499,Swathi Sastry,23A91A4450,swathi.sastry499@apedu.ac.in,2nd Year,CSE (Data Science),A,3,94.9,59,63,63,47,68,67,76,63,52,22,80,68,84,Medium Risk
AP2024_1500,Deepika Reddy,23A91A0551,deepika.reddy500@apedu.ac.in,2nd Year,CSE,C,4,63.1,70,61,77,82,68,55,70,65,60,14,60,75,64,Medium Risk
AP2024_1501,Sai Kulkarni,21A91A4252,sai.kulkarni501@apedu.ac.in,4th Year,CSE (AI & ML),B,8,64.2,68,73,64,55,67,58,65,63,60,17,69,64,65,Medium Risk
AP2024_1502,Akhil Verma,21A91A0553,akhil.verma502@apedu.ac.in,4th Year,CSE,B,8,77.6,50,44,37,20,51,45,64,48,39,17,47,56,64,High Risk
AP2024_1503,Varun Naidu,24A91A0154,varun.naidu503@apedu.ac.in,1st Year,Civil Engineering,C,1,77.5,68,96,80,71,74,64,82,85,75,23,67,80,75,Low Risk
AP2024_1504,Mahesh Naidu,24A91A0155,mahesh.naidu504@apedu.ac.in,1st Year,Civil Engineering,A,1,64.4,48,54,46,43,48,56,63,59,46,15,65,49,64,Medium Risk
AP2024_1505,Swathi Bhatt,24A91A4456,swathi.bhatt505@apedu.ac.in,1st Year,CSE (Data Science),B,2,80.2,53,59,65,50,48,41,73,60,58,19,71,62,75,Medium Risk
AP2024_1506,Tejaswi Raju,22A91A0357,tejaswi.raju506@apedu.ac.in,3rd Year,Mechanical Engineering,C,6,80.0,63,56,40,44,55,56,86,66,45,22,72,65,79,Medium Risk
AP2024_1507,Lavanya Raju,23A91A0458,lavanya.raju507@apedu.ac.in,2nd Year,ECE,B,3,87.1,73,58,74,58,59,76,87,86,62,21,68,77,81,Low Risk
AP2024_1508,Swathi Chowdary,23A91A4459,swathi.chowdary508@apedu.ac.in,2nd Year,CSE (Data Science),D,3,50.6,47,42,41,48,32,49,52,46,46,13,45,52,49,High Risk
AP2024_1509,Mahesh Patel,21A91A0360,mahesh.patel509@apedu.ac.in,4th Year,Mechanical Engineering,B,7,72.2,80,59,48,39,65,50,73,62,50,19,72,60,72,Medium Risk
AP2024_1510,Lavanya Gupta,21A91A4261,lavanya.gupta510@apedu.ac.in,4th Year,CSE (AI & ML),A,8,75.1,70,66,80,67,58,77,68,74,56,20,70,80,71,Low Risk
AP2024_1511,Sneha Kulkarni,22A91A0462,sneha.kulkarni511@apedu.ac.in,3rd Year,ECE,C,5,86.4,93,69,82,63,62,62,87,71,63,20,69,67,81,Low Risk
AP2024_1512,Rohit Naidu,23A91A0163,rohit.naidu512@apedu.ac.in,2nd Year,Civil Engineering,A,4,93.4,87,81,84,77,69,85,91,88,78,21,68,91,85,Low Risk
AP2024_1513,Pavan Raju,23A91A0164,pavan.raju513@apedu.ac.in,2nd Year,Civil Engineering,D,3,72.8,83,61,86,38,71,59,66,64,59,19,73,70,70,Low Risk
AP2024_1514,Yamini Joshi,23A91A1265,yamini.joshi514@apedu.ac.in,2nd Year,Information Technology,A,3,79.2,46,54,49,58,37,56,67,51,52,19,68,62,72,Medium Risk
AP2024_1515,Divya Chowdary,24A91A0466,divya.chowdary515@apedu.ac.in,1st Year,ECE,B,1,62.6,79,52,73,49,63,75,66,75,52,20,60,82,62,Medium Risk
AP2024_1516,Bhavya Prasad,22A91A0267,bhavya.prasad516@apedu.ac.in,3rd Year,EEE,A,5,69.7,54,59,67,91,68,61,63,56,56,20,63,70,65,Medium Risk
AP2024_1517,Venkata Naidu,23A91A4468,venkata.naidu517@apedu.ac.in,2nd Year,CSE (Data Science),A,4,71.3,92,71,75,49,70,78,66,70,70,18,67,71,68,Medium Risk
AP2024_1518,Charan Chowdary,24A91A0569,charan.chowdary518@apedu.ac.in,1st Year,CSE,B,2,58.8,65,65,49,44,66,64,47,55,59,16,76,62,60,Medium Risk
AP2024_1519,Naresh Murthy,21A91A0570,naresh.murthy519@apedu.ac.in,4th Year,CSE,D,8,49.0,73,59,63,73,52,48,51,61,56,15,49,52,49,High Risk
AP2024_1520,Ganesh Goud,22A91A4471,ganesh.goud520@apedu.ac.in,3rd Year,CSE (Data Science),C,5,70.0,72,95,66,64,64,79,80,74,71,23,71,74,73,Medium Risk
AP2024_1521,Varun Babu,23A91A0472,varun.babu521@apedu.ac.in,2nd Year,ECE,C,3,68.8,56,37,39,36,39,42,62,47,44,16,55,50,62,High Risk
AP2024_1522,Ravi Murthy,21A91A4273,ravi.murthy522@apedu.ac.in,4th Year,CSE (AI & ML),C,7,56.9,51,37,77,45,51,47,54,57,57,12,52,46,54,High Risk
AP2024_1523,Manasa Varma,21A91A0474,manasa.varma523@apedu.ac.in,4th Year,ECE,A,7,95.0,63,62,65,66,70,59,80,78,62,21,80,77,85,Low Risk
AP2024_1524,Manasa Somayajulu,22A91A1275,manasa.somayajulu524@apedu.ac.in,3rd Year,Information Technology,C,6,70.9,59,75,80,62,68,81,72,78,65,16,71,84,71,Medium Risk
AP2024_1525,Naresh Mishra,22A91A0276,naresh.mishra525@apedu.ac.in,3rd Year,EEE,B,6,66.1,50,57,67,75,54,50,59,65,57,13,49,67,58,Medium Risk
AP2024_1526,Venkata Patel,23A91A0277,venkata.patel526@apedu.ac.in,2nd Year,EEE,A,3,88.4,49,51,90,70,67,69,89,67,62,20,91,71,89,Low Risk
AP2024_1527,Sravani Mishra,22A91A4478,sravani.mishra527@apedu.ac.in,3rd Year,CSE (Data Science),A,5,68.2,73,53,58,60,61,70,64,55,53,16,70,64,67,Medium Risk
AP2024_1528,Nikhil Kulkarni,23A91A0579,nikhil.kulkarni528@apedu.ac.in,2nd Year,CSE,B,4,77.3,62,62,59,46,70,61,71,67,50,19,77,68,75,Medium Risk
AP2024_1529,Naresh Prasad,22A91A4480,naresh.prasad529@apedu.ac.in,3rd Year,CSE (Data Science),B,5,62.4,52,61,46,53,56,53,78,58,37,19,64,64,67,Medium Risk
AP2024_1530,Swathi Patel,22A91A0381,swathi.patel530@apedu.ac.in,3rd Year,Mechanical Engineering,B,5,71.0,68,83,73,61,63,71,62,71,54,19,57,86,64,Medium Risk
AP2024_1531,Naresh Sharma,21A91A4482,naresh.sharma531@apedu.ac.in,4th Year,CSE (Data Science),D,8,84.0,68,49,65,63,53,71,67,63,52,14,82,60,78,Medium Risk
AP2024_1532,Karthik Naidu,24A91A0483,karthik.naidu532@apedu.ac.in,1st Year,ECE,A,1,72.1,69,67,91,65,68,81,76,72,69,23,95,77,80,Low Risk
AP2024_1533,Akhil Sastry,24A91A0484,akhil.sastry533@apedu.ac.in,1st Year,ECE,B,2,73.3,80,75,62,55,67,63,69,59,56,19,67,70,70,Medium Risk
AP2024_1534,Charan Somayajulu,23A91A0585,charan.somayajulu534@apedu.ac.in,2nd Year,CSE,A,4,59.8,86,75,87,82,82,70,65,68,66,13,64,72,62,Medium Risk
AP2024_1535,Rohit Bhatt,23A91A0386,rohit.bhatt535@apedu.ac.in,2nd Year,Mechanical Engineering,A,3,93.1,68,60,56,58,69,80,93,74,70,25,88,74,91,Low Risk
AP2024_1536,Srikanth Somayajulu,21A91A0387,srikanth.somayajulu536@apedu.ac.in,4th Year,Mechanical Engineering,C,7,85.4,63,64,74,67,47,58,81,69,65,20,63,66,77,Low Risk
AP2024_1537,Sireesha Varma,23A91A1288,sireesha.varma537@apedu.ac.in,2nd Year,Information Technology,C,4,44.2,56,64,46,44,62,73,42,57,49,15,54,72,46,High Risk
AP2024_1538,Aditya Somayajulu,22A91A4489,aditya.somayajulu538@apedu.ac.in,3rd Year,CSE (Data Science),D,5,71.8,93,82,74,67,72,97,72,83,77,17,67,79,70,Medium Risk
AP2024_1539,Pavan Somayajulu,22A91A4490,pavan.somayajulu539@apedu.ac.in,3rd Year,CSE (Data Science),A,5,59.2,36,27,37,20,43,48,67,41,36,16,59,41,61,High Risk
AP2024_1540,Naresh Prasad,24A91A0301,naresh.prasad540@apedu.ac.in,1st Year,Mechanical Engineering,B,1,71.0,69,68,62,74,80,62,65,81,58,19,74,80,70,Medium Risk
AP2024_1541,Naresh Chowdary,21A91A0302,naresh.chowdary541@apedu.ac.in,4th Year,Mechanical Engineering,A,7,70.4,60,72,58,62,63,61,64,76,57,15,62,84,65,Medium Risk
AP2024_1542,Nikhil Kumar,22A91A4203,nikhil.kumar542@apedu.ac.in,3rd Year,CSE (AI & ML),C,5,89.9,53,77,72,59,71,61,85,74,66,22,98,76,90,Low Risk
AP2024_1543,Lavanya Reddy,22A91A0404,lavanya.reddy543@apedu.ac.in,3rd Year,ECE,A,5,82.0,71,49,70,52,66,55,87,77,59,22,83,66,83,Medium Risk
AP2024_1544,Keerthi Raju,24A91A0505,keerthi.raju544@apedu.ac.in,1st Year,CSE,D,1,76.2,84,88,86,99,68,76,65,90,73,18,73,79,71,Low Risk
AP2024_1545,Lavanya Murthy,23A91A1206,lavanya.murthy545@apedu.ac.in,2nd Year,Information Technology,D,4,79.9,75,75,83,66,76,86,80,84,69,20,84,88,81,Low Risk
AP2024_1546,Keerthi Joshi,21A91A1207,keerthi.joshi546@apedu.ac.in,4th Year,Information Technology,B,7,75.1,59,67,93,80,57,58,71,67,54,18,70,58,72,Low Risk
AP2024_1547,Sneha Babu,24A91A0208,sneha.babu547@apedu.ac.in,1st Year,EEE,A,1,78.7,80,70,67,79,57,62,67,54,63,13,62,73,70,Medium Risk
AP2024_1548,Sireesha Raju,24A91A0309,sireesha.raju548@apedu.ac.in,1st Year,Mechanical Engineering,B,1,62.2,72,79,72,74,55,56,66,68,62,18,59,77,62,Medium Risk
AP2024_1549,Manasa Goud,24A91A0310,manasa.goud549@apedu.ac.in,1st Year,Mechanical Engineering,D,1,77.1,73,51,81,66,74,76,77,66,69,22,72,77,75,Low Risk
AP2024_1550,Venkata Murthy,23A91A4411,venkata.murthy550@apedu.ac.in,2nd Year,CSE (Data Science),A,4,77.9,47,47,31,33,50,47,63,56,45,17,75,64,72,High Risk
AP2024_1551,Harika Patel,23A91A0112,harika.patel551@apedu.ac.in,2nd Year,Civil Engineering,C,3,61.6,35,50,45,47,56,53,58,56,48,15,57,58,59,Medium Risk
AP2024_1552,Tejaswi Gupta,23A91A0513,tejaswi.gupta552@apedu.ac.in,2nd Year,CSE,D,3,75.3,74,53,64,65,48,53,72,68,49,18,72,64,73,Medium Risk
AP2024_1553,Naresh Joshi,21A91A0514,naresh.joshi553@apedu.ac.in,4th Year,CSE,C,7,86.5,50,65,76,58,66,64,80,70,54,20,77,65,81,Low Risk
AP2024_1554,Sai Murthy,24A91A1215,sai.murthy554@apedu.ac.in,1st Year,Information Technology,B,2,91.6,43,52,59,55,60,50,71,68,51,17,68,63,78,Medium Risk
AP2024_1555,Harika Reddy,23A91A0216,harika.reddy555@apedu.ac.in,2nd Year,EEE,A,3,87.2,60,70,83,56,67,76,83,74,54,19,84,79,84,Low Risk
AP2024_1556,Sravani Chowdary,22A91A1217,sravani.chowdary556@apedu.ac.in,3rd Year,Information Technology,D,6,73.7,46,39,45,38,40,45,69,45,33,15,75,41,72,High Risk
AP2024_1557,Kavya Naidu,21A91A0318,kavya.naidu557@apedu.ac.in,4th Year,Mechanical Engineering,D,7,67.0,72,68,61,54,61,74,63,74,62,19,69,69,66,Medium Risk
AP2024_1558,Srikanth Goud,21A91A0219,srikanth.goud558@apedu.ac.in,4th Year,EEE,D,7,73.1,59,67,46,61,63,54,71,59,59,19,81,60,74,Medium Risk
AP2024_1559,Mahesh Raju,23A91A0520,mahesh.raju559@apedu.ac.in,2nd Year,CSE,B,4,69.9,46,52,60,43,71,61,69,69,62,18,69,58,69,Medium Risk
AP2024_1560,Harika Naidu,22A91A0421,harika.naidu560@apedu.ac.in,3rd Year,ECE,A,6,68.0,59,41,56,41,48,54,72,52,44,17,68,63,69,Medium Risk
AP2024_1561,Manasa Mishra,21A91A0422,manasa.mishra561@apedu.ac.in,4th Year,ECE,D,8,71.2,55,68,65,65,77,62,75,64,69,16,70,75,71,Medium Risk
AP2024_1562,Pavan Naidu,21A91A4423,pavan.naidu562@apedu.ac.in,4th Year,CSE (Data Science),A,7,74.8,80,71,66,58,77,59,66,77,62,16,66,78,69,Medium Risk
AP2024_1563,Lavanya Goud,23A91A0424,lavanya.goud563@apedu.ac.in,2nd Year,ECE,B,3,50.6,72,62,52,57,62,57,37,55,49,12,53,59,47,High Risk
AP2024_1564,Karthik Murthy,24A91A0425,karthik.murthy564@apedu.ac.in,1st Year,ECE,B,2,86.3,72,58,68,46,62,69,86,75,66,18,67,69,80,Low Risk
AP2024_1565,Ramesh Raju,22A91A4226,ramesh.raju565@apedu.ac.in,3rd Year,CSE (AI & ML),D,5,75.7,61,61,66,64,55,66,78,70,65,21,77,74,76,Low Risk
AP2024_1566,Yamini Prasad,22A91A1227,yamini.prasad566@apedu.ac.in,3rd Year,Information Technology,A,6,77.1,54,63,80,67,71,69,67,68,59,14,70,62,71,Low Risk
AP2024_1567,Gayatri Bhatt,21A91A0128,gayatri.bhatt567@apedu.ac.in,4th Year,Civil Engineering,B,7,59.3,63,52,66,63,56,54,68,73,60,19,64,70,63,Medium Risk
AP2024_1568,Rohit Bhatt,24A91A4229,rohit.bhatt568@apedu.ac.in,1st Year,CSE (AI & ML),C,1,99.5,43,36,40,36,66,59,91,71,40,25,86,68,92,Medium Risk
AP2024_1569,Chaitanya Kumar,21A91A0130,chaitanya.kumar569@apedu.ac.in,4th Year,Civil Engineering,D,8,69.4,73,60,74,53,48,60,61,60,63,14,55,68,62,Medium Risk
AP2024_1570,Naresh Chary,21A91A4431,naresh.chary570@apedu.ac.in,4th Year,CSE (Data Science),C,7,72.5,58,56,72,70,49,55,71,68,61,17,74,57,72,Medium Risk
AP2024_1571,Tarun Varma,21A91A0132,tarun.varma571@apedu.ac.in,4th Year,Civil Engineering,C,7,59.8,40,30,44,43,46,52,63,46,41,13,55,35,59,High Risk
AP2024_1572,Nikhil Rao,21A91A0333,nikhil.rao572@apedu.ac.in,4th Year,Mechanical Engineering,A,8,78.5,64,59,67,56,50,65,78,67,57,22,79,73,78,Medium Risk
AP2024_1573,Charan Gupta,22A91A1234,charan.gupta573@apedu.ac.in,3rd Year,Information Technology,A,6,75.4,81,82,90,73,71,78,80,81,72,18,76,72,76,Low Risk
AP2024_1574,Pranavi Varma,22A91A0335,pranavi.varma574@apedu.ac.in,3rd Year,Mechanical Engineering,C,6,67.1,58,61,79,80,60,58,69,69,60,18,74,70,69,Medium Risk
AP2024_1575,Deepika Chary,24A91A1236,deepika.chary575@apedu.ac.in,1st Year,Information Technology,B,1,58.3,77,43,53,56,62,53,57,74,62,17,64,53,59,Medium Risk
AP2024_1576,Deepika Sastry,22A91A4437,deepika.sastry576@apedu.ac.in,3rd Year,CSE (Data Science),A,5,62.2,64,58,91,83,81,60,58,82,72,15,55,78,58,Medium Risk
AP2024_1577,Pavan Somayajulu,21A91A0538,pavan.somayajulu577@apedu.ac.in,4th Year,CSE,B,7,67.7,75,59,87,64,74,68,67,65,66,17,71,79,68,Medium Risk
AP2024_1578,Bhavya Sharma,24A91A0539,bhavya.sharma578@apedu.ac.in,1st Year,CSE,D,1,77.8,50,50,56,60,61,63,64,64,47,14,71,70,71,Medium Risk
AP2024_1579,Ananya Kumar,23A91A0340,ananya.kumar579@apedu.ac.in,2nd Year,Mechanical Engineering,D,4,46.6,61,64,77,63,58,86,46,55,68,15,44,77,45,High Risk
AP2024_1580,Sandhya Prasad,24A91A0441,sandhya.prasad580@apedu.ac.in,1st Year,ECE,C,1,76.8,53,66,71,51,64,55,67,61,59,15,86,59,76,Medium Risk
AP2024_1581,Ravi Chary,21A91A1242,ravi.chary581@apedu.ac.in,4th Year,Information Technology,C,7,66.3,53,75,81,73,78,66,70,65,68,19,69,88,68,Medium Risk
AP2024_1582,Keerthi Goud,22A91A0243,keerthi.goud582@apedu.ac.in,3rd Year,EEE,A,5,64.0,63,36,60,62,60,61,62,59,58,13,62,68,62,Medium Risk
AP2024_1583,Manasa Rao,23A91A0444,manasa.rao583@apedu.ac.in,2nd Year,ECE,B,3,69.1,66,61,71,62,67,70,59,64,62,14,65,73,64,Medium Risk
AP2024_1584,Manoj Raju,21A91A0545,manoj.raju584@apedu.ac.in,4th Year,CSE,D,7,87.7,76,63,73,77,64,68,79,65,65,18,74,79,80,Low Risk
AP2024_1585,Divya Yadav,23A91A0446,divya.yadav585@apedu.ac.in,2nd Year,ECE,C,3,71.5,61,65,68,52,62,45,70,69,61,18,70,65,70,Medium Risk
AP2024_1586,Ramesh Gupta,22A91A0147,ramesh.gupta586@apedu.ac.in,3rd Year,Civil Engineering,C,6,86.6,69,90,79,81,81,67,85,79,74,22,91,81,87,Low Risk
AP2024_1587,Mahesh Raju,23A91A0248,mahesh.raju587@apedu.ac.in,2nd Year,EEE,D,4,81.9,38,37,33,25,51,49,91,65,41,21,82,52,84,High Risk
AP2024_1588,Swathi Chowdary,24A91A0249,swathi.chowdary588@apedu.ac.in,1st Year,EEE,C,2,71.8,58,65,57,59,56,49,68,68,65,18,71,60,70,Medium Risk
AP2024_1589,Harika Sastry,24A91A0250,harika.sastry589@apedu.ac.in,1st Year,EEE,C,2,85.9,61,53,51,64,66,68,84,72,56,19,87,70,85,Medium Risk
AP2024_1590,Varun Raju,22A91A4451,varun.raju590@apedu.ac.in,3rd Year,CSE (Data Science),B,5,64.4,91,62,82,70,64,81,60,72,67,16,55,80,60,Medium Risk
AP2024_1591,Ananya Chary,21A91A4452,ananya.chary591@apedu.ac.in,4th Year,CSE (Data Science),A,8,61.4,31,39,38,32,51,49,66,50,38,16,72,55,65,High Risk
AP2024_1592,Ravi Gupta,22A91A0153,ravi.gupta592@apedu.ac.in,3rd Year,Civil Engineering,D,6,78.9,72,71,72,71,58,80,62,67,62,17,72,77,71,Medium Risk
AP2024_1593,Karthik Bhatt,23A91A0454,karthik.bhatt593@apedu.ac.in,2nd Year,ECE,D,4,50.4,59,52,45,45,40,37,60,42,53,15,60,48,56,High Risk
AP2024_1594,Keerthi Mishra,22A91A4455,keerthi.mishra594@apedu.ac.in,3rd Year,CSE (Data Science),C,5,75.5,64,47,51,59,64,62,81,63,61,18,69,65,75,Medium Risk
AP2024_1595,Harika Sastry,23A91A4456,harika.sastry595@apedu.ac.in,2nd Year,CSE (Data Science),C,4,81.2,93,72,62,72,78,82,74,94,76,21,77,87,77,Low Risk
AP2024_1596,Rahul Verma,22A91A0257,rahul.verma596@apedu.ac.in,3rd Year,EEE,D,5,99.5,73,80,67,65,76,86,100,73,62,27,87,88,95,Low Risk
AP2024_1597,Charan Kumar,22A91A1258,charan.kumar597@apedu.ac.in,3rd Year,Information Technology,A,6,73.4,54,52,66,69,57,68,82,62,43,19,80,66,77,Medium Risk
AP2024_1598,Sravani Rao,24A91A0459,sravani.rao598@apedu.ac.in,1st Year,ECE,A,2,65.4,76,63,64,57,59,70,72,71,59,20,56,67,64,Medium Risk
AP2024_1599,Manasa Mishra,22A91A0560,manasa.mishra599@apedu.ac.in,3rd Year,CSE,B,6,64.1,60,72,90,68,84,66,62,87,60,15,60,78,62,Medium Risk
AP2024_1600,Divya Sharma,22A91A1261,divya.sharma600@apedu.ac.in,3rd Year,Information Technology,B,6,56.2,78,64,82,85,74,64,48,60,69,13,37,75,47,High Risk
AP2024_1601,Sireesha Somayajulu,23A91A1262,sireesha.somayajulu601@apedu.ac.in,2nd Year,Information Technology,C,3,86.5,60,49,20,20,51,56,87,55,27,20,88,50,87,High Risk
AP2024_1602,Aditya Patel,24A91A1263,aditya.patel602@apedu.ac.in,1st Year,Information Technology,C,1,65.1,67,75,74,57,60,65,69,62,73,12,57,83,63,Medium Risk
AP2024_1603,Manoj Goud,23A91A4264,manoj.goud603@apedu.ac.in,2nd Year,CSE (AI & ML),B,4,62.8,73,54,54,35,59,60,61,59,49,12,59,65,61,Medium Risk
AP2024_1604,Gayatri Murthy,21A91A0165,gayatri.murthy604@apedu.ac.in,4th Year,Civil Engineering,D,8,81.3,82,76,72,70,50,77,74,69,66,19,73,69,76,Low Risk
AP2024_1605,Manasa Reddy,24A91A0366,manasa.reddy605@apedu.ac.in,1st Year,Mechanical Engineering,A,1,84.5,65,63,63,46,48,70,91,62,62,20,77,68,84,Medium Risk
AP2024_1606,Sireesha Mishra,23A91A0567,sireesha.mishra606@apedu.ac.in,2nd Year,CSE,B,3,62.4,66,40,39,40,55,58,52,72,44,11,48,58,54,Medium Risk
AP2024_1607,Pranavi Somayajulu,22A91A4468,pranavi.somayajulu607@apedu.ac.in,3rd Year,CSE (Data Science),A,6,86.3,71,64,73,69,58,79,83,62,55,16,75,66,81,Low Risk
AP2024_1608,Manasa Mishra,22A91A4269,manasa.mishra608@apedu.ac.in,3rd Year,CSE (AI & ML),A,5,70.5,41,43,56,46,51,54,66,52,43,16,66,55,67,Medium Risk
AP2024_1609,Pavan Gupta,21A91A0170,pavan.gupta609@apedu.ac.in,4th Year,Civil Engineering,B,8,66.4,50,57,74,67,55,69,73,60,49,20,78,57,71,Medium Risk
AP2024_1610,Charan Sastry,22A91A4471,charan.sastry610@apedu.ac.in,3rd Year,CSE (Data Science),D,5,77.5,82,69,67,52,71,66,82,78,59,17,71,74,76,Low Risk
AP2024_1611,Venkata Verma,23A91A0472,venkata.verma611@apedu.ac.in,2nd Year,ECE,A,3,62.8,46,46,57,55,32,35,60,44,43,15,59,50,60,High Risk
AP2024_1612,Swathi Mishra,23A91A0373,swathi.mishra612@apedu.ac.in,2nd Year,Mechanical Engineering,A,3,78.7,79,68,58,42,67,68,81,60,54,18,68,76,76,Medium Risk
AP2024_1613,Manasa Yadav,22A91A0574,manasa.yadav613@apedu.ac.in,3rd Year,CSE,A,5,56.2,67,49,63,66,63,78,51,67,49,16,55,67,54,High Risk
AP2024_1614,Venkata Rao,24A91A1275,venkata.rao614@apedu.ac.in,1st Year,Information Technology,D,2,64.8,54,44,41,37,43,40,71,53,44,15,67,44,67,High Risk
AP2024_1615,Suresh Joshi,22A91A4476,suresh.joshi615@apedu.ac.in,3rd Year,CSE (Data Science),B,6,42.0,53,48,49,44,52,72,53,63,53,11,50,56,47,High Risk
AP2024_1616,Sai Gupta,21A91A0277,sai.gupta616@apedu.ac.in,4th Year,EEE,B,7,82.1,55,57,58,43,62,57,83,69,47,19,80,59,81,Medium Risk
AP2024_1617,Deepika Chowdary,24A91A4278,deepika.chowdary617@apedu.ac.in,1st Year,CSE (AI & ML),A,2,70.6,59,43,60,54,52,58,66,61,48,20,67,59,68,Medium Risk
AP2024_1618,Ravi Sharma,23A91A0479,ravi.sharma618@apedu.ac.in,2nd Year,ECE,C,4,88.8,53,77,53,50,61,58,88,74,48,21,96,69,90,Medium Risk
AP2024_1619,Deepika Gupta,23A91A1280,deepika.gupta619@apedu.ac.in,2nd Year,Information Technology,B,3,67.2,62,53,63,54,57,72,62,68,56,15,54,60,61,Medium Risk
AP2024_1620,Sravani Patel,23A91A0581,sravani.patel620@apedu.ac.in,2nd Year,CSE,A,3,61.4,83,75,74,61,71,68,56,74,63,18,60,71,59,Medium Risk
AP2024_1621,Suresh Bhatt,21A91A4282,suresh.bhatt621@apedu.ac.in,4th Year,CSE (AI & ML),A,7,61.5,50,50,46,49,58,52,64,64,43,20,68,59,64,Medium Risk
AP2024_1622,Harika Raju,23A91A0283,harika.raju622@apedu.ac.in,2nd Year,EEE,C,4,71.8,86,83,90,74,53,50,74,71,78,16,73,78,72,Medium Risk
AP2024_1623,Mahesh Rao,24A91A0584,mahesh.rao623@apedu.ac.in,1st Year,CSE,C,1,62.0,44,54,60,43,44,58,57,65,49,15,59,54,59,Medium Risk
AP2024_1624,Srikanth Kulkarni,22A91A4285,srikanth.kulkarni624@apedu.ac.in,3rd Year,CSE (AI & ML),A,6,56.5,69,55,79,83,52,52,50,60,59,16,63,68,56,High Risk
AP2024_1625,Karthik Reddy,23A91A0386,karthik.reddy625@apedu.ac.in,2nd Year,Mechanical Engineering,C,3,64.0,45,51,66,61,38,63,70,44,45,12,57,58,63,Medium Risk
AP2024_1626,Lavanya Chary,22A91A0387,lavanya.chary626@apedu.ac.in,3rd Year,Mechanical Engineering,C,5,63.4,50,47,67,50,61,64,68,52,48,16,70,64,66,Medium Risk
AP2024_1627,Aditya Chowdary,21A91A1288,aditya.chowdary627@apedu.ac.in,4th Year,Information Technology,C,8,71.1,61,53,68,64,66,60,72,51,57,22,81,64,74,Medium Risk
AP2024_1628,Manasa Somayajulu,21A91A4489,manasa.somayajulu628@apedu.ac.in,4th Year,CSE (Data Science),A,8,51.1,65,82,75,68,62,62,59,62,65,14,57,73,55,High Risk
AP2024_1629,Divya Somayajulu,24A91A4290,divya.somayajulu629@apedu.ac.in,1st Year,CSE (AI & ML),D,1,63.5,60,70,59,54,53,72,64,72,56,20,66,78,64,Medium Risk
AP2024_1630,Swathi Sastry,21A91A0101,swathi.sastry630@apedu.ac.in,4th Year,Civil Engineering,C,7,68.5,48,38,46,51,53,61,66,53,38,18,68,57,67,Medium Risk
AP2024_1631,Gayatri Reddy,23A91A1202,gayatri.reddy631@apedu.ac.in,2nd Year,Information Technology,A,4,58.3,80,62,71,76,84,65,48,57,62,16,56,79,54,Medium Risk
AP2024_1632,Deepika Babu,24A91A0203,deepika.babu632@apedu.ac.in,1st Year,EEE,C,1,71.6,74,62,51,44,64,73,71,71,63,17,79,71,73,Medium Risk
AP2024_1633,Sai Somayajulu,23A91A4204,sai.somayajulu633@apedu.ac.in,2nd Year,CSE (AI & ML),D,4,70.0,62,45,50,69,52,65,61,60,51,17,71,64,67,Medium Risk
AP2024_1634,Nikhil Sastry,22A91A4405,nikhil.sastry634@apedu.ac.in,3rd Year,CSE (Data Science),A,6,60.4,60,55,53,41,44,67,49,60,52,11,49,62,53,Medium Risk
AP2024_1635,Sai Yadav,23A91A1206,sai.yadav635@apedu.ac.in,2nd Year,Information Technology,B,4,75.3,66,59,69,58,56,71,85,66,53,20,69,76,76,Medium Risk
AP2024_1636,Pooja Sastry,22A91A0307,pooja.sastry636@apedu.ac.in,3rd Year,Mechanical Engineering,C,5,71.1,54,48,64,44,44,67,72,59,50,16,51,50,65,Medium Risk
AP2024_1637,Ananya Mishra,23A91A0108,ananya.mishra637@apedu.ac.in,2nd Year,Civil Engineering,B,4,87.7,67,67,72,57,86,55,73,70,77,21,68,65,77,Low Risk
AP2024_1638,Rahul Babu,21A91A4209,rahul.babu638@apedu.ac.in,4th Year,CSE (AI & ML),D,8,68.5,84,74,88,80,72,74,68,73,79,18,69,85,68,Medium Risk
AP2024_1639,Lavanya Patel,24A91A0510,lavanya.patel639@apedu.ac.in,1st Year,CSE,A,2,61.1,62,51,44,53,37,69,63,71,45,16,63,55,62,Medium Risk
AP2024_1640,Tarun Murthy,24A91A4211,tarun.murthy640@apedu.ac.in,1st Year,CSE (AI & ML),C,1,76.7,72,65,89,70,66,64,79,86,65,20,75,75,76,Low Risk
AP2024_1641,Sandhya Joshi,23A91A0312,sandhya.joshi641@apedu.ac.in,2nd Year,Mechanical Engineering,C,4,60.4,74,80,67,73,73,66,65,77,62,16,69,81,64,Medium Risk
AP2024_1642,Ananya Verma,21A91A1213,ananya.verma642@apedu.ac.in,4th Year,Information Technology,C,8,65.0,79,65,77,76,69,63,64,68,70,16,64,71,64,Medium Risk
AP2024_1643,Lavanya Chowdary,24A91A0514,lavanya.chowdary643@apedu.ac.in,1st Year,CSE,C,1,76.2,90,92,88,83,81,89,80,84,80,21,79,88,78,Low Risk
AP2024_1644,Keerthi Yadav,22A91A4215,keerthi.yadav644@apedu.ac.in,3rd Year,CSE (AI & ML),A,6,55.6,55,51,58,31,66,64,60,70,43,12,52,69,55,High Risk
AP2024_1645,Sneha Sastry,23A91A4216,sneha.sastry645@apedu.ac.in,2nd Year,CSE (AI & ML),C,4,56.8,70,55,65,54,65,53,58,69,47,14,51,71,55,High Risk
AP2024_1646,Gayatri Sharma,23A91A0117,gayatri.sharma646@apedu.ac.in,2nd Year,Civil Engineering,B,3,85.0,57,70,70,67,74,61,75,82,61,18,77,73,79,Low Risk
AP2024_1647,Mahesh Sharma,22A91A0118,mahesh.sharma647@apedu.ac.in,3rd Year,Civil Engineering,A,5,85.5,43,49,53,54,55,73,94,73,46,20,84,67,87,Medium Risk
AP2024_1648,Swathi Chowdary,21A91A4419,swathi.chowdary648@apedu.ac.in,4th Year,CSE (Data Science),D,8,66.2,43,59,58,55,51,60,54,55,54,19,61,58,60,Medium Risk
AP2024_1649,Sai Mishra,24A91A1220,sai.mishra649@apedu.ac.in,1st Year,Information Technology,B,2,85.3,51,59,55,56,62,61,88,80,58,22,90,57,87,Medium Risk
AP2024_1650,Swathi Goud,23A91A0121,swathi.goud650@apedu.ac.in,2nd Year,Civil Engineering,C,3,60.9,66,69,36,49,55,66,61,60,60,16,75,63,65,Medium Risk
AP2024_1651,Sandhya Prasad,21A91A0222,sandhya.prasad651@apedu.ac.in,4th Year,EEE,D,7,78.5,73,54,65,69,62,62,71,59,56,17,66,67,72,Medium Risk
AP2024_1652,Charan Gupta,21A91A4423,charan.gupta652@apedu.ac.in,4th Year,CSE (Data Science),D,7,79.4,81,73,78,63,77,72,70,82,60,18,78,78,76,Low Risk
AP2024_1653,Ramesh Somayajulu,22A91A0424,ramesh.somayajulu653@apedu.ac.in,3rd Year,ECE,B,6,72.2,64,58,84,69,59,64,66,71,62,17,58,74,66,Low Risk
AP2024_1654,Manoj Chary,22A91A4425,manoj.chary654@apedu.ac.in,3rd Year,CSE (Data Science),B,6,71.7,71,53,50,43,79,56,75,55,49,15,71,60,72,Medium Risk
AP2024_1655,Sandhya Joshi,22A91A0326,sandhya.joshi655@apedu.ac.in,3rd Year,Mechanical Engineering,D,5,57.3,68,58,65,53,49,61,53,55,61,17,65,72,58,High Risk
AP2024_1656,Swathi Bhatt,21A91A0127,swathi.bhatt656@apedu.ac.in,4th Year,Civil Engineering,A,8,58.9,75,79,73,59,63,61,64,65,60,17,66,73,62,Medium Risk
AP2024_1657,Akhil Chowdary,24A91A4428,akhil.chowdary657@apedu.ac.in,1st Year,CSE (Data Science),A,2,80.7,62,48,57,49,55,51,63,60,44,17,80,50,75,Medium Risk
AP2024_1658,Ananya Sharma,22A91A0229,ananya.sharma658@apedu.ac.in,3rd Year,EEE,C,5,56.3,71,75,45,42,57,40,52,60,53,14,44,59,51,High Risk
AP2024_1659,Rohit Rao,22A91A0530,rohit.rao659@apedu.ac.in,3rd Year,CSE,C,5,82.1,83,61,60,69,61,56,81,65,62,16,68,78,77,Low Risk
AP2024_1660,Lavanya Chowdary,23A91A0431,lavanya.chowdary660@apedu.ac.in,2nd Year,ECE,C,4,78.5,70,47,56,40,49,72,67,68,47,20,71,66,72,Medium Risk
AP2024_1661,Ananya Prasad,21A91A0332,ananya.prasad661@apedu.ac.in,4th Year,Mechanical Engineering,A,8,78.1,49,65,74,59,73,48,73,59,61,18,89,60,79,Medium Risk
AP2024_1662,Sai Raju,23A91A0433,sai.raju662@apedu.ac.in,2nd Year,ECE,C,4,68.4,87,38,57,45,48,66,65,65,49,15,56,63,63,Medium Risk
AP2024_1663,Swathi Joshi,23A91A0234,swathi.joshi663@apedu.ac.in,2nd Year,EEE,D,3,82.7,74,66,68,71,58,60,73,71,51,20,81,72,79,Low Risk
AP2024_1664,Aditya Kulkarni,24A91A4435,aditya.kulkarni664@apedu.ac.in,1st Year,CSE (Data Science),A,1,62.1,68,72,77,74,66,77,51,68,68,17,68,78,60,Medium Risk
AP2024_1665,Manasa Rao,21A91A0236,manasa.rao665@apedu.ac.in,4th Year,EEE,B,8,76.9,92,72,88,75,58,72,62,68,63,15,72,75,70,Low Risk
AP2024_1666,Sneha Bhatt,22A91A0337,sneha.bhatt666@apedu.ac.in,3rd Year,Mechanical Engineering,D,5,71.8,68,65,86,70,49,60,65,63,52,15,57,64,65,Medium Risk
AP2024_1667,Rohit Rao,23A91A0538,rohit.rao667@apedu.ac.in,2nd Year,CSE,C,4,65.8,78,56,87,84,70,75,64,71,65,12,66,81,65,Medium Risk
AP2024_1668,Ravi Bhatt,22A91A0339,ravi.bhatt668@apedu.ac.in,3rd Year,Mechanical Engineering,B,5,50.4,55,58,48,37,51,51,59,46,42,13,61,48,56,High Risk
AP2024_1669,Aditya Mishra,24A91A0140,aditya.mishra669@apedu.ac.in,1st Year,Civil Engineering,D,1,61.8,74,61,83,87,87,73,51,68,75,17,67,75,60,Medium Risk
AP2024_1670,Rahul Kumar,23A91A0341,rahul.kumar670@apedu.ac.in,2nd Year,Mechanical Engineering,C,3,63.3,63,84,81,58,48,61,53,67,66,13,58,78,58,Medium Risk
AP2024_1671,Srikanth Gupta,23A91A0542,srikanth.gupta671@apedu.ac.in,2nd Year,CSE,A,4,49.0,51,41,54,30,44,39,47,52,39,11,48,54,48,High Risk
AP2024_1672,Keerthi Babu,23A91A0543,keerthi.babu672@apedu.ac.in,2nd Year,CSE,C,3,56.9,78,68,70,82,70,66,51,60,66,11,61,79,56,High Risk
AP2024_1673,Manasa Chowdary,21A91A0244,manasa.chowdary673@apedu.ac.in,4th Year,EEE,A,8,54.3,38,29,43,46,42,40,62,55,44,13,52,30,55,High Risk
AP2024_1674,Akhil Kumar,21A91A0545,akhil.kumar674@apedu.ac.in,4th Year,CSE,C,8,99.5,90,76,97,68,72,81,95,74,63,26,98,78,97,Low Risk
AP2024_1675,Bhavya Patel,24A91A4446,bhavya.patel675@apedu.ac.in,1st Year,CSE (Data Science),A,1,88.7,78,74,80,74,81,85,80,69,67,20,70,85,80,Low Risk
AP2024_1676,Pooja Sharma,23A91A4247,pooja.sharma676@apedu.ac.in,2nd Year,CSE (AI & ML),B,4,78.8,54,57,54,44,62,56,76,64,52,19,80,62,78,Medium Risk
AP2024_1677,Chaitanya Somayajulu,21A91A4448,chaitanya.somayajulu677@apedu.ac.in,4th Year,CSE (Data Science),A,7,73.2,65,66,50,39,60,62,73,64,49,21,64,76,70,Medium Risk
AP2024_1678,Mahesh Somayajulu,22A91A4249,mahesh.somayajulu678@apedu.ac.in,3rd Year,CSE (AI & ML),A,5,79.7,52,50,53,38,47,51,72,59,44,16,63,68,72,Medium Risk
AP2024_1679,Ananya Goud,22A91A0450,ananya.goud679@apedu.ac.in,3rd Year,ECE,C,5,57.9,57,50,52,52,46,66,57,60,40,16,58,63,57,High Risk
AP2024_1680,Deepika Prasad,21A91A0151,deepika.prasad680@apedu.ac.in,4th Year,Civil Engineering,C,8,88.7,73,67,80,75,71,81,77,77,73,20,81,66,82,Low Risk
AP2024_1681,Venkata Prasad,24A91A4252,venkata.prasad681@apedu.ac.in,1st Year,CSE (AI & ML),A,1,59.5,64,44,46,55,57,55,62,57,53,15,63,56,61,Medium Risk
AP2024_1682,Pooja Kumar,24A91A0253,pooja.kumar682@apedu.ac.in,1st Year,EEE,A,2,58.6,43,50,32,32,32,43,61,50,32,14,53,51,57,High Risk
AP2024_1683,Tejaswi Babu,21A91A0554,tejaswi.babu683@apedu.ac.in,4th Year,CSE,D,8,71.6,47,47,40,52,40,70,73,60,36,19,73,53,72,Medium Risk
AP2024_1684,Sneha Joshi,23A91A0155,sneha.joshi684@apedu.ac.in,2nd Year,Civil Engineering,C,3,65.8,55,41,56,56,48,35,69,51,42,20,58,61,64,Medium Risk
AP2024_1685,Rohit Gupta,22A91A4456,rohit.gupta685@apedu.ac.in,3rd Year,CSE (Data Science),A,5,80.0,97,82,70,73,76,70,81,65,74,22,77,82,79,Low Risk
AP2024_1686,Karthik Reddy,21A91A0257,karthik.reddy686@apedu.ac.in,4th Year,EEE,B,7,51.6,30,24,37,36,35,40,51,51,35,14,53,31,51,High Risk
AP2024_1687,Keerthi Sharma,21A91A4458,keerthi.sharma687@apedu.ac.in,4th Year,CSE (Data Science),B,7,72.0,73,71,67,71,67,78,63,72,69,16,48,72,62,Medium Risk
AP2024_1688,Pranavi Chary,22A91A4259,pranavi.chary688@apedu.ac.in,3rd Year,CSE (AI & ML),B,5,57.1,68,52,65,46,58,66,65,67,52,16,63,58,61,High Risk
AP2024_1689,Naresh Rao,21A91A0260,naresh.rao689@apedu.ac.in,4th Year,EEE,A,7,71.6,57,61,73,62,54,52,75,69,47,16,66,71,70,Medium Risk
AP2024_1690,Kavya Chowdary,23A91A0361,kavya.chowdary690@apedu.ac.in,2nd Year,Mechanical Engineering,C,4,90.4,72,72,63,43,76,65,83,74,63,19,89,75,87,Low Risk
AP2024_1691,Divya Kulkarni,23A91A0262,divya.kulkarni691@apedu.ac.in,2nd Year,EEE,A,3,56.7,64,48,71,59,70,66,47,59,58,16,54,63,52,High Risk
AP2024_1692,Bhavya Patel,21A91A0363,bhavya.patel692@apedu.ac.in,4th Year,Mechanical Engineering,C,8,59.4,49,61,36,49,49,52,62,66,48,16,52,54,57,Medium Risk
AP2024_1693,Swathi Varma,22A91A0164,swathi.varma693@apedu.ac.in,3rd Year,Civil Engineering,B,6,67.2,44,65,41,48,66,60,66,67,49,18,64,59,65,Medium Risk
AP2024_1694,Sai Patel,23A91A0165,sai.patel694@apedu.ac.in,2nd Year,Civil Engineering,C,3,92.4,42,44,31,20,43,56,88,57,29,23,87,42,89,High Risk
AP2024_1695,Srikanth Varma,22A91A1266,srikanth.varma695@apedu.ac.in,3rd Year,Information Technology,D,6,53.7,54,71,59,57,57,57,50,64,55,10,45,73,49,High Risk
AP2024_1696,Keerthi Gupta,21A91A4467,keerthi.gupta696@apedu.ac.in,4th Year,CSE (Data Science),A,7,76.2,77,55,59,50,73,53,73,71,65,18,76,72,75,Medium Risk
AP2024_1697,Varun Varma,23A91A4268,varun.varma697@apedu.ac.in,2nd Year,CSE (AI & ML),A,4,54.0,65,61,39,49,56,45,55,46,56,13,46,54,51,High Risk
AP2024_1698,Venkata Mishra,24A91A0469,venkata.mishra698@apedu.ac.in,1st Year,ECE,A,2,38.0,44,59,53,59,34,35,50,60,48,11,34,41,40,High Risk
AP2024_1699,Yamini Raju,21A91A0370,yamini.raju699@apedu.ac.in,4th Year,Mechanical Engineering,D,7,76.0,60,64,70,64,67,59,70,44,57,17,60,70,69,Medium Risk
AP2024_1700,Pranavi Bhatt,22A91A1271,pranavi.bhatt700@apedu.ac.in,3rd Year,Information Technology,A,5,66.4,42,51,56,49,49,52,62,46,57,15,62,62,63,Medium Risk
AP2024_1701,Tarun Kumar,24A91A4472,tarun.kumar701@apedu.ac.in,1st Year,CSE (Data Science),B,1,50.1,69,60,75,73,77,70,50,69,68,12,57,73,52,High Risk
AP2024_1702,Lavanya Goud,23A91A1273,lavanya.goud702@apedu.ac.in,2nd Year,Information Technology,C,3,74.1,72,56,75,77,48,91,76,71,60,16,62,79,71,Low Risk
AP2024_1703,Karthik Verma,21A91A4274,karthik.verma703@apedu.ac.in,4th Year,CSE (AI & ML),C,7,68.7,66,64,68,59,71,61,68,74,60,17,58,70,65,Medium Risk
AP2024_1704,Srikanth Verma,24A91A0375,srikanth.verma704@apedu.ac.in,1st Year,Mechanical Engineering,D,1,77.1,82,77,74,44,71,66,63,69,60,16,61,78,68,Low Risk
AP2024_1705,Sravani Babu,24A91A0376,sravani.babu705@apedu.ac.in,1st Year,Mechanical Engineering,A,1,88.3,83,63,89,69,75,77,89,86,69,23,91,77,89,Low Risk
AP2024_1706,Akhil Yadav,22A91A4477,akhil.yadav706@apedu.ac.in,3rd Year,CSE (Data Science),D,6,65.1,78,67,81,69,94,81,69,85,82,15,59,77,64,Medium Risk
AP2024_1707,Manasa Kumar,24A91A0178,manasa.kumar707@apedu.ac.in,1st Year,Civil Engineering,B,2,63.6,56,33,48,36,48,53,57,56,35,15,63,58,61,Medium Risk
AP2024_1708,Akhil Prasad,22A91A1279,akhil.prasad708@apedu.ac.in,3rd Year,Information Technology,D,6,55.3,56,43,52,51,55,52,61,57,54,11,57,56,57,High Risk
AP2024_1709,Ramesh Reddy,23A91A4480,ramesh.reddy709@apedu.ac.in,2nd Year,CSE (Data Science),B,4,68.3,65,44,41,43,47,83,66,58,42,16,66,56,66,Medium Risk
AP2024_1710,Pooja Mishra,22A91A4481,pooja.mishra710@apedu.ac.in,3rd Year,CSE (Data Science),B,5,64.0,67,66,51,64,72,67,70,65,63,18,70,64,67,Medium Risk
AP2024_1711,Sneha Kumar,24A91A0182,sneha.kumar711@apedu.ac.in,1st Year,Civil Engineering,C,1,58.4,82,87,72,56,80,63,51,73,67,15,58,72,56,Medium Risk
AP2024_1712,Suresh Sastry,21A91A0483,suresh.sastry712@apedu.ac.in,4th Year,ECE,B,8,86.0,67,51,52,48,63,75,85,74,51,20,83,64,84,Medium Risk
AP2024_1713,Deepika Reddy,23A91A4484,deepika.reddy713@apedu.ac.in,2nd Year,CSE (Data Science),B,3,38.4,56,57,64,58,52,50,33,60,57,8,38,60,36,High Risk
AP2024_1714,Divya Yadav,24A91A0585,divya.yadav714@apedu.ac.in,1st Year,CSE,B,1,83.6,68,57,65,57,60,66,90,73,60,18,88,69,86,Low Risk
AP2024_1715,Kavya Goud,21A91A0286,kavya.goud715@apedu.ac.in,4th Year,EEE,A,7,43.6,57,53,49,25,50,40,52,56,52,15,58,58,50,High Risk
AP2024_1716,Manoj Babu,21A91A4487,manoj.babu716@apedu.ac.in,4th Year,CSE (Data Science),B,8,59.2,68,66,59,63,45,55,55,51,49,16,50,77,55,Medium Risk
AP2024_1717,Deepika Chary,23A91A0288,deepika.chary717@apedu.ac.in,2nd Year,EEE,B,3,75.1,89,67,80,99,79,77,78,81,76,19,80,94,77,Low Risk
AP2024_1718,Charan Babu,24A91A0189,charan.babu718@apedu.ac.in,1st Year,Civil Engineering,D,1,65.9,54,39,39,38,53,52,64,54,42,19,72,45,67,Medium Risk
AP2024_1719,Divya Chowdary,24A91A0190,divya.chowdary719@apedu.ac.in,1st Year,Civil Engineering,B,1,78.8,73,58,73,58,55,63,80,71,61,21,82,69,80,Medium Risk
AP2024_1720,Ramesh Chowdary,23A91A0501,ramesh.chowdary720@apedu.ac.in,2nd Year,CSE,A,4,80.1,93,79,94,78,66,75,80,77,79,17,78,89,79,Low Risk
AP2024_1721,Rahul Sastry,23A91A0102,rahul.sastry721@apedu.ac.in,2nd Year,Civil Engineering,D,3,38.0,72,68,75,75,55,48,36,57,54,6,28,74,34,High Risk
AP2024_1722,Srikanth Rao,21A91A1203,srikanth.rao722@apedu.ac.in,4th Year,Information Technology,D,7,77.5,90,84,84,78,85,76,65,86,70,20,67,89,70,Low Risk
AP2024_1723,Keerthi Bhatt,24A91A4404,keerthi.bhatt723@apedu.ac.in,1st Year,CSE (Data Science),C,2,86.7,61,65,80,74,66,67,91,86,63,21,85,83,87,Low Risk
AP2024_1724,Sravani Verma,24A91A0105,sravani.verma724@apedu.ac.in,1st Year,Civil Engineering,C,2,70.4,68,67,63,54,67,73,59,66,61,14,58,68,63,Medium Risk
AP2024_1725,Bhavya Reddy,24A91A0506,bhavya.reddy725@apedu.ac.in,1st Year,CSE,D,1,78.9,64,59,78,90,80,72,85,65,83,18,78,73,80,Low Risk
AP2024_1726,Manoj Somayajulu,22A91A0307,manoj.somayajulu726@apedu.ac.in,3rd Year,Mechanical Engineering,A,6,68.7,38,48,38,24,41,59,86,59,31,19,69,51,73,High Risk
AP2024_1727,Rohit Murthy,22A91A0108,rohit.murthy727@apedu.ac.in,3rd Year,Civil Engineering,C,6,82.6,76,52,61,75,47,59,77,83,68,21,77,75,79,Medium Risk
AP2024_1728,Gayatri Raju,21A91A0109,gayatri.raju728@apedu.ac.in,4th Year,Civil Engineering,D,7,82.0,87,90,88,85,83,93,60,87,82,18,73,97,72,Low Risk
AP2024_1729,Aditya Kumar,21A91A0210,aditya.kumar729@apedu.ac.in,4th Year,EEE,C,8,92.5,84,60,47,61,75,73,81,67,57,19,83,81,86,Low Risk
AP2024_1730,Tarun Varma,24A91A1211,tarun.varma730@apedu.ac.in,1st Year,Information Technology,B,1,68.5,48,60,48,36,76,43,57,63,48,14,59,60,62,Medium Risk
AP2024_1731,Harika Sharma,21A91A0512,harika.sharma731@apedu.ac.in,4th Year,CSE,B,8,81.5,59,26,65,53,62,51,78,67,47,16,74,55,78,Medium Risk
AP2024_1732,Manasa Yadav,24A91A4413,manasa.yadav732@apedu.ac.in,1st Year,CSE (Data Science),D,1,60.2,61,66,39,44,58,47,58,63,49,10,57,68,58,Medium Risk
AP2024_1733,Ramesh Murthy,24A91A0214,ramesh.murthy733@apedu.ac.in,1st Year,EEE,B,1,78.4,70,88,68,62,64,69,67,83,60,14,74,82,73,Medium Risk
AP2024_1734,Srikanth Naidu,24A91A0115,srikanth.naidu734@apedu.ac.in,1st Year,Civil Engineering,C,2,69.7,59,57,53,46,74,53,74,65,53,23,78,64,73,Medium Risk
AP2024_1735,Ramesh Rao,23A91A1216,ramesh.rao735@apedu.ac.in,2nd Year,Information Technology,A,4,80.8,60,84,81,64,69,67,83,75,76,13,77,80,80,Low Risk
AP2024_1736,Bhavya Kulkarni,22A91A0517,bhavya.kulkarni736@apedu.ac.in,3rd Year,CSE,B,5,68.0,74,55,65,59,56,52,79,74,60,20,75,78,73,Medium Risk
AP2024_1737,Gayatri Goud,24A91A0418,gayatri.goud737@apedu.ac.in,1st Year,ECE,A,2,67.8,45,44,31,22,51,48,73,66,41,15,66,47,68,High Risk
AP2024_1738,Sneha Naidu,22A91A0319,sneha.naidu738@apedu.ac.in,3rd Year,Mechanical Engineering,D,6,80.5,73,62,98,85,75,69,69,77,68,16,59,75,70,Low Risk
AP2024_1739,Tarun Bhatt,23A91A4220,tarun.bhatt739@apedu.ac.in,2nd Year,CSE (AI & ML),A,3,75.1,92,80,84,83,77,75,81,74,67,17,75,84,76,Low Risk
AP2024_1740,Yamini Gupta,22A91A0221,yamini.gupta740@apedu.ac.in,3rd Year,EEE,B,6,92.0,57,48,49,49,42,48,82,63,48,19,75,70,83,Medium Risk
AP2024_1741,Ramesh Sharma,21A91A0522,ramesh.sharma741@apedu.ac.in,4th Year,CSE,C,8,65.4,67,52,79,49,61,66,59,73,59,13,57,67,60,Medium Risk
AP2024_1742,Aditya Murthy,24A91A0223,aditya.murthy742@apedu.ac.in,1st Year,EEE,C,1,79.8,56,77,70,60,54,66,69,72,61,20,82,77,77,Low Risk
AP2024_1743,Suresh Mishra,22A91A1224,suresh.mishra743@apedu.ac.in,3rd Year,Information Technology,D,6,58.9,63,57,70,64,59,59,58,65,62,11,56,68,57,Medium Risk
AP2024_1744,Naresh Sastry,23A91A1225,naresh.sastry744@apedu.ac.in,2nd Year,Information Technology,D,4,60.5,58,55,57,50,59,45,65,65,44,19,53,52,59,Medium Risk
AP2024_1745,Swathi Reddy,21A91A0226,swathi.reddy745@apedu.ac.in,4th Year,EEE,A,7,99.5,69,54,70,60,62,65,100,82,63,21,95,77,98,Low Risk
AP2024_1746,Manasa Yadav,23A91A0327,manasa.yadav746@apedu.ac.in,2nd Year,Mechanical Engineering,D,3,75.4,73,71,97,76,62,65,84,70,74,17,69,73,76,Low Risk
AP2024_1747,Keerthi Mishra,24A91A0428,keerthi.mishra747@apedu.ac.in,1st Year,ECE,C,2,60.1,78,71,79,89,66,70,54,63,62,18,66,79,60,Medium Risk
AP2024_1748,Rahul Prasad,22A91A4429,rahul.prasad748@apedu.ac.in,3rd Year,CSE (Data Science),D,5,38.0,56,59,46,45,48,36,28,44,48,7,40,54,35,High Risk
AP2024_1749,Sireesha Kumar,23A91A4430,sireesha.kumar749@apedu.ac.in,2nd Year,CSE (Data Science),B,4,42.5,53,45,56,56,44,55,48,47,46,6,30,49,40,High Risk
AP2024_1750,Ravi Sharma,23A91A0231,ravi.sharma750@apedu.ac.in,2nd Year,EEE,B,3,79.6,88,56,67,58,62,74,72,73,66,21,92,75,81,Low Risk
AP2024_1751,Pranavi Sharma,23A91A4432,pranavi.sharma751@apedu.ac.in,2nd Year,CSE (Data Science),A,4,47.7,72,66,79,68,61,57,50,61,68,11,45,72,47,High Risk
AP2024_1752,Suresh Naidu,21A91A0533,suresh.naidu752@apedu.ac.in,4th Year,CSE,D,7,67.3,73,75,75,76,68,54,73,58,73,15,56,73,65,Medium Risk
AP2024_1753,Srikanth Chary,22A91A0234,srikanth.chary753@apedu.ac.in,3rd Year,EEE,D,6,79.3,42,50,80,71,59,61,74,75,57,15,67,69,74,Medium Risk
AP2024_1754,Aditya Mishra,22A91A0435,aditya.mishra754@apedu.ac.in,3rd Year,ECE,B,6,73.3,67,71,72,54,81,67,67,67,55,18,70,72,70,Medium Risk
AP2024_1755,Ananya Mishra,21A91A0536,ananya.mishra755@apedu.ac.in,4th Year,CSE,C,8,75.2,85,75,79,73,55,60,74,71,70,17,73,83,74,Low Risk
AP2024_1756,Tarun Kulkarni,23A91A4237,tarun.kulkarni756@apedu.ac.in,2nd Year,CSE (AI & ML),D,4,66.4,91,78,86,88,56,76,62,75,70,17,63,83,64,Medium Risk
AP2024_1757,Sireesha Somayajulu,24A91A0438,sireesha.somayajulu757@apedu.ac.in,1st Year,ECE,D,1,69.2,68,82,76,74,61,68,73,72,64,15,52,80,65,Medium Risk
AP2024_1758,Swathi Chowdary,22A91A0239,swathi.chowdary758@apedu.ac.in,3rd Year,EEE,B,6,74.3,66,51,53,58,58,65,73,71,49,20,74,65,73,Medium Risk
AP2024_1759,Yamini Raju,23A91A1240,yamini.raju759@apedu.ac.in,2nd Year,Information Technology,C,4,78.9,78,74,72,67,70,61,71,64,59,16,58,78,70,Medium Risk
AP2024_1760,Srikanth Goud,21A91A0441,srikanth.goud760@apedu.ac.in,4th Year,ECE,D,8,86.4,53,57,40,52,52,70,74,68,52,21,76,64,79,Medium Risk
AP2024_1761,Srikanth Kumar,21A91A1242,srikanth.kumar761@apedu.ac.in,4th Year,Information Technology,B,8,80.5,68,59,55,50,61,84,79,55,51,19,86,57,81,Low Risk
AP2024_1762,Naresh Varma,23A91A0243,naresh.varma762@apedu.ac.in,2nd Year,EEE,B,3,50.6,45,28,41,41,57,49,54,40,35,15,55,49,52,High Risk
AP2024_1763,Yamini Murthy,21A91A4444,yamini.murthy763@apedu.ac.in,4th Year,CSE (Data Science),B,7,84.9,71,66,60,59,80,58,82,81,66,20,74,77,80,Low Risk
AP2024_1764,Sravani Reddy,23A91A1245,sravani.reddy764@apedu.ac.in,2nd Year,Information Technology,B,4,49.1,85,66,88,75,68,67,54,72,68,14,40,80,47,High Risk
AP2024_1765,Akhil Joshi,22A91A0246,akhil.joshi765@apedu.ac.in,3rd Year,EEE,C,6,76.4,56,64,64,48,60,64,80,82,50,21,88,72,80,Medium Risk
AP2024_1766,Yamini Bhatt,24A91A4247,yamini.bhatt766@apedu.ac.in,1st Year,CSE (AI & ML),B,2,76.7,81,46,56,53,50,64,65,74,58,19,79,50,73,Medium Risk
AP2024_1767,Ananya Sharma,22A91A4248,ananya.sharma767@apedu.ac.in,3rd Year,CSE (AI & ML),D,6,75.3,75,67,86,61,73,69,84,72,61,22,68,69,75,Low Risk
AP2024_1768,Charan Raju,22A91A0249,charan.raju768@apedu.ac.in,3rd Year,EEE,C,6,59.0,62,45,63,75,52,61,59,58,59,15,52,63,56,Medium Risk
AP2024_1769,Venkata Murthy,24A91A0450,venkata.murthy769@apedu.ac.in,1st Year,ECE,B,2,60.9,74,68,69,57,51,52,64,62,58,12,66,69,63,Medium Risk
AP2024_1770,Tejaswi Kumar,22A91A1251,tejaswi.kumar770@apedu.ac.in,3rd Year,Information Technology,A,6,68.1,71,56,71,52,41,51,66,68,56,17,64,63,66,Medium Risk
AP2024_1771,Manasa Chary,22A91A4452,manasa.chary771@apedu.ac.in,3rd Year,CSE (Data Science),B,6,66.4,75,47,61,55,69,64,76,77,61,19,81,64,73,Medium Risk
AP2024_1772,Charan Murthy,21A91A4253,charan.murthy772@apedu.ac.in,4th Year,CSE (AI & ML),B,7,80.8,60,67,55,43,67,65,76,63,46,20,73,64,77,Medium Risk
AP2024_1773,Charan Verma,22A91A0254,charan.verma773@apedu.ac.in,3rd Year,EEE,C,6,75.3,41,40,34,45,48,51,66,54,30,17,64,44,69,High Risk
AP2024_1774,Ramesh Yadav,21A91A1255,ramesh.yadav774@apedu.ac.in,4th Year,Information Technology,C,8,80.6,65,70,65,63,55,75,81,74,73,19,79,73,80,Low Risk
AP2024_1775,Swathi Mishra,21A91A4456,swathi.mishra775@apedu.ac.in,4th Year,CSE (Data Science),B,8,67.8,60,77,72,74,51,54,66,74,60,14,63,57,65,Medium Risk
AP2024_1776,Venkata Varma,23A91A4257,venkata.varma776@apedu.ac.in,2nd Year,CSE (AI & ML),B,4,77.3,75,62,82,65,55,84,73,76,66,20,62,84,71,Low Risk
AP2024_1777,Sneha Prasad,24A91A4258,sneha.prasad777@apedu.ac.in,1st Year,CSE (AI & ML),D,1,81.9,46,64,47,42,52,55,73,62,46,17,66,70,74,Medium Risk
AP2024_1778,Yamini Rao,24A91A4259,yamini.rao778@apedu.ac.in,1st Year,CSE (AI & ML),A,2,69.2,48,53,51,47,44,49,64,52,58,17,72,50,68,Medium Risk
AP2024_1779,Kavya Chary,23A91A0160,kavya.chary779@apedu.ac.in,2nd Year,Civil Engineering,C,3,68.4,63,59,63,66,61,50,67,58,71,19,69,65,68,Medium Risk
AP2024_1780,Pranavi Verma,22A91A4461,pranavi.verma780@apedu.ac.in,3rd Year,CSE (Data Science),B,6,65.7,73,53,81,73,64,66,72,65,61,17,73,72,69,Medium Risk
AP2024_1781,Akhil Goud,24A91A0362,akhil.goud781@apedu.ac.in,1st Year,Mechanical Engineering,C,1,63.1,61,71,65,58,66,66,66,57,50,19,58,66,62,Medium Risk
AP2024_1782,Sravani Babu,22A91A4463,sravani.babu782@apedu.ac.in,3rd Year,CSE (Data Science),B,6,78.1,66,63,68,62,81,73,75,66,66,17,79,75,77,Low Risk
AP2024_1783,Swathi Chary,21A91A0264,swathi.chary783@apedu.ac.in,4th Year,EEE,C,8,79.3,82,59,71,62,57,57,76,63,65,19,80,62,78,Medium Risk
AP2024_1784,Sravani Joshi,23A91A1265,sravani.joshi784@apedu.ac.in,2nd Year,Information Technology,C,3,71.2,82,54,65,68,70,59,65,66,58,16,70,73,68,Medium Risk
AP2024_1785,Srikanth Murthy,22A91A0266,srikanth.murthy785@apedu.ac.in,3rd Year,EEE,A,5,60.9,66,39,61,59,58,52,52,58,53,15,56,53,56,Medium Risk
AP2024_1786,Sai Mishra,23A91A0267,sai.mishra786@apedu.ac.in,2nd Year,EEE,D,4,65.5,59,57,68,45,56,53,67,66,43,16,58,70,63,Medium Risk
AP2024_1787,Chaitanya Reddy,21A91A0268,chaitanya.reddy787@apedu.ac.in,4th Year,EEE,A,8,61.7,76,90,80,67,75,84,67,66,73,14,67,76,64,Medium Risk
AP2024_1788,Ganesh Gupta,23A91A0369,ganesh.gupta788@apedu.ac.in,2nd Year,Mechanical Engineering,B,3,99.5,72,66,70,71,64,69,100,80,65,24,98,72,99,Low Risk
AP2024_1789,Deepika Joshi,21A91A0470,deepika.joshi789@apedu.ac.in,4th Year,ECE,B,8,76.0,59,48,44,54,49,54,74,51,48,21,63,46,71,Medium Risk
AP2024_1790,Manasa Prasad,23A91A4271,manasa.prasad790@apedu.ac.in,2nd Year,CSE (AI & ML),D,4,75.0,30,40,60,47,35,50,81,59,46,18,74,51,76,High Risk
AP2024_1791,Nikhil Mishra,22A91A0272,nikhil.mishra791@apedu.ac.in,3rd Year,EEE,D,6,67.1,64,43,61,35,59,63,59,65,51,18,67,55,64,Medium Risk
AP2024_1792,Bhavya Naidu,23A91A0273,bhavya.naidu792@apedu.ac.in,2nd Year,EEE,A,3,81.6,79,72,71,64,70,76,76,81,55,20,74,82,77,Low Risk
AP2024_1793,Mahesh Chary,21A91A1274,mahesh.chary793@apedu.ac.in,4th Year,Information Technology,B,8,58.0,65,60,71,66,59,66,56,58,69,17,67,52,60,High Risk
AP2024_1794,Sireesha Reddy,23A91A0575,sireesha.reddy794@apedu.ac.in,2nd Year,CSE,B,3,67.1,76,81,70,79,70,59,64,72,71,17,64,73,65,Medium Risk
AP2024_1795,Harika Gupta,22A91A1276,harika.gupta795@apedu.ac.in,3rd Year,Information Technology,A,5,77.2,79,76,69,62,76,72,79,73,57,17,98,85,83,Low Risk
AP2024_1796,Pranavi Naidu,23A91A1277,pranavi.naidu796@apedu.ac.in,2nd Year,Information Technology,B,3,61.9,60,45,58,50,52,39,67,47,62,16,68,52,65,Medium Risk
AP2024_1797,Charan Murthy,22A91A0378,charan.murthy797@apedu.ac.in,3rd Year,Mechanical Engineering,D,6,79.9,69,50,67,60,52,71,61,59,53,17,54,51,66,Medium Risk
AP2024_1798,Karthik Patel,24A91A0579,karthik.patel798@apedu.ac.in,1st Year,CSE,C,1,61.3,46,49,58,61,63,52,69,60,55,17,70,58,66,Medium Risk
AP2024_1799,Tarun Naidu,21A91A0480,tarun.naidu799@apedu.ac.in,4th Year,ECE,C,7,81.4,69,62,61,46,70,40,72,72,49,19,75,68,76,Medium Risk
AP2024_1800,Manasa Reddy,24A91A0181,manasa.reddy800@apedu.ac.in,1st Year,Civil Engineering,D,1,83.0,72,76,67,74,59,85,80,62,60,16,74,56,79,Medium Risk
AP2024_1801,Nikhil Rao,23A91A4282,nikhil.rao801@apedu.ac.in,2nd Year,CSE (AI & ML),B,4,58.0,61,70,77,68,73,80,55,72,68,14,49,81,54,Medium Risk
AP2024_1802,Sravani Prasad,22A91A4483,sravani.prasad802@apedu.ac.in,3rd Year,CSE (Data Science),A,6,69.2,60,69,68,56,68,68,66,72,52,21,81,75,71,Medium Risk
AP2024_1803,Yamini Mishra,24A91A1284,yamini.mishra803@apedu.ac.in,1st Year,Information Technology,C,2,89.8,61,67,70,54,55,71,85,85,57,19,79,80,85,Low Risk
AP2024_1804,Bhavya Kumar,24A91A4285,bhavya.kumar804@apedu.ac.in,1st Year,CSE (AI & ML),B,1,66.8,42,27,34,40,46,47,51,60,34,17,51,52,57,High Risk
AP2024_1805,Ganesh Patel,24A91A0286,ganesh.patel805@apedu.ac.in,1st Year,EEE,A,1,76.6,53,61,65,60,61,53,66,53,60,18,75,71,72,Medium Risk
AP2024_1806,Tarun Verma,24A91A1287,tarun.verma806@apedu.ac.in,1st Year,Information Technology,B,1,39.9,60,58,67,62,51,62,39,50,51,11,41,61,39,High Risk
AP2024_1807,Srikanth Naidu,23A91A1288,srikanth.naidu807@apedu.ac.in,2nd Year,Information Technology,A,3,60.2,63,65,78,52,46,61,58,69,56,18,60,67,59,Medium Risk
AP2024_1808,Gayatri Patel,24A91A0389,gayatri.patel808@apedu.ac.in,1st Year,Mechanical Engineering,B,1,99.5,87,75,80,64,89,84,89,94,71,26,98,98,95,Low Risk
AP2024_1809,Chaitanya Chowdary,23A91A0490,chaitanya.chowdary809@apedu.ac.in,2nd Year,ECE,C,4,41.0,44,29,56,57,47,35,48,46,46,9,46,42,44,High Risk
AP2024_1810,Yamini Yadav,22A91A0401,yamini.yadav810@apedu.ac.in,3rd Year,ECE,A,6,86.1,57,39,60,71,44,68,75,59,55,18,91,65,84,Medium Risk
AP2024_1811,Manasa Kumar,23A91A0502,manasa.kumar811@apedu.ac.in,2nd Year,CSE,D,4,76.1,72,66,83,76,76,74,84,77,69,23,70,87,76,Low Risk
AP2024_1812,Lavanya Joshi,22A91A0403,lavanya.joshi812@apedu.ac.in,3rd Year,ECE,B,6,61.8,68,72,61,66,49,56,49,63,61,12,47,70,53,Medium Risk
AP2024_1813,Chaitanya Kumar,22A91A0204,chaitanya.kumar813@apedu.ac.in,3rd Year,EEE,B,6,53.8,66,55,89,79,68,47,39,62,60,9,41,67,45,High Risk
AP2024_1814,Pooja Mishra,23A91A0205,pooja.mishra814@apedu.ac.in,2nd Year,EEE,C,4,74.7,87,54,64,45,74,63,65,68,66,14,58,71,66,Medium Risk
AP2024_1815,Chaitanya Kumar,21A91A0106,chaitanya.kumar815@apedu.ac.in,4th Year,Civil Engineering,B,7,88.5,72,60,73,66,76,86,87,83,60,20,78,76,84,Low Risk
AP2024_1816,Venkata Chary,22A91A0307,venkata.chary816@apedu.ac.in,3rd Year,Mechanical Engineering,A,5,77.7,68,55,66,56,48,57,74,59,67,13,56,53,70,Medium Risk
AP2024_1817,Chaitanya Prasad,23A91A4408,chaitanya.prasad817@apedu.ac.in,2nd Year,CSE (Data Science),C,4,57.8,77,65,63,57,68,74,58,52,57,14,58,62,57,High Risk
AP2024_1818,Sireesha Murthy,22A91A4209,sireesha.murthy818@apedu.ac.in,3rd Year,CSE (AI & ML),A,5,76.2,89,74,83,82,66,66,70,72,69,17,76,82,74,Low Risk
AP2024_1819,Karthik Varma,23A91A0410,karthik.varma819@apedu.ac.in,2nd Year,ECE,A,3,89.6,52,65,72,75,56,68,91,72,50,23,93,68,91,Low Risk
AP2024_1820,Ravi Sharma,24A91A0111,ravi.sharma820@apedu.ac.in,1st Year,Civil Engineering,D,1,38.0,53,61,76,75,55,76,38,68,59,12,37,55,37,High Risk
AP2024_1821,Akhil Chary,22A91A0312,akhil.chary821@apedu.ac.in,3rd Year,Mechanical Engineering,B,5,52.8,42,57,76,55,68,60,61,66,55,14,56,66,56,High Risk
AP2024_1822,Ramesh Somayajulu,24A91A0413,ramesh.somayajulu822@apedu.ac.in,1st Year,ECE,D,1,65.7,68,55,57,47,58,59,64,56,50,14,58,65,62,Medium Risk
AP2024_1823,Rahul Babu,24A91A0114,rahul.babu823@apedu.ac.in,1st Year,Civil Engineering,C,2,73.7,76,67,42,40,55,65,84,61,47,22,73,67,76,Medium Risk
AP2024_1824,Ananya Chary,22A91A4215,ananya.chary824@apedu.ac.in,3rd Year,CSE (AI & ML),C,5,98.3,72,74,71,59,83,69,100,79,59,28,98,71,98,Low Risk
AP2024_1825,Pooja Sharma,24A91A0416,pooja.sharma825@apedu.ac.in,1st Year,ECE,D,1,92.5,67,57,56,47,52,64,89,83,56,27,98,76,93,Medium Risk
AP2024_1826,Bhavya Sharma,23A91A0117,bhavya.sharma826@apedu.ac.in,2nd Year,Civil Engineering,A,3,83.1,58,67,100,83,78,79,85,75,61,22,89,71,85,Low Risk
AP2024_1827,Naresh Kumar,21A91A4218,naresh.kumar827@apedu.ac.in,4th Year,CSE (AI & ML),B,8,83.8,85,67,81,80,97,73,77,71,78,18,89,68,83,Low Risk
AP2024_1828,Aditya Joshi,21A91A4419,aditya.joshi828@apedu.ac.in,4th Year,CSE (Data Science),D,8,97.4,81,71,79,54,64,64,79,76,59,23,75,90,85,Low Risk
AP2024_1829,Keerthi Patel,22A91A0120,keerthi.patel829@apedu.ac.in,3rd Year,Civil Engineering,D,6,49.7,69,66,72,84,70,68,52,70,65,12,43,72,48,High Risk
AP2024_1830,Sireesha Chary,23A91A0121,sireesha.chary830@apedu.ac.in,2nd Year,Civil Engineering,C,3,81.9,79,73,74,80,76,77,74,77,68,22,80,78,78,Low Risk
AP2024_1831,Srikanth Babu,21A91A0522,srikanth.babu831@apedu.ac.in,4th Year,CSE,A,8,72.7,61,60,72,56,61,74,74,67,62,15,66,71,71,Medium Risk
AP2024_1832,Tejaswi Chary,24A91A0223,tejaswi.chary832@apedu.ac.in,1st Year,EEE,A,1,75.4,74,77,67,45,65,68,71,84,52,17,80,74,75,Medium Risk
AP2024_1833,Pavan Verma,23A91A0524,pavan.verma833@apedu.ac.in,2nd Year,CSE,C,4,63.4,71,56,67,55,56,73,57,68,65,14,69,58,63,Medium Risk
AP2024_1834,Yamini Mishra,23A91A0525,yamini.mishra834@apedu.ac.in,2nd Year,CSE,D,3,70.1,88,74,76,64,58,59,70,56,61,17,75,67,71,Medium Risk
AP2024_1835,Keerthi Varma,23A91A0326,keerthi.varma835@apedu.ac.in,2nd Year,Mechanical Engineering,B,4,75.0,62,68,57,62,71,72,72,66,54,17,60,63,69,Medium Risk
AP2024_1836,Pranavi Raju,22A91A0127,pranavi.raju836@apedu.ac.in,3rd Year,Civil Engineering,B,5,51.3,69,36,56,51,54,54,49,60,50,11,52,62,50,High Risk
AP2024_1837,Pooja Patel,21A91A1228,pooja.patel837@apedu.ac.in,4th Year,Information Technology,A,7,75.2,70,64,64,42,57,56,74,66,51,17,69,64,72,Medium Risk
AP2024_1838,Ramesh Yadav,22A91A0129,ramesh.yadav838@apedu.ac.in,3rd Year,Civil Engineering,A,5,62.1,60,73,61,48,54,61,53,59,55,13,58,61,58,Medium Risk
AP2024_1839,Ananya Patel,22A91A0130,ananya.patel839@apedu.ac.in,3rd Year,Civil Engineering,A,6,70.9,95,90,85,60,72,80,75,76,74,19,76,85,73,Medium Risk
AP2024_1840,Pranavi Yadav,24A91A0531,pranavi.yadav840@apedu.ac.in,1st Year,CSE,C,2,74.2,77,82,70,68,76,64,84,60,73,18,75,85,77,Low Risk
AP2024_1841,Akhil Rao,22A91A0332,akhil.rao841@apedu.ac.in,3rd Year,Mechanical Engineering,B,5,70.7,89,64,85,77,65,78,69,67,70,17,86,75,74,Medium Risk
AP2024_1842,Rohit Rao,21A91A4233,rohit.rao842@apedu.ac.in,4th Year,CSE (AI & ML),B,8,76.6,58,43,62,56,65,62,71,64,55,17,67,64,72,Medium Risk
AP2024_1843,Ganesh Gupta,21A91A4434,ganesh.gupta843@apedu.ac.in,4th Year,CSE (Data Science),C,7,71.7,43,52,54,66,47,69,80,57,54,21,76,60,75,Medium Risk
AP2024_1844,Rahul Sastry,24A91A0235,rahul.sastry844@apedu.ac.in,1st Year,EEE,A,2,58.5,65,64,69,49,72,63,59,67,60,17,58,72,58,Medium Risk
AP2024_1845,Tarun Mishra,21A91A4436,tarun.mishra845@apedu.ac.in,4th Year,CSE (Data Science),D,7,92.3,90,67,72,50,75,75,79,80,62,21,78,92,84,Low Risk
AP2024_1846,Yamini Sharma,21A91A0437,yamini.sharma846@apedu.ac.in,4th Year,ECE,B,8,70.1,64,60,44,60,59,61,65,69,61,13,55,63,64,Medium Risk
AP2024_1847,Nikhil Naidu,22A91A0338,nikhil.naidu847@apedu.ac.in,3rd Year,Mechanical Engineering,A,6,72.7,62,65,50,50,65,52,81,77,59,19,57,66,70,Medium Risk
AP2024_1848,Suresh Kulkarni,21A91A0339,suresh.kulkarni848@apedu.ac.in,4th Year,Mechanical Engineering,C,8,69.0,55,63,67,59,61,48,73,62,52,18,64,68,68,Medium Risk
AP2024_1849,Bhavya Patel,22A91A0240,bhavya.patel849@apedu.ac.in,3rd Year,EEE,B,5,45.6,44,48,55,65,53,35,37,52,44,8,43,40,42,High Risk
AP2024_1850,Keerthi Chary,21A91A1241,keerthi.chary850@apedu.ac.in,4th Year,Information Technology,A,7,72.6,75,83,64,46,79,71,71,74,68,19,69,83,71,Low Risk
AP2024_1851,Pranavi Sharma,22A91A4242,pranavi.sharma851@apedu.ac.in,3rd Year,CSE (AI & ML),A,5,84.3,63,64,62,50,43,58,69,54,48,20,76,72,77,Medium Risk
AP2024_1852,Ananya Verma,23A91A0543,ananya.verma852@apedu.ac.in,2nd Year,CSE,C,4,44.4,68,68,72,59,71,54,58,65,51,11,59,63,52,High Risk
AP2024_1853,Suresh Gupta,21A91A0544,suresh.gupta853@apedu.ac.in,4th Year,CSE,C,8,55.1,62,73,93,78,68,58,58,81,65,18,61,78,57,High Risk
AP2024_1854,Manoj Joshi,23A91A0245,manoj.joshi854@apedu.ac.in,2nd Year,EEE,D,3,80.5,51,48,57,68,61,59,78,69,56,22,84,66,80,Medium Risk
AP2024_1855,Gayatri Varma,24A91A0546,gayatri.varma855@apedu.ac.in,1st Year,CSE,C,2,77.5,81,65,86,96,63,62,70,64,71,18,64,77,71,Low Risk
AP2024_1856,Sneha Rao,22A91A0247,sneha.rao856@apedu.ac.in,3rd Year,EEE,A,5,70.2,62,57,57,42,55,70,68,68,48,20,75,49,70,Medium Risk
AP2024_1857,Mahesh Yadav,24A91A0148,mahesh.yadav857@apedu.ac.in,1st Year,Civil Engineering,C,1,74.5,61,63,64,65,80,60,80,68,65,21,73,74,75,Low Risk
AP2024_1858,Srikanth Chowdary,24A91A0149,srikanth.chowdary858@apedu.ac.in,1st Year,Civil Engineering,B,2,62.2,78,53,72,77,61,62,73,64,67,11,66,76,66,Medium Risk
AP2024_1859,Manasa Mishra,24A91A1250,manasa.mishra859@apedu.ac.in,1st Year,Information Technology,A,2,77.1,56,72,78,74,74,66,64,69,59,18,82,68,74,Low Risk
AP2024_1860,Aditya Sharma,21A91A0551,aditya.sharma860@apedu.ac.in,4th Year,CSE,B,7,47.7,64,55,56,48,56,57,53,70,43,16,71,65,56,High Risk
AP2024_1861,Akhil Gupta,22A91A0152,akhil.gupta861@apedu.ac.in,3rd Year,Civil Engineering,B,6,72.3,74,63,77,64,79,79,62,79,69,17,72,85,69,Low Risk
AP2024_1862,Venkata Kumar,22A91A0253,venkata.kumar862@apedu.ac.in,3rd Year,EEE,B,6,60.5,52,55,56,45,65,39,59,66,49,16,74,58,64,Medium Risk
AP2024_1863,Sandhya Raju,24A91A0154,sandhya.raju863@apedu.ac.in,1st Year,Civil Engineering,A,2,67.8,81,46,89,78,56,89,68,77,64,18,67,73,67,Medium Risk
AP2024_1864,Yamini Raju,23A91A0355,yamini.raju864@apedu.ac.in,2nd Year,Mechanical Engineering,D,3,95.3,80,69,80,74,72,82,84,83,78,20,84,85,88,Low Risk
AP2024_1865,Divya Naidu,21A91A0156,divya.naidu865@apedu.ac.in,4th Year,Civil Engineering,B,7,93.7,76,86,93,84,91,73,94,91,77,20,86,90,91,Low Risk
AP2024_1866,Naresh Varma,21A91A0357,naresh.varma866@apedu.ac.in,4th Year,Mechanical Engineering,D,8,73.1,76,88,80,75,84,66,69,85,69,17,80,81,73,Low Risk
AP2024_1867,Chaitanya Varma,23A91A0458,chaitanya.varma867@apedu.ac.in,2nd Year,ECE,B,3,67.2,68,52,45,49,64,60,65,62,56,16,71,53,67,Medium Risk
AP2024_1868,Pavan Somayajulu,23A91A4459,pavan.somayajulu868@apedu.ac.in,2nd Year,CSE (Data Science),B,4,69.6,78,69,82,64,66,78,76,83,57,16,52,84,66,Medium Risk
AP2024_1869,Sireesha Naidu,24A91A0360,sireesha.naidu869@apedu.ac.in,1st Year,Mechanical Engineering,B,1,70.8,57,60,62,65,44,57,59,60,52,17,63,60,64,Medium Risk
AP2024_1870,Venkata Patel,21A91A0261,venkata.patel870@apedu.ac.in,4th Year,EEE,D,8,46.6,56,54,36,50,26,44,42,29,34,10,38,51,42,High Risk
AP2024_1871,Varun Varma,23A91A4462,varun.varma871@apedu.ac.in,2nd Year,CSE (Data Science),B,3,74.5,69,51,54,66,70,72,64,69,55,21,84,78,74,Low Risk
AP2024_1872,Venkata Chary,22A91A0463,venkata.chary872@apedu.ac.in,3rd Year,ECE,B,5,70.7,44,45,22,20,52,79,65,72,39,15,64,52,66,High Risk
AP2024_1873,Venkata Kumar,24A91A4464,venkata.kumar873@apedu.ac.in,1st Year,CSE (Data Science),D,2,87.5,94,83,100,81,86,87,90,88,79,23,80,95,85,Low Risk
AP2024_1874,Srikanth Goud,21A91A1265,srikanth.goud874@apedu.ac.in,4th Year,Information Technology,B,8,57.9,46,46,55,57,52,49,57,63,45,15,56,57,57,High Risk
AP2024_1875,Sneha Sharma,23A91A0166,sneha.sharma875@apedu.ac.in,2nd Year,Civil Engineering,A,3,64.4,55,53,55,59,51,60,64,68,49,17,54,70,61,Medium Risk
AP2024_1876,Varun Murthy,23A91A0467,varun.murthy876@apedu.ac.in,2nd Year,ECE,A,3,84.3,57,46,61,48,74,56,80,56,47,18,83,63,82,Medium Risk
AP2024_1877,Aditya Babu,21A91A1268,aditya.babu877@apedu.ac.in,4th Year,Information Technology,B,8,73.1,67,80,66,46,84,68,70,79,72,18,71,83,71,Low Risk
AP2024_1878,Ganesh Prasad,24A91A0369,ganesh.prasad878@apedu.ac.in,1st Year,Mechanical Engineering,D,2,48.1,67,71,81,65,60,72,44,65,58,10,54,70,48,High Risk
AP2024_1879,Gayatri Bhatt,24A91A1270,gayatri.bhatt879@apedu.ac.in,1st Year,Information Technology,D,1,62.2,46,60,53,62,45,70,53,63,45,12,52,53,56,Medium Risk
AP2024_1880,Karthik Verma,21A91A0171,karthik.verma880@apedu.ac.in,4th Year,Civil Engineering,A,7,82.2,57,60,64,49,65,84,74,66,58,17,70,66,76,Medium Risk
AP2024_1881,Bhavya Gupta,21A91A0272,bhavya.gupta881@apedu.ac.in,4th Year,EEE,C,8,93.9,58,48,75,57,57,67,90,61,52,21,87,67,90,Medium Risk
AP2024_1882,Mahesh Goud,21A91A0573,mahesh.goud882@apedu.ac.in,4th Year,CSE,B,8,80.7,70,66,84,67,88,87,82,82,55,20,66,73,76,Low Risk
AP2024_1883,Mahesh Yadav,21A91A4274,mahesh.yadav883@apedu.ac.in,4th Year,CSE (AI & ML),B,7,47.7,75,50,53,26,55,66,55,75,47,16,61,64,53,High Risk
AP2024_1884,Swathi Somayajulu,23A91A0175,swathi.somayajulu884@apedu.ac.in,2nd Year,Civil Engineering,C,4,53.7,53,63,65,64,50,36,48,57,51,12,53,67,51,High Risk
AP2024_1885,Lavanya Reddy,23A91A0476,lavanya.reddy885@apedu.ac.in,2nd Year,ECE,D,4,41.5,48,41,45,52,39,50,42,60,47,16,47,55,43,High Risk
AP2024_1886,Rahul Raju,22A91A4277,rahul.raju886@apedu.ac.in,3rd Year,CSE (AI & ML),A,5,68.3,76,75,79,67,86,58,73,79,81,19,58,68,66,Medium Risk
AP2024_1887,Suresh Somayajulu,21A91A4278,suresh.somayajulu887@apedu.ac.in,4th Year,CSE (AI & ML),D,8,38.7,88,64,74,72,71,67,43,55,62,10,44,82,41,High Risk
AP2024_1888,Sandhya Chary,23A91A0179,sandhya.chary888@apedu.ac.in,2nd Year,Civil Engineering,A,4,75.6,61,60,64,44,64,56,81,78,53,20,80,63,78,Medium Risk
AP2024_1889,Sneha Patel,23A91A4480,sneha.patel889@apedu.ac.in,2nd Year,CSE (Data Science),B,3,76.6,57,52,64,56,53,67,83,68,58,22,82,67,80,Medium Risk
AP2024_1890,Ananya Murthy,22A91A1281,ananya.murthy890@apedu.ac.in,3rd Year,Information Technology,C,6,99.5,64,54,62,42,60,68,95,69,51,22,88,68,94,Medium Risk
AP2024_1891,Aditya Chowdary,23A91A0582,aditya.chowdary891@apedu.ac.in,2nd Year,CSE,C,3,56.8,63,54,74,67,63,78,64,56,64,16,67,72,62,High Risk
AP2024_1892,Sai Babu,21A91A0583,sai.babu892@apedu.ac.in,4th Year,CSE,D,8,91.9,75,80,80,74,70,79,89,80,64,21,80,79,87,Low Risk
AP2024_1893,Nikhil Sharma,21A91A0184,nikhil.sharma893@apedu.ac.in,4th Year,Civil Engineering,D,8,58.1,35,45,53,32,54,45,44,44,30,11,48,51,50,High Risk
AP2024_1894,Rahul Chary,24A91A0285,rahul.chary894@apedu.ac.in,1st Year,EEE,B,1,75.6,64,67,66,56,57,81,94,72,53,20,76,78,81,Low Risk
AP2024_1895,Ananya Goud,23A91A0386,ananya.goud895@apedu.ac.in,2nd Year,Mechanical Engineering,A,3,55.1,59,51,60,51,54,64,58,65,55,14,53,65,55,High Risk
AP2024_1896,Rohit Rao,22A91A4287,rohit.rao896@apedu.ac.in,3rd Year,CSE (AI & ML),A,6,78.0,50,26,53,59,44,56,65,49,38,15,48,51,65,Medium Risk
AP2024_1897,Harika Murthy,23A91A0288,harika.murthy897@apedu.ac.in,2nd Year,EEE,B,3,58.6,72,61,67,49,56,54,52,69,52,18,69,70,59,Medium Risk
AP2024_1898,Mahesh Bhatt,22A91A4289,mahesh.bhatt898@apedu.ac.in,3rd Year,CSE (AI & ML),C,5,73.6,74,60,65,65,70,63,68,65,68,23,74,72,72,Low Risk
AP2024_1899,Sireesha Kumar,21A91A0190,sireesha.kumar899@apedu.ac.in,4th Year,Civil Engineering,A,7,53.3,93,78,85,71,85,69,58,69,73,12,63,85,57,High Risk
AP2024_1900,Tejaswi Sastry,23A91A0201,tejaswi.sastry900@apedu.ac.in,2nd Year,EEE,C,3,67.9,74,86,69,61,75,76,67,85,60,17,70,83,68,Medium Risk
AP2024_1901,Akhil Murthy,23A91A0502,akhil.murthy901@apedu.ac.in,2nd Year,CSE,A,3,62.6,67,45,65,51,65,59,52,54,51,14,49,60,55,Medium Risk
AP2024_1902,Naresh Yadav,24A91A0203,naresh.yadav902@apedu.ac.in,1st Year,EEE,D,2,90.6,43,45,46,37,66,54,80,56,51,18,84,47,85,Medium Risk
AP2024_1903,Ramesh Patel,22A91A4404,ramesh.patel903@apedu.ac.in,3rd Year,CSE (Data Science),D,6,75.1,73,65,77,83,79,83,78,74,63,22,72,81,75,Low Risk
AP2024_1904,Akhil Yadav,21A91A4405,akhil.yadav904@apedu.ac.in,4th Year,CSE (Data Science),B,8,82.5,77,46,62,62,74,73,79,66,62,21,81,74,81,Low Risk
AP2024_1905,Tejaswi Sharma,24A91A0506,tejaswi.sharma905@apedu.ac.in,1st Year,CSE,D,1,72.8,78,72,91,68,72,63,63,78,63,14,48,77,62,Medium Risk
AP2024_1906,Suresh Sharma,21A91A0507,suresh.sharma906@apedu.ac.in,4th Year,CSE,C,8,50.6,47,64,53,39,35,56,53,51,49,14,55,60,52,High Risk
AP2024_1907,Keerthi Joshi,23A91A0408,keerthi.joshi907@apedu.ac.in,2nd Year,ECE,C,3,99.5,65,68,70,65,61,71,94,73,53,25,98,66,97,Low Risk
AP2024_1908,Kavya Naidu,22A91A0309,kavya.naidu908@apedu.ac.in,3rd Year,Mechanical Engineering,A,6,64.2,50,60,67,62,53,57,68,65,62,16,67,57,66,Medium Risk
AP2024_1909,Suresh Kulkarni,22A91A0110,suresh.kulkarni909@apedu.ac.in,3rd Year,Civil Engineering,A,6,61.8,84,58,75,72,63,57,54,74,73,15,65,78,60,Medium Risk
AP2024_1910,Aditya Sharma,22A91A1211,aditya.sharma910@apedu.ac.in,3rd Year,Information Technology,D,6,57.3,67,69,65,77,73,59,45,56,72,12,53,68,52,High Risk
AP2024_1911,Karthik Yadav,23A91A4412,karthik.yadav911@apedu.ac.in,2nd Year,CSE (Data Science),D,4,63.4,71,73,68,59,51,62,45,68,52,11,43,72,51,Medium Risk
AP2024_1912,Chaitanya Patel,21A91A0513,chaitanya.patel912@apedu.ac.in,4th Year,CSE,C,8,78.6,33,57,65,49,63,72,71,60,51,15,71,60,74,Medium Risk
AP2024_1913,Naresh Kulkarni,22A91A0414,naresh.kulkarni913@apedu.ac.in,3rd Year,ECE,C,5,58.5,84,76,61,72,87,74,69,61,82,13,67,76,64,Medium Risk
AP2024_1914,Keerthi Naidu,23A91A0515,keerthi.naidu914@apedu.ac.in,2nd Year,CSE,C,4,99.5,67,76,55,46,77,79,93,83,72,22,94,70,95,Low Risk
AP2024_1915,Manasa Yadav,23A91A4416,manasa.yadav915@apedu.ac.in,2nd Year,CSE (Data Science),A,4,93.1,66,40,43,37,49,67,94,69,43,26,90,55,92,Medium Risk
AP2024_1916,Pavan Somayajulu,22A91A0217,pavan.somayajulu916@apedu.ac.in,3rd Year,EEE,D,5,59.6,99,72,96,99,79,87,62,66,72,17,68,71,62,Medium Risk
AP2024_1917,Rahul Sastry,23A91A1218,rahul.sastry917@apedu.ac.in,2nd Year,Information Technology,C,4,63.8,75,53,62,65,66,61,69,60,54,14,61,68,64,Medium Risk
AP2024_1918,Manoj Mishra,22A91A4219,manoj.mishra918@apedu.ac.in,3rd Year,CSE (AI & ML),C,5,58.9,60,54,80,64,67,70,64,61,63,18,55,67,59,Medium Risk
AP2024_1919,Karthik Sharma,24A91A0520,karthik.sharma919@apedu.ac.in,1st Year,CSE,D,2,66.8,83,53,81,76,63,77,55,69,67,16,55,77,59,Medium Risk
AP2024_1920,Sandhya Varma,23A91A1221,sandhya.varma920@apedu.ac.in,2nd Year,Information Technology,C,4,93.2,54,47,39,51,65,56,75,63,46,25,94,58,87,Medium Risk
AP2024_1921,Sireesha Varma,24A91A0422,sireesha.varma921@apedu.ac.in,1st Year,ECE,A,1,85.2,97,75,79,74,75,54,80,76,80,16,78,79,81,Low Risk
AP2024_1922,Mahesh Prasad,24A91A0223,mahesh.prasad922@apedu.ac.in,1st Year,EEE,A,1,53.5,78,68,72,69,63,67,45,66,58,13,60,75,52,High Risk
AP2024_1923,Ramesh Naidu,22A91A0524,ramesh.naidu923@apedu.ac.in,3rd Year,CSE,A,6,61.3,53,59,54,45,60,39,50,70,53,14,54,63,55,High Risk
AP2024_1924,Akhil Kulkarni,22A91A0225,akhil.kulkarni924@apedu.ac.in,3rd Year,EEE,B,5,59.1,32,34,48,51,30,43,56,53,35,16,63,43,59,High Risk
AP2024_1925,Sireesha Sharma,23A91A0226,sireesha.sharma925@apedu.ac.in,2nd Year,EEE,C,4,82.4,73,67,74,67,57,76,81,80,62,19,77,67,80,Low Risk
AP2024_1926,Lavanya Kulkarni,24A91A4427,lavanya.kulkarni926@apedu.ac.in,1st Year,CSE (Data Science),B,2,64.8,59,56,65,52,59,60,77,64,49,19,77,77,72,Medium Risk
AP2024_1927,Varun Chowdary,24A91A0428,varun.chowdary927@apedu.ac.in,1st Year,ECE,C,1,64.1,55,46,52,56,46,51,68,57,43,15,50,51,61,Medium Risk
AP2024_1928,Yamini Patel,22A91A0229,yamini.patel928@apedu.ac.in,3rd Year,EEE,B,5,66.7,67,74,74,66,69,80,74,73,58,18,73,77,70,Medium Risk
AP2024_1929,Sneha Naidu,22A91A1230,sneha.naidu929@apedu.ac.in,3rd Year,Information Technology,A,6,58.8,72,74,82,72,71,65,66,71,65,14,70,78,64,Medium Risk
AP2024_1930,Divya Reddy,21A91A4231,divya.reddy930@apedu.ac.in,4th Year,CSE (AI & ML),D,7,76.7,78,77,77,70,76,73,67,77,69,20,73,75,72,Low Risk
AP2024_1931,Ananya Naidu,21A91A4432,ananya.naidu931@apedu.ac.in,4th Year,CSE (Data Science),D,8,88.4,80,55,67,72,62,63,73,75,52,21,85,69,82,Low Risk
AP2024_1932,Gayatri Kumar,22A91A0433,gayatri.kumar932@apedu.ac.in,3rd Year,ECE,A,6,62.8,72,64,66,49,74,69,65,75,55,13,56,70,61,Medium Risk
AP2024_1933,Mahesh Bhatt,23A91A1234,mahesh.bhatt933@apedu.ac.in,2nd Year,Information Technology,A,3,76.6,99,80,96,88,69,82,73,85,76,14,73,98,74,Low Risk
AP2024_1934,Mahesh Gupta,21A91A0435,mahesh.gupta934@apedu.ac.in,4th Year,ECE,B,8,89.0,66,42,58,51,47,47,74,54,50,15,72,49,79,Medium Risk
AP2024_1935,Rohit Chary,22A91A0136,rohit.chary935@apedu.ac.in,3rd Year,Civil Engineering,B,6,90.8,67,65,86,79,61,75,91,74,62,22,93,70,91,Low Risk
AP2024_1936,Charan Patel,21A91A0537,charan.patel936@apedu.ac.in,4th Year,CSE,A,8,71.6,68,91,71,67,71,70,66,77,65,16,67,78,68,Medium Risk
AP2024_1937,Sravani Chowdary,22A91A1238,sravani.chowdary937@apedu.ac.in,3rd Year,Information Technology,B,6,67.4,53,79,41,25,54,68,76,67,45,19,63,67,68,Medium Risk
AP2024_1938,Tejaswi Kumar,23A91A0139,tejaswi.kumar938@apedu.ac.in,2nd Year,Civil Engineering,A,3,71.6,79,62,58,54,64,66,76,64,53,16,78,77,74,Medium Risk
AP2024_1939,Sireesha Joshi,24A91A1240,sireesha.joshi939@apedu.ac.in,1st Year,Information Technology,D,2,63.3,61,57,58,44,47,44,61,60,51,19,67,61,63,Medium Risk
AP2024_1940,Swathi Murthy,23A91A4441,swathi.murthy940@apedu.ac.in,2nd Year,CSE (Data Science),D,3,57.7,71,47,57,60,75,52,60,63,49,15,52,62,56,High Risk
AP2024_1941,Manasa Naidu,22A91A0142,manasa.naidu941@apedu.ac.in,3rd Year,Civil Engineering,D,5,44.4,57,56,52,58,56,53,55,51,51,11,51,58,49,High Risk
AP2024_1942,Naresh Patel,23A91A4243,naresh.patel942@apedu.ac.in,2nd Year,CSE (AI & ML),D,3,61.1,55,47,61,57,56,55,51,51,49,9,55,49,56,Medium Risk
AP2024_1943,Suresh Bhatt,21A91A4244,suresh.bhatt943@apedu.ac.in,4th Year,CSE (AI & ML),D,8,91.2,89,72,61,58,75,78,89,66,65,20,77,72,86,Low Risk
AP2024_1944,Aditya Gupta,21A91A4245,aditya.gupta944@apedu.ac.in,4th Year,CSE (AI & ML),D,7,41.1,55,61,58,52,55,54,35,61,44,9,48,60,41,High Risk
AP2024_1945,Sireesha Sastry,24A91A0446,sireesha.sastry945@apedu.ac.in,1st Year,ECE,B,1,90.4,73,74,93,76,68,69,87,77,67,22,93,76,90,Low Risk
AP2024_1946,Swathi Yadav,24A91A4447,swathi.yadav946@apedu.ac.in,1st Year,CSE (Data Science),D,1,76.8,53,55,59,49,41,53,66,56,48,19,70,61,71,Medium Risk
AP2024_1947,Chaitanya Gupta,21A91A0448,chaitanya.gupta947@apedu.ac.in,4th Year,ECE,B,8,81.8,52,61,43,38,52,53,79,75,44,22,81,68,80,Medium Risk
AP2024_1948,Sireesha Gupta,22A91A0349,sireesha.gupta948@apedu.ac.in,3rd Year,Mechanical Engineering,A,6,71.6,62,55,42,32,49,35,86,65,41,19,73,53,76,Medium Risk
AP2024_1949,Swathi Reddy,21A91A0250,swathi.reddy949@apedu.ac.in,4th Year,EEE,A,7,48.8,67,68,90,78,65,55,52,59,55,15,38,66,46,High Risk
AP2024_1950,Srikanth Joshi,24A91A0351,srikanth.joshi950@apedu.ac.in,1st Year,Mechanical Engineering,A,1,76.5,61,38,50,49,64,59,65,66,49,17,68,73,70,Medium Risk
AP2024_1951,Tejaswi Reddy,23A91A0152,tejaswi.reddy951@apedu.ac.in,2nd Year,Civil Engineering,C,4,70.5,81,76,81,97,71,80,73,81,79,21,77,81,73,Medium Risk
AP2024_1952,Manasa Prasad,21A91A0453,manasa.prasad952@apedu.ac.in,4th Year,ECE,B,8,67.0,66,41,48,48,51,59,63,56,47,17,63,58,64,Medium Risk
AP2024_1953,Sravani Varma,23A91A0354,sravani.varma953@apedu.ac.in,2nd Year,Mechanical Engineering,D,4,72.5,63,82,56,56,66,64,69,66,53,16,78,66,73,Low Risk
AP2024_1954,Rohit Gupta,23A91A0555,rohit.gupta954@apedu.ac.in,2nd Year,CSE,A,3,65.4,63,55,55,60,66,49,53,57,62,15,62,70,60,Medium Risk
AP2024_1955,Venkata Varma,21A91A4456,venkata.varma955@apedu.ac.in,4th Year,CSE (Data Science),A,8,94.5,64,69,70,64,78,77,77,69,50,25,96,78,89,Low Risk
AP2024_1956,Divya Yadav,21A91A0157,divya.yadav956@apedu.ac.in,4th Year,Civil Engineering,B,8,65.0,51,77,65,75,65,54,63,60,57,15,50,56,59,Medium Risk
AP2024_1957,Mahesh Mishra,21A91A0158,mahesh.mishra957@apedu.ac.in,4th Year,Civil Engineering,C,8,56.0,68,53,63,60,48,60,70,44,51,18,51,62,58,High Risk
AP2024_1958,Pranavi Goud,21A91A1259,pranavi.goud958@apedu.ac.in,4th Year,Information Technology,B,7,54.1,73,71,73,74,72,88,57,67,63,10,62,75,57,High Risk
AP2024_1959,Sandhya Raju,21A91A0560,sandhya.raju959@apedu.ac.in,4th Year,CSE,A,8,75.5,54,53,46,33,67,64,76,77,43,18,85,75,78,Medium Risk
AP2024_1960,Naresh Sastry,22A91A1261,naresh.sastry960@apedu.ac.in,3rd Year,Information Technology,A,5,77.6,47,51,57,47,58,69,75,62,47,21,67,62,73,Medium Risk
AP2024_1961,Rohit Mishra,22A91A4262,rohit.mishra961@apedu.ac.in,3rd Year,CSE (AI & ML),A,6,67.8,44,38,66,52,38,42,76,57,46,19,59,45,67,Medium Risk
AP2024_1962,Nikhil Sastry,24A91A0563,nikhil.sastry962@apedu.ac.in,1st Year,CSE,C,2,88.6,85,65,61,68,82,64,88,80,71,18,84,79,87,Low Risk
AP2024_1963,Chaitanya Reddy,21A91A1264,chaitanya.reddy963@apedu.ac.in,4th Year,Information Technology,C,8,67.2,71,61,63,61,73,56,74,72,63,15,73,74,70,Medium Risk
AP2024_1964,Deepika Kumar,22A91A4465,deepika.kumar964@apedu.ac.in,3rd Year,CSE (Data Science),A,6,82.3,68,74,57,46,61,65,79,74,55,22,77,77,79,Medium Risk
AP2024_1965,Ramesh Gupta,22A91A1266,ramesh.gupta965@apedu.ac.in,3rd Year,Information Technology,B,5,65.3,75,66,58,48,61,51,57,63,68,14,58,67,60,Medium Risk
AP2024_1966,Naresh Rao,22A91A0267,naresh.rao966@apedu.ac.in,3rd Year,EEE,D,5,77.4,70,44,63,67,70,77,69,64,63,17,61,72,69,Medium Risk
AP2024_1967,Rahul Varma,24A91A0268,rahul.varma967@apedu.ac.in,1st Year,EEE,B,2,64.1,71,65,69,62,73,69,62,61,57,17,55,69,60,Medium Risk
AP2024_1968,Gayatri Raju,22A91A0569,gayatri.raju968@apedu.ac.in,3rd Year,CSE,A,6,79.7,87,59,95,79,73,65,81,82,70,21,82,74,80,Medium Risk
AP2024_1969,Ramesh Goud,23A91A0370,ramesh.goud969@apedu.ac.in,2nd Year,Mechanical Engineering,B,4,64.6,50,71,57,72,67,74,67,68,65,18,67,79,66,Medium Risk
AP2024_1970,Kavya Somayajulu,23A91A4471,kavya.somayajulu970@apedu.ac.in,2nd Year,CSE (Data Science),A,4,72.2,61,66,63,51,41,59,78,56,57,16,70,61,73,Medium Risk
AP2024_1971,Charan Naidu,23A91A1272,charan.naidu971@apedu.ac.in,2nd Year,Information Technology,D,3,44.7,72,54,62,49,63,69,59,65,47,12,51,63,50,High Risk
AP2024_1972,Manasa Verma,21A91A0473,manasa.verma972@apedu.ac.in,4th Year,ECE,C,7,53.4,50,60,74,61,62,62,50,60,55,13,45,64,49,High Risk
AP2024_1973,Ananya Yadav,22A91A0574,ananya.yadav973@apedu.ac.in,3rd Year,CSE,B,5,74.2,46,33,20,20,35,43,55,58,32,14,70,36,67,High Risk
AP2024_1974,Mahesh Prasad,21A91A1275,mahesh.prasad974@apedu.ac.in,4th Year,Information Technology,B,8,41.1,49,46,46,41,44,46,47,48,45,17,52,48,46,High Risk
AP2024_1975,Manasa Kulkarni,21A91A0276,manasa.kulkarni975@apedu.ac.in,4th Year,EEE,B,8,81.0,41,50,44,35,64,61,90,65,30,21,74,64,81,Medium Risk
AP2024_1976,Akhil Murthy,24A91A1277,akhil.murthy976@apedu.ac.in,1st Year,Information Technology,D,2,77.3,63,69,68,62,52,55,63,71,60,17,57,63,66,Medium Risk
AP2024_1977,Sireesha Mishra,24A91A0378,sireesha.mishra977@apedu.ac.in,1st Year,Mechanical Engineering,D,1,98.7,57,60,61,53,81,62,87,56,60,19,87,73,91,Low Risk
AP2024_1978,Gayatri Yadav,22A91A0279,gayatri.yadav978@apedu.ac.in,3rd Year,EEE,C,6,70.7,36,28,30,30,44,42,72,52,33,18,79,40,73,High Risk
AP2024_1979,Harika Raju,21A91A0480,harika.raju979@apedu.ac.in,4th Year,ECE,B,8,73.8,45,40,39,21,37,49,68,57,31,18,74,47,72,High Risk
AP2024_1980,Akhil Patel,23A91A0581,akhil.patel980@apedu.ac.in,2nd Year,CSE,A,4,85.9,88,73,69,56,55,66,78,73,57,15,87,74,83,Low Risk
AP2024_1981,Pooja Reddy,21A91A4282,pooja.reddy981@apedu.ac.in,4th Year,CSE (AI & ML),D,7,81.9,61,58,51,50,52,67,69,62,54,23,82,61,78,Medium Risk
AP2024_1982,Keerthi Verma,22A91A0483,keerthi.verma982@apedu.ac.in,3rd Year,ECE,A,6,69.9,65,58,52,42,68,49,58,54,45,12,61,71,63,Medium Risk
AP2024_1983,Venkata Chary,24A91A0484,venkata.chary983@apedu.ac.in,1st Year,ECE,A,1,70.0,56,67,58,62,65,52,60,65,52,13,66,73,65,Medium Risk
AP2024_1984,Suresh Naidu,23A91A4485,suresh.naidu984@apedu.ac.in,2nd Year,CSE (Data Science),A,4,45.4,56,66,71,64,55,56,44,50,58,13,61,62,49,High Risk
AP2024_1985,Aditya Raju,22A91A4286,aditya.raju985@apedu.ac.in,3rd Year,CSE (AI & ML),D,6,91.9,53,57,68,62,60,61,78,64,61,22,87,61,86,Medium Risk
AP2024_1986,Varun Murthy,22A91A4487,varun.murthy986@apedu.ac.in,3rd Year,CSE (Data Science),A,6,77.4,75,59,71,64,65,56,67,65,65,15,75,80,73,Low Risk
AP2024_1987,Varun Rao,21A91A0388,varun.rao987@apedu.ac.in,4th Year,Mechanical Engineering,A,8,62.7,80,69,78,79,73,62,68,69,62,18,62,89,64,Medium Risk
AP2024_1988,Kavya Raju,23A91A4289,kavya.raju988@apedu.ac.in,2nd Year,CSE (AI & ML),D,4,75.8,46,55,34,20,47,56,72,48,45,18,73,44,73,High Risk
AP2024_1989,Bhavya Chary,21A91A1290,bhavya.chary989@apedu.ac.in,4th Year,Information Technology,A,7,58.8,70,75,76,86,56,76,70,71,71,21,62,80,63,Medium Risk
AP2024_1990,Rohit Joshi,21A91A4201,rohit.joshi990@apedu.ac.in,4th Year,CSE (AI & ML),D,7,45.6,74,86,79,71,61,63,55,70,79,12,59,82,52,High Risk
AP2024_1991,Kavya Chowdary,24A91A4202,kavya.chowdary991@apedu.ac.in,1st Year,CSE (AI & ML),C,1,56.8,70,73,57,64,74,74,50,55,56,23,63,60,56,High Risk
AP2024_1992,Lavanya Reddy,21A91A0503,lavanya.reddy992@apedu.ac.in,4th Year,CSE,A,7,99.5,78,44,58,50,59,71,95,73,57,23,98,64,97,Medium Risk
AP2024_1993,Manasa Raju,23A91A0104,manasa.raju993@apedu.ac.in,2nd Year,Civil Engineering,A,4,79.9,60,66,55,44,54,55,78,61,55,15,70,74,76,Medium Risk
AP2024_1994,Sandhya Somayajulu,21A91A0105,sandhya.somayajulu994@apedu.ac.in,4th Year,Civil Engineering,D,8,96.9,68,70,72,87,70,72,85,85,68,22,93,89,92,Low Risk
AP2024_1995,Pooja Joshi,23A91A0106,pooja.joshi995@apedu.ac.in,2nd Year,Civil Engineering,D,3,71.5,47,44,39,29,42,52,64,44,39,14,67,49,67,High Risk
AP2024_1996,Suresh Bhatt,22A91A0207,suresh.bhatt996@apedu.ac.in,3rd Year,EEE,D,6,74.5,60,62,55,51,56,52,64,62,57,18,70,70,70,Medium Risk
AP2024_1997,Ananya Yadav,24A91A0308,ananya.yadav997@apedu.ac.in,1st Year,Mechanical Engineering,A,2,70.4,63,65,48,49,49,66,74,54,62,16,69,59,71,Medium Risk
AP2024_1998,Mahesh Gupta,23A91A0509,mahesh.gupta998@apedu.ac.in,2nd Year,CSE,D,3,87.8,67,51,67,45,63,51,84,64,62,22,80,62,84,Medium Risk
AP2024_1999,Bhavya Gupta,21A91A0310,bhavya.gupta0@apedu.ac.in,4th Year,Mechanical Engineering,D,7,96.6,87,60,62,62,61,51,90,56,58,18,84,72,90,Low Risk
AP2024_2000,Rahul Yadav,21A91A4411,rahul.yadav1@apedu.ac.in,4th Year,CSE (Data Science),A,7,74.9,59,63,47,49,56,60,80,73,49,17,79,68,77,Medium Risk
AP2024_2001,Bhavya Reddy,23A91A0112,bhavya.reddy2@apedu.ac.in,2nd Year,Civil Engineering,A,4,65.1,90,76,69,61,70,81,71,64,63,16,69,82,68,Medium Risk
AP2024_2002,Chaitanya Yadav,22A91A1213,chaitanya.yadav3@apedu.ac.in,3rd Year,Information Technology,A,6,66.8,73,46,59,44,41,54,58,65,58,16,59,57,61,Medium Risk
AP2024_2003,Karthik Patel,24A91A0514,karthik.patel4@apedu.ac.in,1st Year,CSE,D,2,81.1,62,58,53,50,68,58,81,68,58,23,85,61,82,Medium Risk
AP2024_2004,Suresh Sharma,21A91A0415,suresh.sharma5@apedu.ac.in,4th Year,ECE,A,7,63.0,62,58,72,66,68,58,48,61,68,12,42,77,52,Medium Risk
AP2024_2005,Karthik Varma,21A91A1216,karthik.varma6@apedu.ac.in,4th Year,Information Technology,A,7,80.3,81,59,67,52,76,72,77,78,59,17,61,78,73,Low Risk
AP2024_2006,Nikhil Somayajulu,23A91A4417,nikhil.somayajulu7@apedu.ac.in,2nd Year,CSE (Data Science),A,3,62.9,71,59,61,40,42,58,62,56,61,16,52,66,59,Medium Risk
AP2024_2007,Pavan Chowdary,21A91A4218,pavan.chowdary8@apedu.ac.in,4th Year,CSE (AI & ML),A,7,90.0,78,65,83,81,88,76,100,75,72,26,94,76,94,Low Risk
AP2024_2008,Suresh Sastry,23A91A0419,suresh.sastry9@apedu.ac.in,2nd Year,ECE,D,3,80.5,71,64,71,75,61,76,65,78,63,20,74,85,73,Low Risk
AP2024_2009,Charan Kulkarni,21A91A4220,charan.kulkarni10@apedu.ac.in,4th Year,CSE (AI & ML),B,8,88.4,64,79,72,63,77,83,85,76,65,19,79,81,84,Low Risk
AP2024_2010,Sireesha Sharma,24A91A0321,sireesha.sharma11@apedu.ac.in,1st Year,Mechanical Engineering,A,1,80.4,67,83,77,67,79,80,65,69,72,19,63,80,70,Low Risk
AP2024_2011,Suresh Raju,23A91A4422,suresh.raju12@apedu.ac.in,2nd Year,CSE (Data Science),C,4,59.3,36,51,60,70,53,52,68,59,46,18,62,67,62,Medium Risk
AP2024_2012,Yamini Goud,21A91A0523,yamini.goud13@apedu.ac.in,4th Year,CSE,B,7,94.4,60,46,63,56,51,60,91,65,56,22,89,63,91,Medium Risk
AP2024_2013,Harika Yadav,21A91A0524,harika.yadav14@apedu.ac.in,4th Year,CSE,D,7,79.7,45,49,44,53,52,46,81,56,42,14,65,61,75,Medium Risk
AP2024_2014,Rahul Reddy,24A91A4225,rahul.reddy15@apedu.ac.in,1st Year,CSE (AI & ML),C,1,71.3,95,85,69,54,64,63,63,73,66,15,67,80,67,Medium Risk
AP2024_2015,Deepika Somayajulu,21A91A0426,deepika.somayajulu16@apedu.ac.in,4th Year,ECE,B,7,96.0,80,64,62,68,70,63,78,76,70,20,80,83,85,Low Risk
AP2024_2016,Varun Mishra,21A91A0427,varun.mishra17@apedu.ac.in,4th Year,ECE,B,8,68.9,91,72,100,92,86,76,56,80,84,11,64,81,63,Medium Risk
AP2024_2017,Gayatri Somayajulu,24A91A1228,gayatri.somayajulu18@apedu.ac.in,1st Year,Information Technology,A,1,49.4,54,43,43,46,50,45,45,44,39,9,48,48,47,High Risk
AP2024_2018,Pavan Kumar,21A91A0429,pavan.kumar19@apedu.ac.in,4th Year,ECE,B,7,59.2,46,58,64,43,42,55,57,51,41,12,51,49,56,Medium Risk
AP2024_2019,Suresh Mishra,24A91A0430,suresh.mishra20@apedu.ac.in,1st Year,ECE,D,2,85.3,81,81,56,52,64,60,91,75,62,20,87,72,87,Low Risk
AP2024_2020,Manoj Raju,24A91A4231,manoj.raju21@apedu.ac.in,1st Year,CSE (AI & ML),B,1,65.2,47,40,61,37,58,61,73,65,45,14,82,58,72,Medium Risk
AP2024_2021,Sravani Sastry,23A91A0532,sravani.sastry22@apedu.ac.in,2nd Year,CSE,A,3,57.3,77,64,80,69,77,70,54,56,69,13,51,75,54,High Risk
AP2024_2022,Srikanth Gupta,23A91A0233,srikanth.gupta23@apedu.ac.in,2nd Year,EEE,C,4,64.8,78,71,62,50,68,63,65,66,64,14,61,56,63,Medium Risk
AP2024_2023,Gayatri Babu,24A91A0534,gayatri.babu24@apedu.ac.in,1st Year,CSE,B,1,44.4,57,68,67,53,53,50,31,60,61,10,37,69,38,High Risk
AP2024_2024,Sneha Reddy,21A91A4235,sneha.reddy25@apedu.ac.in,4th Year,CSE (AI & ML),B,7,77.0,63,48,44,56,49,45,67,52,51,17,71,52,72,Medium Risk
AP2024_2025,Lavanya Bhatt,22A91A0436,lavanya.bhatt26@apedu.ac.in,3rd Year,ECE,C,6,49.4,45,52,44,56,48,51,42,42,52,11,46,58,46,High Risk
AP2024_2026,Pranavi Chowdary,22A91A4237,pranavi.chowdary27@apedu.ac.in,3rd Year,CSE (AI & ML),B,5,83.9,65,63,51,51,67,76,77,80,44,22,82,70,81,Low Risk
AP2024_2027,Deepika Sharma,21A91A4238,deepika.sharma28@apedu.ac.in,4th Year,CSE (AI & ML),D,7,58.5,55,51,29,30,53,46,57,45,34,16,63,52,59,High Risk
AP2024_2028,Swathi Sastry,24A91A4439,swathi.sastry29@apedu.ac.in,1st Year,CSE (Data Science),B,2,67.4,48,64,58,26,69,65,77,63,39,19,77,67,73,Medium Risk
AP2024_2029,Gayatri Babu,23A91A0340,gayatri.babu30@apedu.ac.in,2nd Year,Mechanical Engineering,B,4,88.5,62,68,65,68,54,69,91,70,64,24,83,74,87,Low Risk
AP2024_2030,Mahesh Sharma,22A91A0441,mahesh.sharma31@apedu.ac.in,3rd Year,ECE,C,6,62.1,57,55,72,66,61,46,58,71,57,11,56,63,59,Medium Risk
AP2024_2031,Divya Rao,24A91A4442,divya.rao32@apedu.ac.in,1st Year,CSE (Data Science),A,2,75.5,41,48,45,52,64,66,77,52,45,19,67,56,73,Medium Risk
AP2024_2032,Mahesh Babu,21A91A0343,mahesh.babu33@apedu.ac.in,4th Year,Mechanical Engineering,B,7,82.8,81,60,65,65,78,74,78,75,65,21,72,70,78,Low Risk
AP2024_2033,Tejaswi Chary,23A91A0444,tejaswi.chary34@apedu.ac.in,2nd Year,ECE,A,3,72.0,69,77,62,57,80,66,69,60,54,18,67,62,69,Medium Risk
AP2024_2034,Deepika Mishra,21A91A1245,deepika.mishra35@apedu.ac.in,4th Year,Information Technology,D,7,66.4,86,62,56,49,70,45,56,65,69,18,61,70,61,Medium Risk
AP2024_2035,Varun Reddy,21A91A0446,varun.reddy36@apedu.ac.in,4th Year,ECE,C,7,85.4,67,46,68,43,58,66,89,75,42,20,96,67,89,Medium Risk
AP2024_2036,Ganesh Bhatt,23A91A0547,ganesh.bhatt37@apedu.ac.in,2nd Year,CSE,D,3,60.0,72,75,65,67,80,69,64,78,62,14,52,66,58,Medium Risk
AP2024_2037,Karthik Rao,21A91A0148,karthik.rao38@apedu.ac.in,4th Year,Civil Engineering,D,7,99.5,62,63,50,33,37,59,91,78,57,28,98,56,96,Medium Risk
AP2024_2038,Sravani Somayajulu,24A91A1249,sravani.somayajulu39@apedu.ac.in,1st Year,Information Technology,B,2,50.7,58,59,70,69,62,57,48,77,56,11,53,66,50,High Risk
AP2024_2039,Rahul Joshi,24A91A0450,rahul.joshi40@apedu.ac.in,1st Year,ECE,B,2,70.8,61,41,77,69,72,56,50,54,60,12,52,68,58,Medium Risk
AP2024_2040,Keerthi Gupta,23A91A0551,keerthi.gupta41@apedu.ac.in,2nd Year,CSE,D,3,44.8,69,67,73,77,58,67,45,76,58,12,57,66,48,High Risk
AP2024_2041,Pavan Goud,21A91A1252,pavan.goud42@apedu.ac.in,4th Year,Information Technology,D,7,76.3,74,58,80,73,65,74,79,69,55,16,82,78,78,Low Risk
AP2024_2042,Divya Somayajulu,21A91A0353,divya.somayajulu43@apedu.ac.in,4th Year,Mechanical Engineering,D,7,65.0,58,66,61,55,63,61,71,65,55,20,62,55,65,Medium Risk
AP2024_2043,Sai Yadav,24A91A0354,sai.yadav44@apedu.ac.in,1st Year,Mechanical Engineering,A,2,67.1,62,63,63,62,61,55,59,82,51,15,59,66,62,Medium Risk
AP2024_2044,Tejaswi Murthy,22A91A4255,tejaswi.murthy45@apedu.ac.in,3rd Year,CSE (AI & ML),C,5,73.7,67,75,72,64,66,76,79,80,52,19,74,77,75,Medium Risk
AP2024_2045,Ananya Mishra,22A91A4256,ananya.mishra46@apedu.ac.in,3rd Year,CSE (AI & ML),D,5,81.2,64,52,45,46,48,51,73,66,52,16,75,56,76,Medium Risk
AP2024_2046,Srikanth Babu,24A91A0357,srikanth.babu47@apedu.ac.in,1st Year,Mechanical Engineering,B,2,50.4,52,45,48,46,40,47,48,45,39,14,52,56,50,High Risk
AP2024_2047,Yamini Somayajulu,24A91A4458,yamini.somayajulu48@apedu.ac.in,1st Year,CSE (Data Science),C,1,71.8,55,60,60,42,55,66,69,59,51,12,60,73,67,Medium Risk
AP2024_2048,Nikhil Joshi,24A91A0459,nikhil.joshi49@apedu.ac.in,1st Year,ECE,B,2,70.8,60,51,62,49,66,54,61,58,55,13,68,55,67,Medium Risk
AP2024_2049,Sireesha Kumar,22A91A0260,sireesha.kumar50@apedu.ac.in,3rd Year,EEE,A,6,74.3,48,58,73,66,63,64,77,72,58,16,65,72,72,Medium Risk
AP2024_2050,Pooja Kumar,22A91A1261,pooja.kumar51@apedu.ac.in,3rd Year,Information Technology,A,6,60.3,50,53,60,56,69,64,62,51,50,18,58,64,60,Medium Risk
AP2024_2051,Sravani Somayajulu,22A91A0362,sravani.somayajulu52@apedu.ac.in,3rd Year,Mechanical Engineering,A,6,71.5,75,92,100,97,68,79,75,84,72,16,71,84,72,Medium Risk
AP2024_2052,Bhavya Babu,24A91A0163,bhavya.babu53@apedu.ac.in,1st Year,Civil Engineering,B,1,74.7,54,55,41,55,64,57,89,77,51,23,76,78,79,Medium Risk
AP2024_2053,Tejaswi Naidu,24A91A0264,tejaswi.naidu54@apedu.ac.in,1st Year,EEE,A,1,66.4,63,58,71,46,72,51,61,68,59,15,62,70,63,Medium Risk
AP2024_2054,Rohit Sastry,23A91A0565,rohit.sastry55@apedu.ac.in,2nd Year,CSE,C,3,91.4,63,73,75,65,72,67,84,78,69,20,79,75,85,Low Risk
AP2024_2055,Deepika Kulkarni,23A91A0366,deepika.kulkarni56@apedu.ac.in,2nd Year,Mechanical Engineering,D,4,94.8,55,51,50,28,69,44,79,58,42,18,81,71,85,Medium Risk
AP2024_2056,Lavanya Yadav,24A91A0467,lavanya.yadav57@apedu.ac.in,1st Year,ECE,A,2,59.0,70,50,34,33,59,57,63,59,41,15,61,63,60,High Risk
AP2024_2057,Venkata Verma,22A91A0368,venkata.verma58@apedu.ac.in,3rd Year,Mechanical Engineering,C,6,88.1,75,73,77,65,86,78,85,80,86,24,86,75,86,Low Risk
AP2024_2058,Ravi Bhatt,21A91A0269,ravi.bhatt59@apedu.ac.in,4th Year,EEE,B,8,70.1,52,51,45,51,54,60,72,58,47,15,62,50,68,Medium Risk
AP2024_2059,Pavan Goud,22A91A1270,pavan.goud60@apedu.ac.in,3rd Year,Information Technology,C,5,81.6,74,48,56,47,79,60,76,65,55,21,70,61,76,Medium Risk
AP2024_2060,Tejaswi Rao,23A91A0271,tejaswi.rao61@apedu.ac.in,2nd Year,EEE,D,4,66.7,76,70,90,78,86,79,73,86,75,17,67,69,68,Medium Risk
AP2024_2061,Sneha Chary,23A91A4472,sneha.chary62@apedu.ac.in,2nd Year,CSE (Data Science),B,4,64.1,43,57,45,34,54,47,70,60,38,17,69,48,67,Medium Risk
AP2024_2062,Rohit Goud,23A91A0573,rohit.goud63@apedu.ac.in,2nd Year,CSE,C,3,66.9,77,61,51,46,72,71,70,74,49,17,66,85,67,Medium Risk
AP2024_2063,Naresh Varma,21A91A0374,naresh.varma64@apedu.ac.in,4th Year,Mechanical Engineering,B,8,70.6,72,53,60,48,53,67,71,54,43,18,77,60,72,Medium Risk
AP2024_2064,Manoj Joshi,24A91A0375,manoj.joshi65@apedu.ac.in,1st Year,Mechanical Engineering,B,2,79.5,58,68,62,44,63,65,81,72,55,20,79,68,79,Medium Risk
AP2024_2065,Srikanth Babu,23A91A4276,srikanth.babu66@apedu.ac.in,2nd Year,CSE (AI & ML),A,4,72.6,65,61,61,54,45,61,72,66,50,18,69,58,71,Medium Risk
AP2024_2066,Tarun Sastry,23A91A0377,tarun.sastry67@apedu.ac.in,2nd Year,Mechanical Engineering,B,4,70.9,54,54,67,61,63,57,64,80,52,17,67,69,67,Medium Risk
AP2024_2067,Sai Joshi,22A91A1278,sai.joshi68@apedu.ac.in,3rd Year,Information Technology,C,6,67.2,76,58,67,51,75,68,66,65,51,14,69,79,67,Medium Risk
AP2024_2068,Naresh Kulkarni,23A91A0379,naresh.kulkarni69@apedu.ac.in,2nd Year,Mechanical Engineering,A,4,65.0,79,74,70,75,67,63,70,66,70,17,67,74,67,Medium Risk
AP2024_2069,Sravani Rao,23A91A0280,sravani.rao70@apedu.ac.in,2nd Year,EEE,A,3,38.0,62,41,72,73,63,56,36,63,57,9,37,59,37,High Risk
AP2024_2070,Tarun Chary,23A91A0381,tarun.chary71@apedu.ac.in,2nd Year,Mechanical Engineering,A,4,54.2,53,53,69,63,63,65,50,63,59,12,58,76,54,High Risk
AP2024_2071,Sireesha Rao,23A91A0282,sireesha.rao72@apedu.ac.in,2nd Year,EEE,B,3,63.8,65,58,64,56,37,56,71,62,50,16,48,64,61,Medium Risk
AP2024_2072,Venkata Naidu,21A91A0183,venkata.naidu73@apedu.ac.in,4th Year,Civil Engineering,B,7,71.4,91,82,64,53,69,72,64,70,71,20,72,69,69,Medium Risk
AP2024_2073,Ravi Patel,24A91A0184,ravi.patel74@apedu.ac.in,1st Year,Civil Engineering,B,2,99.5,52,53,53,58,72,65,89,63,52,23,90,57,93,Medium Risk
AP2024_2074,Ganesh Kumar,21A91A0585,ganesh.kumar75@apedu.ac.in,4th Year,CSE,C,8,68.6,76,96,79,72,60,88,69,70,68,19,63,90,67,Medium Risk
AP2024_2075,Keerthi Kumar,22A91A4286,keerthi.kumar76@apedu.ac.in,3rd Year,CSE (AI & ML),B,6,61.8,88,78,86,82,68,62,59,80,82,13,48,85,56,Medium Risk
AP2024_2076,Lavanya Murthy,21A91A4487,lavanya.murthy77@apedu.ac.in,4th Year,CSE (Data Science),D,8,63.9,66,71,84,64,63,58,67,74,68,17,58,83,63,Medium Risk
AP2024_2077,Deepika Varma,24A91A0488,deepika.varma78@apedu.ac.in,1st Year,ECE,C,1,77.2,77,67,66,71,72,56,78,70,71,17,83,77,79,Medium Risk
AP2024_2078,Sravani Mishra,22A91A0189,sravani.mishra79@apedu.ac.in,3rd Year,Civil Engineering,A,5,70.0,56,65,46,45,50,49,69,57,47,13,51,51,64,Medium Risk
AP2024_2079,Sai Murthy,22A91A4490,sai.murthy80@apedu.ac.in,3rd Year,CSE (Data Science),D,6,69.9,61,61,49,37,56,67,80,61,57,20,81,63,76,Medium Risk
AP2024_2080,Naresh Varma,23A91A0101,naresh.varma81@apedu.ac.in,2nd Year,Civil Engineering,C,3,91.4,84,81,71,70,83,77,80,85,63,21,87,93,86,Low Risk
AP2024_2081,Yamini Sastry,24A91A0202,yamini.sastry82@apedu.ac.in,1st Year,EEE,D,2,81.4,71,58,62,55,55,81,84,73,54,16,80,71,81,Medium Risk
AP2024_2082,Yamini Babu,23A91A0503,yamini.babu83@apedu.ac.in,2nd Year,CSE,B,3,56.8,71,61,79,84,81,67,66,83,68,18,49,79,57,High Risk
AP2024_2083,Kavya Gupta,21A91A0204,kavya.gupta84@apedu.ac.in,4th Year,EEE,D,7,83.4,73,50,83,70,79,65,82,80,64,18,70,72,78,Low Risk
AP2024_2084,Aditya Sastry,23A91A4205,aditya.sastry85@apedu.ac.in,2nd Year,CSE (AI & ML),C,3,92.9,98,91,84,92,76,96,98,89,90,21,91,95,93,Low Risk
AP2024_2085,Ravi Naidu,22A91A0106,ravi.naidu86@apedu.ac.in,3rd Year,Civil Engineering,C,6,63.2,60,61,47,50,56,74,56,49,47,17,68,67,62,Medium Risk
AP2024_2086,Sravani Somayajulu,24A91A0507,sravani.somayajulu87@apedu.ac.in,1st Year,CSE,C,2,84.9,54,62,52,35,39,58,86,66,51,21,84,52,84,Medium Risk
AP2024_2087,Sneha Bhatt,24A91A0308,sneha.bhatt88@apedu.ac.in,1st Year,Mechanical Engineering,D,1,61.9,47,60,82,57,58,63,59,74,65,13,71,64,63,Medium Risk
AP2024_2088,Divya Kumar,23A91A0209,divya.kumar89@apedu.ac.in,2nd Year,EEE,C,3,62.2,60,67,57,60,61,73,59,64,60,13,60,68,60,Medium Risk
AP2024_2089,Deepika Yadav,22A91A0210,deepika.yadav90@apedu.ac.in,3rd Year,EEE,C,5,58.4,31,34,33,36,42,35,66,52,32,15,57,44,60,High Risk
AP2024_2090,Akhil Yadav,24A91A4411,akhil.yadav91@apedu.ac.in,1st Year,CSE (Data Science),A,1,51.7,75,79,74,84,61,52,48,82,58,15,57,67,52,High Risk
AP2024_2091,Ramesh Goud,22A91A0212,ramesh.goud92@apedu.ac.in,3rd Year,EEE,C,6,56.8,73,58,59,54,59,58,58,68,51,9,57,63,57,High Risk
AP2024_2092,Srikanth Chowdary,22A91A0513,srikanth.chowdary93@apedu.ac.in,3rd Year,CSE,B,5,50.5,40,35,38,43,33,42,41,38,42,12,40,45,44,High Risk
AP2024_2093,Akhil Gupta,22A91A0114,akhil.gupta94@apedu.ac.in,3rd Year,Civil Engineering,C,6,68.0,46,40,51,52,39,51,59,60,39,20,48,50,59,High Risk
AP2024_2094,Sneha Chowdary,23A91A0415,sneha.chowdary95@apedu.ac.in,2nd Year,ECE,B,3,59.0,46,56,48,39,59,58,69,67,49,15,68,66,64,Medium Risk
AP2024_2095,Yamini Chary,24A91A1216,yamini.chary96@apedu.ac.in,1st Year,Information Technology,A,2,87.3,73,76,66,67,65,58,84,69,68,20,85,71,85,Low Risk
AP2024_2096,Suresh Varma,24A91A0317,suresh.varma97@apedu.ac.in,1st Year,Mechanical Engineering,C,2,73.1,81,73,67,64,68,72,80,68,71,23,63,66,72,Low Risk
AP2024_2097,Srikanth Varma,21A91A4418,srikanth.varma98@apedu.ac.in,4th Year,CSE (Data Science),C,8,85.4,69,71,93,66,62,74,82,88,60,19,86,79,84,Low Risk
AP2024_2098,Venkata Chowdary,23A91A4419,venkata.chowdary99@apedu.ac.in,2nd Year,CSE (Data Science),B,3,81.9,64,51,68,74,78,68,99,69,64,23,89,76,89,Low Risk
AP2024_2099,Pavan Varma,23A91A4220,pavan.varma100@apedu.ac.in,2nd Year,CSE (AI & ML),D,3,67.4,37,37,56,44,46,38,52,58,44,11,50,50,57,High Risk
AP2024_2100,Suresh Naidu,24A91A0121,suresh.naidu101@apedu.ac.in,1st Year,Civil Engineering,A,2,87.7,75,63,76,67,68,52,83,70,60,23,91,65,87,Low Risk
AP2024_2101,Bhavya Chowdary,24A91A1222,bhavya.chowdary102@apedu.ac.in,1st Year,Information Technology,A,1,59.8,62,63,65,45,62,54,60,69,67,16,48,67,56,Medium Risk
AP2024_2102,Kavya Rao,24A91A0523,kavya.rao103@apedu.ac.in,1st Year,CSE,A,2,85.9,71,79,84,54,66,81,95,76,62,25,76,68,85,Medium Risk
AP2024_2103,Suresh Chary,23A91A4424,suresh.chary104@apedu.ac.in,2nd Year,CSE (Data Science),C,3,60.1,61,50,64,70,62,67,65,68,56,15,60,72,61,Medium Risk
AP2024_2104,Venkata Naidu,23A91A0325,venkata.naidu105@apedu.ac.in,2nd Year,Mechanical Engineering,C,4,70.7,65,77,93,84,81,68,76,73,64,20,78,75,74,Medium Risk
AP2024_2105,Sneha Mishra,23A91A4226,sneha.mishra106@apedu.ac.in,2nd Year,CSE (AI & ML),A,3,97.4,62,66,46,47,63,78,87,67,55,25,89,60,91,Medium Risk
AP2024_2106,Akhil Sharma,23A91A4427,akhil.sharma107@apedu.ac.in,2nd Year,CSE (Data Science),A,4,76.5,74,56,63,40,58,73,67,75,50,13,72,74,72,Medium Risk
AP2024_2107,Harika Sharma,21A91A4428,harika.sharma108@apedu.ac.in,4th Year,CSE (Data Science),D,8,65.1,56,60,67,68,58,59,60,60,61,13,64,66,63,Medium Risk
AP2024_2108,Harika Goud,22A91A0129,harika.goud109@apedu.ac.in,3rd Year,Civil Engineering,B,6,57.2,72,76,74,58,81,59,46,69,76,15,62,78,55,High Risk
AP2024_2109,Sandhya Verma,21A91A0330,sandhya.verma110@apedu.ac.in,4th Year,Mechanical Engineering,A,7,58.5,76,67,68,75,64,62,60,78,67,12,65,63,60,Medium Risk
AP2024_2110,Mahesh Chowdary,23A91A0331,mahesh.chowdary111@apedu.ac.in,2nd Year,Mechanical Engineering,C,4,72.4,78,68,76,87,74,59,51,70,70,8,66,68,64,Low Risk
AP2024_2111,Yamini Rao,24A91A1232,yamini.rao112@apedu.ac.in,1st Year,Information Technology,A,2,76.2,52,56,62,43,60,74,70,53,51,20,74,56,73,Medium Risk
AP2024_2112,Manasa Gupta,21A91A1233,manasa.gupta113@apedu.ac.in,4th Year,Information Technology,B,8,66.8,62,76,56,51,66,68,68,62,47,16,65,69,66,Medium Risk
AP2024_2113,Yamini Murthy,22A91A0434,yamini.murthy114@apedu.ac.in,3rd Year,ECE,A,6,81.9,73,47,56,61,54,54,69,56,48,12,62,59,72,Medium Risk
AP2024_2114,Sravani Kulkarni,22A91A0535,sravani.kulkarni115@apedu.ac.in,3rd Year,CSE,D,5,80.9,70,65,70,58,54,69,66,66,43,20,71,62,73,Low Risk
AP2024_2115,Harika Prasad,21A91A4236,harika.prasad116@apedu.ac.in,4th Year,CSE (AI & ML),B,7,74.8,76,71,63,60,63,76,77,79,63,20,81,84,77,Low Risk
AP2024_2116,Tarun Prasad,24A91A4237,tarun.prasad117@apedu.ac.in,1st Year,CSE (AI & ML),C,1,62.5,73,55,59,58,50,56,59,64,50,18,50,76,57,Medium Risk
AP2024_2117,Bhavya Patel,23A91A4238,bhavya.patel118@apedu.ac.in,2nd Year,CSE (AI & ML),B,4,83.1,44,40,37,23,45,41,76,48,38,20,72,48,77,High Risk
AP2024_2118,Ganesh Sastry,22A91A0139,ganesh.sastry119@apedu.ac.in,3rd Year,Civil Engineering,C,6,71.1,84,67,62,61,77,81,85,83,65,20,81,83,78,Medium Risk
AP2024_2119,Sravani Kulkarni,21A91A0240,sravani.kulkarni120@apedu.ac.in,4th Year,EEE,B,8,72.9,53,45,20,29,56,50,82,55,37,19,82,47,78,High Risk
AP2024_2120,Mahesh Chowdary,24A91A1241,mahesh.chowdary121@apedu.ac.in,1st Year,Information Technology,D,2,75.9,77,58,52,50,65,61,76,81,57,18,74,72,75,Medium Risk
AP2024_2121,Pranavi Yadav,23A91A4242,pranavi.yadav122@apedu.ac.in,2nd Year,CSE (AI & ML),A,3,78.2,45,36,44,58,42,42,70,59,43,16,62,53,70,High Risk
AP2024_2122,Pooja Sastry,24A91A0143,pooja.sastry123@apedu.ac.in,1st Year,Civil Engineering,C,1,84.6,73,88,76,85,67,77,75,74,72,19,81,89,80,Low Risk
AP2024_2123,Rohit Gupta,24A91A1244,rohit.gupta124@apedu.ac.in,1st Year,Information Technology,D,1,74.2,44,46,70,72,55,54,78,69,47,19,82,60,77,Medium Risk
AP2024_2124,Bhavya Gupta,21A91A0245,bhavya.gupta125@apedu.ac.in,4th Year,EEE,C,8,59.9,63,48,48,62,38,60,62,58,56,12,58,54,59,Medium Risk
AP2024_2125,Chaitanya Joshi,24A91A0146,chaitanya.joshi126@apedu.ac.in,1st Year,Civil Engineering,A,1,91.4,80,83,88,73,77,65,89,74,77,20,79,76,86,Low Risk
AP2024_2126,Manasa Babu,22A91A1247,manasa.babu127@apedu.ac.in,3rd Year,Information Technology,D,6,67.1,63,53,49,46,72,68,69,74,49,13,64,67,66,Medium Risk
AP2024_2127,Karthik Rao,23A91A4448,karthik.rao128@apedu.ac.in,2nd Year,CSE (Data Science),D,4,50.3,72,52,48,54,51,52,45,51,46,9,45,59,47,High Risk
AP2024_2128,Ganesh Varma,22A91A1249,ganesh.varma129@apedu.ac.in,3rd Year,Information Technology,A,6,62.0,75,62,81,79,46,52,60,64,52,12,45,68,56,Medium Risk
AP2024_2129,Naresh Kulkarni,21A91A1250,naresh.kulkarni130@apedu.ac.in,4th Year,Information Technology,B,8,68.1,66,69,66,55,48,70,65,64,52,16,72,62,68,Medium Risk
AP2024_2130,Sandhya Rao,21A91A1251,sandhya.rao131@apedu.ac.in,4th Year,Information Technology,D,8,85.3,75,69,88,80,66,68,78,71,74,20,79,73,81,Low Risk
AP2024_2131,Gayatri Kulkarni,22A91A0352,gayatri.kulkarni132@apedu.ac.in,3rd Year,Mechanical Engineering,A,6,47.6,59,56,69,62,58,62,43,55,52,12,48,61,46,High Risk
AP2024_2132,Venkata Bhatt,24A91A0353,venkata.bhatt133@apedu.ac.in,1st Year,Mechanical Engineering,C,1,54.1,60,58,81,80,72,55,50,63,58,14,48,69,51,High Risk
AP2024_2133,Swathi Reddy,22A91A4254,swathi.reddy134@apedu.ac.in,3rd Year,CSE (AI & ML),D,6,92.4,76,41,88,81,68,65,91,85,69,22,74,74,86,Low Risk
AP2024_2134,Keerthi Kumar,21A91A0555,keerthi.kumar135@apedu.ac.in,4th Year,CSE,B,8,78.1,78,52,79,62,66,60,86,80,59,19,95,81,85,Low Risk
AP2024_2135,Nikhil Verma,22A91A4256,nikhil.verma136@apedu.ac.in,3rd Year,CSE (AI & ML),C,5,76.7,95,90,90,76,85,72,63,84,86,20,78,96,72,Low Risk
AP2024_2136,Suresh Patel,23A91A0357,suresh.patel137@apedu.ac.in,2nd Year,Mechanical Engineering,A,3,51.2,87,80,75,86,65,75,61,69,79,11,51,80,54,High Risk
AP2024_2137,Mahesh Kulkarni,21A91A0258,mahesh.kulkarni138@apedu.ac.in,4th Year,EEE,A,8,83.3,98,77,82,74,76,86,78,79,78,21,71,87,78,Low Risk
AP2024_2138,Sravani Bhatt,24A91A0159,sravani.bhatt139@apedu.ac.in,1st Year,Civil Engineering,D,2,78.9,64,50,59,64,63,67,80,66,47,18,79,70,79,Medium Risk
AP2024_2139,Sireesha Bhatt,24A91A4260,sireesha.bhatt140@apedu.ac.in,1st Year,CSE (AI & ML),B,2,70.1,70,74,31,27,60,67,84,75,54,24,87,74,79,Medium Risk
AP2024_2140,Charan Sastry,22A91A0261,charan.sastry141@apedu.ac.in,3rd Year,EEE,C,5,53.5,72,70,61,47,70,58,63,54,69,15,59,66,58,High Risk
AP2024_2141,Ganesh Sharma,21A91A0462,ganesh.sharma142@apedu.ac.in,4th Year,ECE,C,7,62.7,69,54,56,41,56,71,56,59,53,13,55,65,58,High Risk
AP2024_2142,Kavya Rao,22A91A0463,kavya.rao143@apedu.ac.in,3rd Year,ECE,A,6,81.4,62,60,84,67,56,50,78,52,60,20,74,66,78,Medium Risk
AP2024_2143,Swathi Chowdary,22A91A4264,swathi.chowdary144@apedu.ac.in,3rd Year,CSE (AI & ML),D,6,60.0,43,45,31,20,42,42,63,60,33,14,53,55,58,High Risk
AP2024_2144,Ganesh Sharma,22A91A0265,ganesh.sharma145@apedu.ac.in,3rd Year,EEE,C,5,94.2,62,45,57,48,64,64,95,71,46,22,94,58,94,Medium Risk
AP2024_2145,Ganesh Kulkarni,22A91A0166,ganesh.kulkarni146@apedu.ac.in,3rd Year,Civil Engineering,D,5,69.7,62,57,53,62,60,66,68,70,68,17,77,60,71,Medium Risk
AP2024_2146,Kavya Chary,21A91A0567,kavya.chary147@apedu.ac.in,4th Year,CSE,B,7,80.2,74,71,64,69,68,68,83,66,58,17,77,71,80,Low Risk
AP2024_2147,Naresh Sastry,23A91A0268,naresh.sastry148@apedu.ac.in,2nd Year,EEE,D,4,99.5,60,71,71,44,65,56,100,72,52,22,92,65,97,Medium Risk
AP2024_2148,Naresh Yadav,24A91A0369,naresh.yadav149@apedu.ac.in,1st Year,Mechanical Engineering,D,1,74.6,65,84,73,77,67,78,94,75,63,24,88,77,84,Low Risk
AP2024_2149,Rohit Verma,23A91A0170,rohit.verma150@apedu.ac.in,2nd Year,Civil Engineering,D,4,67.2,45,39,69,44,54,64,78,65,46,17,76,67,73,Medium Risk
AP2024_2150,Sireesha Naidu,23A91A0271,sireesha.naidu151@apedu.ac.in,2nd Year,EEE,C,4,58.1,64,70,65,45,58,52,59,66,59,13,49,61,55,Medium Risk
AP2024_2151,Sneha Raju,23A91A0472,sneha.raju152@apedu.ac.in,2nd Year,ECE,A,4,42.6,22,43,58,35,43,53,49,54,30,11,49,46,46,High Risk
AP2024_2152,Rohit Sharma,24A91A0273,rohit.sharma153@apedu.ac.in,1st Year,EEE,D,1,98.1,82,75,97,86,79,78,78,79,75,18,75,85,85,Low Risk
AP2024_2153,Ravi Joshi,21A91A0574,ravi.joshi154@apedu.ac.in,4th Year,CSE,B,8,58.8,74,85,83,53,77,67,60,68,75,13,58,85,58,Medium Risk
AP2024_2154,Sneha Raju,23A91A0275,sneha.raju155@apedu.ac.in,2nd Year,EEE,C,3,58.3,83,71,68,82,60,65,64,73,64,16,53,70,58,Medium Risk
AP2024_2155,Yamini Goud,24A91A0576,yamini.goud156@apedu.ac.in,1st Year,CSE,A,2,68.4,79,65,69,48,66,77,72,78,63,15,69,79,69,Medium Risk
AP2024_2156,Rahul Patel,22A91A0177,rahul.patel157@apedu.ac.in,3rd Year,Civil Engineering,C,5,90.5,79,77,51,49,66,62,90,77,51,25,95,69,91,Low Risk
AP2024_2157,Rahul Prasad,23A91A4278,rahul.prasad158@apedu.ac.in,2nd Year,CSE (AI & ML),A,3,81.2,65,86,58,67,58,71,73,71,59,17,71,78,75,Medium Risk
AP2024_2158,Akhil Kulkarni,22A91A4279,akhil.kulkarni159@apedu.ac.in,3rd Year,CSE (AI & ML),B,6,68.5,69,68,68,58,71,56,65,72,54,18,69,63,67,Medium Risk
AP2024_2159,Ramesh Chowdary,22A91A0180,ramesh.chowdary160@apedu.ac.in,3rd Year,Civil Engineering,B,6,61.7,33,46,43,28,51,50,47,48,41,12,61,45,57,High Risk
AP2024_2160,Ganesh Sharma,23A91A4481,ganesh.sharma161@apedu.ac.in,2nd Year,CSE (Data Science),B,3,93.1,75,70,80,67,77,91,96,76,66,27,89,90,92,Low Risk
AP2024_2161,Varun Babu,21A91A0582,varun.babu162@apedu.ac.in,4th Year,CSE,D,8,45.4,52,42,56,52,56,49,60,52,50,14,55,62,52,High Risk
AP2024_2162,Chaitanya Kumar,24A91A0183,chaitanya.kumar163@apedu.ac.in,1st Year,Civil Engineering,D,2,64.5,65,54,53,62,46,72,50,51,53,12,56,72,57,Medium Risk
AP2024_2163,Nikhil Raju,23A91A1284,nikhil.raju164@apedu.ac.in,2nd Year,Information Technology,C,4,76.6,59,51,62,56,59,61,76,56,52,19,69,80,74,Medium Risk
AP2024_2164,Pavan Reddy,24A91A0485,pavan.reddy165@apedu.ac.in,1st Year,ECE,C,1,67.4,90,72,74,78,75,59,69,84,70,14,68,66,68,Medium Risk
AP2024_2165,Yamini Prasad,22A91A4286,yamini.prasad166@apedu.ac.in,3rd Year,CSE (AI & ML),B,6,38.8,49,48,58,54,51,43,41,58,49,13,39,59,39,High Risk
AP2024_2166,Lavanya Prasad,24A91A0287,lavanya.prasad167@apedu.ac.in,1st Year,EEE,C,2,79.4,81,72,73,68,70,95,75,71,71,20,75,74,76,Low Risk
AP2024_2167,Rahul Verma,22A91A4488,rahul.verma168@apedu.ac.in,3rd Year,CSE (Data Science),D,5,80.0,39,51,47,33,40,56,79,69,37,18,79,63,79,High Risk
AP2024_2168,Sireesha Yadav,21A91A0289,sireesha.yadav169@apedu.ac.in,4th Year,EEE,A,7,54.5,69,68,73,69,76,66,63,72,70,16,55,77,57,High Risk
AP2024_2169,Ravi Sastry,21A91A0190,ravi.sastry170@apedu.ac.in,4th Year,Civil Engineering,A,8,63.7,51,66,57,49,64,55,60,53,61,15,69,58,64,Medium Risk
AP2024_2170,Sneha Somayajulu,22A91A0301,sneha.somayajulu171@apedu.ac.in,3rd Year,Mechanical Engineering,D,5,99.5,65,63,62,48,73,64,82,64,50,18,80,71,88,Low Risk
AP2024_2171,Ramesh Joshi,22A91A0502,ramesh.joshi172@apedu.ac.in,3rd Year,CSE,A,6,61.4,80,50,59,64,51,74,58,60,58,12,65,65,61,Medium Risk
AP2024_2172,Aditya Yadav,21A91A0503,aditya.yadav173@apedu.ac.in,4th Year,CSE,D,7,55.3,52,63,73,78,50,56,45,61,65,10,33,59,45,High Risk
AP2024_2173,Bhavya Yadav,22A91A4204,bhavya.yadav174@apedu.ac.in,3rd Year,CSE (AI & ML),A,6,75.3,48,67,55,53,59,49,64,67,49,13,75,59,71,Medium Risk
AP2024_2174,Sneha Verma,23A91A0305,sneha.verma175@apedu.ac.in,2nd Year,Mechanical Engineering,D,4,74.3,50,57,43,35,61,56,67,59,44,18,68,64,70,Medium Risk
AP2024_2175,Sravani Varma,22A91A0306,sravani.varma176@apedu.ac.in,3rd Year,Mechanical Engineering,C,5,90.4,58,76,74,77,72,76,85,66,63,25,93,62,89,Low Risk
AP2024_2176,Bhavya Naidu,21A91A4407,bhavya.naidu177@apedu.ac.in,4th Year,CSE (Data Science),D,8,76.8,54,72,80,69,64,71,83,66,60,23,79,79,79,Medium Risk
AP2024_2177,Manasa Bhatt,23A91A0508,manasa.bhatt178@apedu.ac.in,2nd Year,CSE,B,3,74.0,76,93,100,93,68,83,73,66,79,17,69,79,72,Low Risk
AP2024_2178,Rahul Babu,23A91A4409,rahul.babu179@apedu.ac.in,2nd Year,CSE (Data Science),A,4,65.2,74,49,51,46,56,71,64,65,53,15,50,65,60,Medium Risk
AP2024_2179,Tarun Chary,21A91A4410,tarun.chary180@apedu.ac.in,4th Year,CSE (Data Science),A,8,76.3,49,61,38,23,49,38,66,52,48,24,59,44,68,High Risk
AP2024_2180,Srikanth Goud,24A91A0111,srikanth.goud181@apedu.ac.in,1st Year,Civil Engineering,D,1,80.8,60,65,76,64,58,71,80,64,53,15,77,72,79,Low Risk
AP2024_2181,Ravi Chowdary,23A91A0412,ravi.chowdary182@apedu.ac.in,2nd Year,ECE,C,3,56.2,39,35,55,45,62,49,57,47,58,11,43,49,52,High Risk
AP2024_2182,Tejaswi Sastry,21A91A0113,tejaswi.sastry183@apedu.ac.in,4th Year,Civil Engineering,B,7,69.3,80,67,83,68,67,59,59,75,72,16,64,83,64,Medium Risk
AP2024_2183,Ramesh Sharma,22A91A0114,ramesh.sharma184@apedu.ac.in,3rd Year,Civil Engineering,B,5,59.7,59,47,41,42,56,45,48,59,38,13,58,53,55,Medium Risk
AP2024_2184,Deepika Varma,24A91A0215,deepika.varma185@apedu.ac.in,1st Year,EEE,B,2,56.2,58,56,54,58,61,66,61,60,51,14,52,58,56,High Risk
AP2024_2185,Gayatri Babu,23A91A1216,gayatri.babu186@apedu.ac.in,2nd Year,Information Technology,A,4,73.7,68,56,60,49,68,66,74,71,53,19,71,76,72,Medium Risk
AP2024_2186,Sai Sastry,23A91A0117,sai.sastry187@apedu.ac.in,2nd Year,Civil Engineering,B,4,52.8,66,56,67,52,48,67,59,59,51,9,55,68,55,High Risk
AP2024_2187,Manasa Somayajulu,21A91A4218,manasa.somayajulu188@apedu.ac.in,4th Year,CSE (AI & ML),A,8,80.3,70,60,60,59,56,72,86,80,48,23,86,81,83,Medium Risk
AP2024_2188,Yamini Rao,24A91A0419,yamini.rao189@apedu.ac.in,1st Year,ECE,D,2,57.1,66,61,69,65,57,58,53,75,67,14,56,70,55,High Risk
AP2024_2189,Keerthi Chary,24A91A0220,keerthi.chary190@apedu.ac.in,1st Year,EEE,D,1,62.5,63,73,58,60,59,63,74,67,59,17,66,75,66,Medium Risk
AP2024_2190,Pavan Prasad,22A91A0521,pavan.prasad191@apedu.ac.in,3rd Year,CSE,B,5,73.2,60,77,78,59,36,63,71,67,59,18,69,60,71,Medium Risk
AP2024_2191,Kavya Goud,21A91A1222,kavya.goud192@apedu.ac.in,4th Year,Information Technology,B,8,49.8,71,78,79,87,72,58,50,67,73,12,50,76,49,High Risk
AP2024_2192,Rahul Patel,21A91A0223,rahul.patel193@apedu.ac.in,4th Year,EEE,A,7,91.8,53,51,61,64,60,54,82,66,59,17,76,59,84,Medium Risk
AP2024_2193,Sireesha Rao,23A91A0224,sireesha.rao194@apedu.ac.in,2nd Year,EEE,C,4,57.4,81,55,67,59,63,70,61,64,66,16,68,74,61,High Risk
AP2024_2194,Ganesh Gupta,22A91A0325,ganesh.gupta195@apedu.ac.in,3rd Year,Mechanical Engineering,D,6,38.0,22,40,57,60,31,44,39,48,39,8,41,46,39,High Risk
AP2024_2195,Sneha Patel,21A91A1226,sneha.patel196@apedu.ac.in,4th Year,Information Technology,A,7,60.5,48,64,57,52,58,57,66,62,52,19,80,57,67,Medium Risk
AP2024_2196,Bhavya Varma,24A91A4427,bhavya.varma197@apedu.ac.in,1st Year,CSE (Data Science),A,1,57.6,67,68,81,69,74,59,53,78,54,15,57,76,56,High Risk
AP2024_2197,Sravani Raju,23A91A0128,sravani.raju198@apedu.ac.in,2nd Year,Civil Engineering,A,4,76.6,53,82,48,56,63,63,75,56,57,23,80,65,77,Medium Risk
AP2024_2198,Ravi Rao,21A91A1229,ravi.rao199@apedu.ac.in,4th Year,Information Technology,D,8,87.1,59,50,47,38,64,69,83,57,57,26,75,67,82,Medium Risk
AP2024_2199,Ravi Chowdary,23A91A0330,ravi.chowdary200@apedu.ac.in,2nd Year,Mechanical Engineering,A,3,71.0,75,59,58,61,74,78,76,67,51,18,63,78,70,Medium Risk
AP2024_2200,Manoj Gupta,23A91A0231,manoj.gupta201@apedu.ac.in,2nd Year,EEE,B,3,79.0,78,74,67,54,62,55,83,72,76,23,75,67,78,Low Risk
AP2024_2201,Swathi Reddy,23A91A4232,swathi.reddy202@apedu.ac.in,2nd Year,CSE (AI & ML),B,4,74.4,58,55,61,51,68,64,76,57,57,19,75,68,75,Medium Risk
AP2024_2202,Ravi Kulkarni,24A91A0533,ravi.kulkarni203@apedu.ac.in,1st Year,CSE,C,2,50.9,80,81,87,73,73,64,37,73,68,11,44,71,44,High Risk
AP2024_2203,Suresh Prasad,22A91A0334,suresh.prasad204@apedu.ac.in,3rd Year,Mechanical Engineering,B,5,83.6,67,60,87,78,64,51,84,68,63,23,76,60,81,Low Risk
AP2024_2204,Venkata Naidu,21A91A1235,venkata.naidu205@apedu.ac.in,4th Year,Information Technology,C,8,95.7,58,50,83,66,56,71,92,63,57,21,90,65,92,Low Risk
AP2024_2205,Ramesh Kulkarni,24A91A0536,ramesh.kulkarni206@apedu.ac.in,1st Year,CSE,D,2,82.0,63,74,48,54,72,68,72,78,52,18,79,63,78,Low Risk
AP2024_2206,Sireesha Bhatt,23A91A0537,sireesha.bhatt207@apedu.ac.in,2nd Year,CSE,C,3,89.1,84,85,80,80,81,57,84,79,75,20,80,80,84,Low Risk
AP2024_2207,Sireesha Rao,24A91A4238,sireesha.rao208@apedu.ac.in,1st Year,CSE (AI & ML),D,2,71.0,77,62,71,72,67,66,71,76,56,14,73,65,71,Medium Risk
AP2024_2208,Kavya Goud,23A91A4239,kavya.goud209@apedu.ac.in,2nd Year,CSE (AI & ML),A,4,74.5,60,50,50,55,47,69,67,68,43,17,65,56,69,Medium Risk
AP2024_2209,Manoj Goud,21A91A0240,manoj.goud210@apedu.ac.in,4th Year,EEE,B,8,67.7,68,61,92,68,77,63,64,69,59,14,68,76,66,Medium Risk
AP2024_2210,Suresh Gupta,21A91A0241,suresh.gupta211@apedu.ac.in,4th Year,EEE,B,8,81.4,78,69,74,57,54,77,75,79,58,15,70,74,76,Low Risk
AP2024_2211,Keerthi Kulkarni,24A91A0442,keerthi.kulkarni212@apedu.ac.in,1st Year,ECE,D,2,74.0,72,70,85,90,57,68,68,74,63,14,65,83,69,Low Risk
AP2024_2212,Lavanya Prasad,21A91A0143,lavanya.prasad213@apedu.ac.in,4th Year,Civil Engineering,A,8,68.6,54,60,52,56,29,61,68,51,52,22,73,69,69,Medium Risk
AP2024_2213,Ganesh Kumar,23A91A0144,ganesh.kumar214@apedu.ac.in,2nd Year,Civil Engineering,A,4,85.4,78,75,66,70,76,73,88,82,55,19,92,83,88,Low Risk
AP2024_2214,Karthik Mishra,22A91A0445,karthik.mishra215@apedu.ac.in,3rd Year,ECE,B,6,60.6,69,65,59,50,57,63,46,55,57,11,47,68,52,Medium Risk
AP2024_2215,Ravi Mishra,24A91A1246,ravi.mishra216@apedu.ac.in,1st Year,Information Technology,D,2,75.9,52,64,87,83,61,65,68,83,65,17,57,68,67,Low Risk
AP2024_2216,Rahul Sastry,22A91A4447,rahul.sastry217@apedu.ac.in,3rd Year,CSE (Data Science),C,5,74.4,89,70,79,85,76,79,70,82,63,18,64,82,69,Low Risk
AP2024_2217,Nikhil Mishra,21A91A0548,nikhil.mishra218@apedu.ac.in,4th Year,CSE,A,8,84.1,60,60,61,46,70,67,81,70,58,21,72,56,79,Medium Risk
AP2024_2218,Karthik Mishra,24A91A0149,karthik.mishra219@apedu.ac.in,1st Year,Civil Engineering,A,2,74.5,45,47,46,24,47,35,70,62,43,18,80,51,74,High Risk
AP2024_2219,Mahesh Kulkarni,22A91A0250,mahesh.kulkarni220@apedu.ac.in,3rd Year,EEE,A,6,91.5,55,44,43,44,48,63,82,61,45,21,72,49,82,Medium Risk
AP2024_2220,Sandhya Reddy,24A91A4451,sandhya.reddy221@apedu.ac.in,1st Year,CSE (Data Science),B,2,73.0,48,39,45,36,37,59,67,60,34,18,61,50,67,High Risk
AP2024_2221,Tarun Rao,24A91A0252,tarun.rao222@apedu.ac.in,1st Year,EEE,C,2,67.3,82,77,77,57,66,59,58,75,64,20,68,62,64,Medium Risk
AP2024_2222,Swathi Babu,21A91A0353,swathi.babu223@apedu.ac.in,4th Year,Mechanical Engineering,B,8,61.7,70,55,63,62,52,65,63,47,58,18,55,62,60,Medium Risk
AP2024_2223,Manoj Goud,24A91A4254,manoj.goud224@apedu.ac.in,1st Year,CSE (AI & ML),D,2,54.5,70,55,40,36,58,46,61,56,55,12,49,63,54,High Risk
AP2024_2224,Chaitanya Reddy,24A91A4255,chaitanya.reddy225@apedu.ac.in,1st Year,CSE (AI & ML),A,2,74.0,69,66,57,64,68,72,73,62,55,17,73,70,73,Medium Risk
AP2024_2225,Sneha Yadav,21A91A0156,sneha.yadav226@apedu.ac.in,4th Year,Civil Engineering,D,8,73.8,92,81,96,99,92,80,73,91,83,18,92,98,79,Low Risk
AP2024_2226,Pavan Chary,22A91A0257,pavan.chary227@apedu.ac.in,3rd Year,EEE,A,6,63.8,61,63,52,46,50,56,63,62,53,14,60,68,62,Medium Risk
AP2024_2227,Divya Varma,24A91A4258,divya.varma228@apedu.ac.in,1st Year,CSE (AI & ML),A,1,57.1,82,68,72,66,63,47,55,57,66,12,65,66,58,High Risk
AP2024_2228,Bhavya Reddy,23A91A4459,bhavya.reddy229@apedu.ac.in,2nd Year,CSE (Data Science),B,4,72.3,77,67,75,69,54,58,73,83,65,21,71,73,72,Low Risk
AP2024_2229,Ganesh Yadav,23A91A0260,ganesh.yadav230@apedu.ac.in,2nd Year,EEE,D,3,69.2,71,66,75,62,58,46,62,77,65,16,65,74,65,Medium Risk
AP2024_2230,Rohit Sastry,21A91A4261,rohit.sastry231@apedu.ac.in,4th Year,CSE (AI & ML),B,7,80.7,66,61,60,60,64,38,75,62,61,15,64,76,73,Medium Risk
AP2024_2231,Rohit Somayajulu,21A91A1262,rohit.somayajulu232@apedu.ac.in,4th Year,Information Technology,A,8,60.4,75,66,72,70,69,71,62,73,65,18,52,72,58,Medium Risk
AP2024_2232,Lavanya Bhatt,23A91A0263,lavanya.bhatt233@apedu.ac.in,2nd Year,EEE,D,3,59.9,64,54,50,48,48,55,64,59,51,14,58,55,60,High Risk
AP2024_2233,Ananya Patel,24A91A0164,ananya.patel234@apedu.ac.in,1st Year,Civil Engineering,D,1,58.3,49,54,73,67,51,53,57,52,46,12,47,60,54,Medium Risk
AP2024_2234,Ravi Bhatt,22A91A1265,ravi.bhatt235@apedu.ac.in,3rd Year,Information Technology,D,5,73.7,62,51,78,89,71,52,73,68,67,18,72,65,72,Low Risk
AP2024_2235,Ravi Mishra,21A91A0566,ravi.mishra236@apedu.ac.in,4th Year,CSE,A,7,56.6,66,56,70,62,67,53,55,59,66,16,47,70,53,High Risk
AP2024_2236,Ganesh Bhatt,22A91A0267,ganesh.bhatt237@apedu.ac.in,3rd Year,EEE,D,5,91.0,87,93,84,83,74,64,78,68,75,20,79,84,83,Low Risk
AP2024_2237,Sravani Chowdary,21A91A1268,sravani.chowdary238@apedu.ac.in,4th Year,Information Technology,D,8,72.0,77,64,77,66,89,81,65,60,68,18,74,83,70,Medium Risk
AP2024_2238,Venkata Goud,22A91A1269,venkata.goud239@apedu.ac.in,3rd Year,Information Technology,C,5,70.5,72,70,82,90,76,75,69,78,69,19,65,79,68,Medium Risk
AP2024_2239,Lavanya Verma,23A91A1270,lavanya.verma240@apedu.ac.in,2nd Year,Information Technology,B,4,88.1,76,80,66,65,75,85,72,69,65,23,79,82,80,Low Risk
AP2024_2240,Tejaswi Somayajulu,21A91A0371,tejaswi.somayajulu241@apedu.ac.in,4th Year,Mechanical Engineering,D,8,71.1,53,58,66,72,54,60,82,63,65,18,74,65,75,Medium Risk
AP2024_2241,Sneha Chary,23A91A4272,sneha.chary242@apedu.ac.in,2nd Year,CSE (AI & ML),D,4,87.9,73,90,70,66,74,80,84,58,64,16,76,74,83,Low Risk
AP2024_2242,Divya Goud,23A91A1273,divya.goud243@apedu.ac.in,2nd Year,Information Technology,A,3,56.6,74,46,69,72,65,60,55,70,56,16,72,67,60,High Risk
AP2024_2243,Deepika Sastry,22A91A0474,deepika.sastry244@apedu.ac.in,3rd Year,ECE,A,5,69.5,86,66,78,72,79,83,75,74,63,20,62,80,68,Medium Risk
AP2024_2244,Venkata Kumar,22A91A4475,venkata.kumar245@apedu.ac.in,3rd Year,CSE (Data Science),B,6,72.3,55,48,73,65,57,68,69,64,52,11,60,55,67,Medium Risk
AP2024_2245,Sandhya Rao,24A91A0176,sandhya.rao246@apedu.ac.in,1st Year,Civil Engineering,A,2,44.7,56,45,61,70,50,63,48,69,48,13,49,67,46,High Risk
AP2024_2246,Gayatri Verma,24A91A1277,gayatri.verma247@apedu.ac.in,1st Year,Information Technology,C,1,65.2,54,31,39,40,58,48,69,53,46,18,78,58,70,Medium Risk
AP2024_2247,Charan Kumar,24A91A4478,charan.kumar248@apedu.ac.in,1st Year,CSE (Data Science),A,2,96.0,61,57,63,68,54,63,97,71,57,25,91,56,94,Medium Risk
AP2024_2248,Ananya Babu,21A91A4279,ananya.babu249@apedu.ac.in,4th Year,CSE (AI & ML),A,7,64.7,36,61,77,64,51,35,58,65,59,13,54,65,59,Medium Risk
AP2024_2249,Yamini Rao,24A91A4280,yamini.rao250@apedu.ac.in,1st Year,CSE (AI & ML),B,1,74.9,67,78,67,58,63,76,68,79,64,15,60,75,68,Low Risk
AP2024_2250,Srikanth Goud,22A91A1281,srikanth.goud251@apedu.ac.in,3rd Year,Information Technology,A,6,53.0,59,55,76,74,66,67,58,71,63,13,67,74,58,High Risk
AP2024_2251,Rohit Yadav,22A91A4482,rohit.yadav252@apedu.ac.in,3rd Year,CSE (Data Science),A,6,67.6,63,79,49,47,82,73,73,66,53,19,61,74,67,Medium Risk
AP2024_2252,Bhavya Babu,21A91A0483,bhavya.babu253@apedu.ac.in,4th Year,ECE,D,7,47.3,49,42,49,36,56,62,45,49,41,16,61,48,50,High Risk
AP2024_2253,Charan Gupta,23A91A0284,charan.gupta254@apedu.ac.in,2nd Year,EEE,C,3,81.3,54,37,64,51,51,35,70,55,54,18,80,54,77,Medium Risk
AP2024_2254,Deepika Kumar,23A91A0185,deepika.kumar255@apedu.ac.in,2nd Year,Civil Engineering,B,3,38.4,55,72,75,75,71,70,35,66,60,11,37,66,36,High Risk
AP2024_2255,Divya Murthy,21A91A1286,divya.murthy256@apedu.ac.in,4th Year,Information Technology,C,8,55.8,35,47,50,44,31,40,53,54,38,12,48,44,52,High Risk
AP2024_2256,Venkata Babu,23A91A4287,venkata.babu257@apedu.ac.in,2nd Year,CSE (AI & ML),A,3,44.2,60,61,55,51,69,62,53,57,60,17,67,71,53,High Risk
AP2024_2257,Charan Patel,21A91A0188,charan.patel258@apedu.ac.in,4th Year,Civil Engineering,A,7,79.4,53,65,74,57,55,67,90,76,53,24,76,57,81,Medium Risk
AP2024_2258,Tarun Rao,23A91A0289,tarun.rao259@apedu.ac.in,2nd Year,EEE,D,3,58.5,48,41,62,48,51,68,58,63,56,12,54,77,57,Medium Risk
AP2024_2259,Tarun Kulkarni,22A91A0390,tarun.kulkarni260@apedu.ac.in,3rd Year,Mechanical Engineering,A,6,89.3,77,75,84,79,89,73,81,81,72,24,79,74,83,Low Risk
AP2024_2260,Varun Mishra,23A91A1201,varun.mishra261@apedu.ac.in,2nd Year,Information Technology,B,4,79.0,57,56,70,77,66,88,89,74,53,19,84,78,83,Low Risk
AP2024_2261,Chaitanya Chary,21A91A0102,chaitanya.chary262@apedu.ac.in,4th Year,Civil Engineering,B,8,67.5,59,55,65,60,62,64,70,64,62,15,57,69,65,Medium Risk
AP2024_2262,Pavan Naidu,24A91A0103,pavan.naidu263@apedu.ac.in,1st Year,Civil Engineering,B,2,72.3,69,67,72,64,66,68,72,60,55,15,59,64,68,Medium Risk
AP2024_2263,Akhil Joshi,22A91A4204,akhil.joshi264@apedu.ac.in,3rd Year,CSE (AI & ML),C,5,62.0,68,49,34,34,50,51,57,59,50,11,49,59,56,Medium Risk
AP2024_2264,Akhil Patel,23A91A0505,akhil.patel265@apedu.ac.in,2nd Year,CSE,C,3,56.4,37,30,60,57,38,42,57,54,41,12,49,47,54,High Risk
AP2024_2265,Nikhil Gupta,21A91A0506,nikhil.gupta266@apedu.ac.in,4th Year,CSE,C,7,68.5,73,50,64,52,36,60,70,66,63,17,66,71,68,Medium Risk
AP2024_2266,Kavya Yadav,22A91A0507,kavya.yadav267@apedu.ac.in,3rd Year,CSE,A,5,63.5,31,53,34,32,42,50,69,54,40,14,58,47,63,High Risk
AP2024_2267,Lavanya Gupta,24A91A0308,lavanya.gupta268@apedu.ac.in,1st Year,Mechanical Engineering,B,2,99.5,86,49,80,60,74,60,89,73,62,24,93,76,94,Low Risk
AP2024_2268,Swathi Bhatt,23A91A0209,swathi.bhatt269@apedu.ac.in,2nd Year,EEE,C,4,65.3,66,70,62,53,63,69,63,84,57,13,70,77,66,Medium Risk
AP2024_2269,Naresh Kulkarni,23A91A0410,naresh.kulkarni270@apedu.ac.in,2nd Year,ECE,A,4,52.1,56,45,51,57,67,53,59,57,56,14,59,50,56,High Risk
AP2024_2270,Sireesha Mishra,23A91A1211,sireesha.mishra271@apedu.ac.in,2nd Year,Information Technology,A,4,78.9,81,58,55,55,68,76,76,73,66,17,78,69,77,Medium Risk
AP2024_2271,Rohit Somayajulu,21A91A4212,rohit.somayajulu272@apedu.ac.in,4th Year,CSE (AI & ML),A,8,77.9,61,64,55,62,46,50,72,58,60,17,74,64,74,Medium Risk
AP2024_2272,Ananya Murthy,23A91A0413,ananya.murthy273@apedu.ac.in,2nd Year,ECE,D,4,99.5,71,67,77,73,69,60,84,71,72,22,71,69,86,Low Risk
AP2024_2273,Pooja Kumar,21A91A0214,pooja.kumar274@apedu.ac.in,4th Year,EEE,D,8,88.5,91,61,78,58,62,89,86,72,63,18,91,74,88,Low Risk
AP2024_2274,Ganesh Babu,21A91A4415,ganesh.babu275@apedu.ac.in,4th Year,CSE (Data Science),B,8,85.1,59,56,53,47,44,75,84,58,36,23,92,51,86,Medium Risk
AP2024_2275,Sandhya Varma,21A91A4416,sandhya.varma276@apedu.ac.in,4th Year,CSE (Data Science),A,8,69.3,58,40,56,44,59,51,70,74,52,14,66,68,68,Medium Risk
AP2024_2276,Manoj Babu,21A91A4417,manoj.babu277@apedu.ac.in,4th Year,CSE (Data Science),C,7,87.3,50,48,57,67,59,68,73,57,44,16,67,59,76,Medium Risk
AP2024_2277,Suresh Chary,21A91A4218,suresh.chary278@apedu.ac.in,4th Year,CSE (AI & ML),C,7,67.3,75,57,76,76,86,76,73,70,66,19,67,71,68,Medium Risk
AP2024_2278,Naresh Gupta,24A91A4219,naresh.gupta279@apedu.ac.in,1st Year,CSE (AI & ML),C,1,51.4,37,37,51,45,59,52,40,42,44,11,42,44,45,High Risk
AP2024_2279,Pavan Kumar,22A91A1220,pavan.kumar280@apedu.ac.in,3rd Year,Information Technology,A,6,77.7,65,81,76,63,59,59,69,72,50,18,72,76,73,Medium Risk
AP2024_2280,Rohit Varma,21A91A0221,rohit.varma281@apedu.ac.in,4th Year,EEE,C,7,60.6,43,39,56,38,34,52,57,53,44,14,59,38,59,High Risk
AP2024_2281,Manoj Goud,21A91A4222,manoj.goud282@apedu.ac.in,4th Year,CSE (AI & ML),C,7,58.9,50,43,50,46,51,59,62,42,44,16,64,62,61,Medium Risk
AP2024_2282,Pooja Rao,21A91A0223,pooja.rao283@apedu.ac.in,4th Year,EEE,D,8,68.8,81,71,84,64,70,79,74,70,57,14,58,81,67,Medium Risk
AP2024_2283,Charan Prasad,21A91A4424,charan.prasad284@apedu.ac.in,4th Year,CSE (Data Science),D,7,68.0,73,56,64,54,67,77,65,83,50,18,78,89,70,Medium Risk
AP2024_2284,Lavanya Kulkarni,21A91A0325,lavanya.kulkarni285@apedu.ac.in,4th Year,Mechanical Engineering,A,7,52.2,64,51,54,50,52,72,46,61,51,11,40,65,46,High Risk
AP2024_2285,Gayatri Kulkarni,21A91A0426,gayatri.kulkarni286@apedu.ac.in,4th Year,ECE,D,8,75.6,66,72,74,71,71,68,72,70,67,18,70,75,72,Low Risk
AP2024_2286,Charan Joshi,24A91A0227,charan.joshi287@apedu.ac.in,1st Year,EEE,A,2,67.2,70,68,80,59,63,73,59,56,62,15,72,69,66,Medium Risk
AP2024_2287,Sneha Somayajulu,24A91A4228,sneha.somayajulu288@apedu.ac.in,1st Year,CSE (AI & ML),A,2,90.4,72,69,75,59,88,60,87,87,69,18,78,79,85,Low Risk
AP2024_2288,Bhavya Chary,24A91A1229,bhavya.chary289@apedu.ac.in,1st Year,Information Technology,A,1,78.0,76,59,58,39,55,67,78,62,52,17,82,63,79,Medium Risk
AP2024_2289,Suresh Kulkarni,23A91A0230,suresh.kulkarni290@apedu.ac.in,2nd Year,EEE,B,3,48.4,59,55,60,57,59,39,48,57,65,12,40,59,45,High Risk
AP2024_2290,Nikhil Somayajulu,21A91A0331,nikhil.somayajulu291@apedu.ac.in,4th Year,Mechanical Engineering,D,7,62.0,55,56,77,58,66,77,72,74,68,17,73,63,68,Medium Risk
AP2024_2291,Swathi Rao,21A91A0332,swathi.rao292@apedu.ac.in,4th Year,Mechanical Engineering,D,7,75.3,56,53,52,46,49,67,81,57,49,21,80,56,78,Medium Risk
AP2024_2292,Aditya Murthy,24A91A0133,aditya.murthy293@apedu.ac.in,1st Year,Civil Engineering,C,2,83.7,69,54,70,59,75,64,92,63,53,26,93,80,88,Low Risk
AP2024_2293,Rahul Chowdary,24A91A0234,rahul.chowdary294@apedu.ac.in,1st Year,EEE,B,1,95.0,60,66,65,52,63,68,94,74,47,23,82,66,90,Low Risk
AP2024_2294,Aditya Raju,24A91A0235,aditya.raju295@apedu.ac.in,1st Year,EEE,D,1,82.1,75,58,66,43,79,75,82,82,52,19,79,67,81,Low Risk
AP2024_2295,Sneha Rao,22A91A0536,sneha.rao296@apedu.ac.in,3rd Year,CSE,A,5,54.1,60,54,39,36,62,55,52,44,42,11,43,67,50,High Risk
AP2024_2296,Pavan Prasad,24A91A4437,pavan.prasad297@apedu.ac.in,1st Year,CSE (Data Science),D,2,55.9,77,73,81,90,72,53,49,60,83,10,43,75,49,High Risk
AP2024_2297,Sireesha Raju,21A91A0538,sireesha.raju298@apedu.ac.in,4th Year,CSE,B,7,59.0,77,70,80,70,54,53,50,64,71,11,43,77,51,Medium Risk
AP2024_2298,Nikhil Chary,23A91A0139,nikhil.chary299@apedu.ac.in,2nd Year,Civil Engineering,A,4,45.2,55,54,69,55,57,63,57,62,53,16,54,58,51,High Risk
AP2024_2299,Varun Rao,22A91A0140,varun.rao300@apedu.ac.in,3rd Year,Civil Engineering,A,6,74.3,44,42,41,42,30,51,71,64,35,19,72,57,72,High Risk
AP2024_2300,Sravani Reddy,21A91A0541,sravani.reddy301@apedu.ac.in,4th Year,CSE,C,7,63.4,70,57,70,71,71,72,58,58,65,14,53,71,58,Medium Risk
AP2024_2301,Yamini Bhatt,24A91A4442,yamini.bhatt302@apedu.ac.in,1st Year,CSE (Data Science),C,1,79.0,57,30,52,52,67,35,62,39,48,15,60,60,68,Medium Risk
AP2024_2302,Naresh Murthy,21A91A0443,naresh.murthy303@apedu.ac.in,4th Year,ECE,B,7,92.2,81,74,72,68,75,87,80,74,62,22,78,86,84,Low Risk
AP2024_2303,Srikanth Joshi,23A91A0144,srikanth.joshi304@apedu.ac.in,2nd Year,Civil Engineering,D,3,87.9,57,61,57,55,72,69,92,81,61,21,84,77,87,Medium Risk
AP2024_2304,Karthik Reddy,21A91A4445,karthik.reddy305@apedu.ac.in,4th Year,CSE (Data Science),A,8,67.4,67,46,51,49,45,57,73,61,49,18,77,55,71,Medium Risk
AP2024_2305,Ananya Sastry,22A91A0146,ananya.sastry306@apedu.ac.in,3rd Year,Civil Engineering,C,6,55.2,50,56,45,49,51,64,50,52,45,14,53,47,52,High Risk
AP2024_2306,Manoj Bhatt,22A91A4447,manoj.bhatt307@apedu.ac.in,3rd Year,CSE (Data Science),A,5,89.6,69,55,66,63,68,57,77,77,55,18,62,69,77,Low Risk
AP2024_2307,Pavan Naidu,21A91A4448,pavan.naidu308@apedu.ac.in,4th Year,CSE (Data Science),C,7,81.4,47,37,59,54,44,56,73,56,48,15,72,55,76,Medium Risk
AP2024_2308,Ganesh Sharma,22A91A0249,ganesh.sharma309@apedu.ac.in,3rd Year,EEE,D,6,73.4,52,53,60,61,64,54,70,68,53,15,67,61,70,Medium Risk
AP2024_2309,Varun Verma,22A91A0450,varun.verma310@apedu.ac.in,3rd Year,ECE,D,6,79.7,87,73,74,64,83,64,87,78,73,21,60,77,75,Low Risk
AP2024_2310,Ramesh Patel,24A91A0551,ramesh.patel311@apedu.ac.in,1st Year,CSE,D,1,84.0,87,71,94,74,77,69,78,72,82,17,71,74,78,Low Risk
AP2024_2311,Sai Reddy,23A91A1252,sai.reddy312@apedu.ac.in,2nd Year,Information Technology,D,4,65.0,64,57,58,61,64,37,63,60,60,18,69,62,65,Medium Risk
AP2024_2312,Chaitanya Naidu,24A91A1253,chaitanya.naidu313@apedu.ac.in,1st Year,Information Technology,A,1,80.2,65,45,54,47,54,61,81,57,53,15,87,52,82,Medium Risk
AP2024_2313,Keerthi Prasad,22A91A4454,keerthi.prasad314@apedu.ac.in,3rd Year,CSE (Data Science),A,6,73.5,81,46,72,87,67,66,73,74,67,18,84,78,76,Low Risk
AP2024_2314,Suresh Babu,22A91A1255,suresh.babu315@apedu.ac.in,3rd Year,Information Technology,A,5,95.3,72,72,76,63,69,84,99,69,49,23,87,73,93,Low Risk
AP2024_2315,Pranavi Reddy,22A91A0456,pranavi.reddy316@apedu.ac.in,3rd Year,ECE,A,6,69.1,65,43,55,57,42,66,73,67,48,17,64,55,68,Medium Risk
AP2024_2316,Gayatri Yadav,22A91A0457,gayatri.yadav317@apedu.ac.in,3rd Year,ECE,D,5,59.8,68,56,62,47,49,75,57,66,53,14,52,51,56,Medium Risk
AP2024_2317,Srikanth Rao,22A91A0458,srikanth.rao318@apedu.ac.in,3rd Year,ECE,A,6,62.2,61,59,65,62,75,78,58,69,60,12,69,66,62,Medium Risk
AP2024_2318,Bhavya Yadav,21A91A0259,bhavya.yadav319@apedu.ac.in,4th Year,EEE,D,7,84.2,81,66,94,97,72,85,74,78,74,20,73,78,77,Low Risk
AP2024_2319,Sneha Joshi,23A91A4260,sneha.joshi320@apedu.ac.in,2nd Year,CSE (AI & ML),B,3,38.0,85,72,86,71,75,48,50,60,69,8,32,70,39,High Risk
AP2024_2320,Pooja Varma,22A91A0261,pooja.varma321@apedu.ac.in,3rd Year,EEE,B,5,88.3,90,70,89,90,81,72,71,86,91,17,80,83,80,Low Risk
AP2024_2321,Venkata Somayajulu,22A91A0562,venkata.somayajulu322@apedu.ac.in,3rd Year,CSE,D,6,53.4,84,60,75,65,61,56,52,70,66,11,58,73,54,High Risk
AP2024_2322,Ananya Patel,21A91A0263,ananya.patel323@apedu.ac.in,4th Year,EEE,A,8,57.6,63,59,55,60,48,57,45,68,45,12,44,60,49,High Risk
AP2024_2323,Akhil Babu,21A91A0564,akhil.babu324@apedu.ac.in,4th Year,CSE,B,8,62.6,54,54,55,34,54,70,51,55,40,15,50,64,55,High Risk
AP2024_2324,Ananya Raju,21A91A0365,ananya.raju325@apedu.ac.in,4th Year,Mechanical Engineering,A,8,60.5,77,70,69,76,69,55,52,75,68,16,56,75,56,Medium Risk
AP2024_2325,Tarun Sharma,22A91A0566,tarun.sharma326@apedu.ac.in,3rd Year,CSE,B,5,98.5,76,77,79,85,86,83,84,72,74,25,87,89,90,Low Risk
AP2024_2326,Ganesh Naidu,23A91A4467,ganesh.naidu327@apedu.ac.in,2nd Year,CSE (Data Science),C,3,50.4,85,62,78,81,60,62,46,74,68,12,49,91,48,High Risk
AP2024_2327,Pavan Naidu,24A91A1268,pavan.naidu328@apedu.ac.in,1st Year,Information Technology,D,1,67.4,86,79,75,62,66,65,71,70,65,18,73,86,70,Medium Risk
AP2024_2328,Venkata Bhatt,22A91A0469,venkata.bhatt329@apedu.ac.in,3rd Year,ECE,A,6,73.5,65,56,71,56,52,63,68,60,53,16,74,60,72,Medium Risk
AP2024_2329,Sravani Verma,22A91A0370,sravani.verma330@apedu.ac.in,3rd Year,Mechanical Engineering,B,5,79.1,52,47,35,35,54,53,68,52,38,17,84,53,77,Medium Risk
AP2024_2330,Pooja Chary,21A91A1271,pooja.chary331@apedu.ac.in,4th Year,Information Technology,A,7,89.9,68,53,66,58,54,60,80,69,58,20,86,62,85,Medium Risk
AP2024_2331,Rahul Rao,24A91A0372,rahul.rao332@apedu.ac.in,1st Year,Mechanical Engineering,A,2,67.8,70,65,66,58,72,60,74,74,63,17,80,75,73,Medium Risk
AP2024_2332,Divya Rao,21A91A0273,divya.rao333@apedu.ac.in,4th Year,EEE,D,7,77.7,62,48,72,52,43,67,57,57,46,13,59,52,65,Medium Risk
AP2024_2333,Pooja Chowdary,24A91A0274,pooja.chowdary334@apedu.ac.in,1st Year,EEE,D,1,77.3,61,47,52,49,52,49,65,52,48,16,68,55,70,Medium Risk
AP2024_2334,Tarun Chowdary,21A91A0575,tarun.chowdary335@apedu.ac.in,4th Year,CSE,D,7,73.1,22,25,28,25,57,47,69,45,39,13,64,53,69,High Risk
AP2024_2335,Manasa Babu,21A91A0376,manasa.babu336@apedu.ac.in,4th Year,Mechanical Engineering,A,7,54.1,44,36,57,48,55,57,55,58,49,13,64,58,57,High Risk
AP2024_2336,Mahesh Mishra,22A91A4277,mahesh.mishra337@apedu.ac.in,3rd Year,CSE (AI & ML),A,5,63.9,43,40,48,49,59,66,62,53,55,18,60,48,62,Medium Risk
AP2024_2337,Sai Chary,24A91A4478,sai.chary338@apedu.ac.in,1st Year,CSE (Data Science),C,1,75.6,38,61,72,61,55,57,74,54,58,15,65,62,71,Medium Risk
AP2024_2338,Keerthi Murthy,21A91A4479,keerthi.murthy339@apedu.ac.in,4th Year,CSE (Data Science),B,8,57.2,22,44,61,50,43,47,65,45,43,15,47,46,56,High Risk
AP2024_2339,Divya Rao,24A91A0280,divya.rao340@apedu.ac.in,1st Year,EEE,D,1,73.1,66,63,66,65,83,82,54,74,44,16,74,82,67,Medium Risk
AP2024_2340,Sandhya Yadav,22A91A4481,sandhya.yadav341@apedu.ac.in,3rd Year,CSE (Data Science),B,6,72.5,62,60,73,56,49,48,76,63,58,16,71,76,73,Medium Risk
AP2024_2341,Sravani Gupta,22A91A0382,sravani.gupta342@apedu.ac.in,3rd Year,Mechanical Engineering,A,6,69.7,64,53,72,64,53,48,73,64,57,20,76,61,72,Medium Risk
AP2024_2342,Akhil Bhatt,23A91A0483,akhil.bhatt343@apedu.ac.in,2nd Year,ECE,A,3,71.1,50,39,45,41,59,45,72,63,38,17,70,67,71,Medium Risk
AP2024_2343,Ganesh Kumar,23A91A0484,ganesh.kumar344@apedu.ac.in,2nd Year,ECE,A,3,56.8,61,73,69,51,56,73,66,69,51,18,58,64,59,High Risk
AP2024_2344,Charan Sharma,21A91A0385,charan.sharma345@apedu.ac.in,4th Year,Mechanical Engineering,C,8,48.7,64,42,54,60,50,57,43,58,57,14,47,55,46,High Risk
AP2024_2345,Gayatri Gupta,21A91A4486,gayatri.gupta346@apedu.ac.in,4th Year,CSE (Data Science),A,8,79.5,60,62,54,48,69,57,82,77,54,20,81,70,80,Medium Risk
AP2024_2346,Mahesh Rao,21A91A0587,mahesh.rao347@apedu.ac.in,4th Year,CSE,B,7,76.5,60,55,66,71,61,49,64,62,48,15,57,63,66,Medium Risk
AP2024_2347,Pranavi Babu,23A91A1288,pranavi.babu348@apedu.ac.in,2nd Year,Information Technology,C,3,84.7,72,70,67,70,73,86,84,81,55,18,80,79,83,Low Risk
AP2024_2348,Manasa Sharma,21A91A0589,manasa.sharma349@apedu.ac.in,4th Year,CSE,C,7,60.6,70,58,45,54,69,46,58,68,54,17,62,59,60,Medium Risk
AP2024_2349,Sai Naidu,22A91A4290,sai.naidu350@apedu.ac.in,3rd Year,CSE (AI & ML),B,5,52.5,53,48,59,37,50,48,48,48,47,13,40,56,47,High Risk
AP2024_2350,Tejaswi Babu,23A91A0501,tejaswi.babu351@apedu.ac.in,2nd Year,CSE,A,4,90.4,59,48,72,56,68,81,95,73,57,21,87,79,90,Low Risk
AP2024_2351,Bhavya Sharma,22A91A0402,bhavya.sharma352@apedu.ac.in,3rd Year,ECE,C,5,60.5,71,66,76,69,77,49,67,63,69,13,60,67,62,Medium Risk
AP2024_2352,Aditya Patel,23A91A0403,aditya.patel353@apedu.ac.in,2nd Year,ECE,A,3,86.0,83,65,81,65,67,80,77,68,69,19,98,77,86,Low Risk
AP2024_2353,Aditya Raju,24A91A4404,aditya.raju354@apedu.ac.in,1st Year,CSE (Data Science),D,1,89.6,55,61,63,64,45,65,94,74,56,19,78,74,87,Medium Risk
AP2024_2354,Suresh Patel,23A91A1205,suresh.patel355@apedu.ac.in,2nd Year,Information Technology,B,4,66.0,73,61,58,55,76,70,68,67,60,15,68,84,67,Medium Risk
AP2024_2355,Srikanth Kumar,23A91A4206,srikanth.kumar356@apedu.ac.in,2nd Year,CSE (AI & ML),A,4,61.1,41,41,51,43,37,54,54,54,34,13,53,58,56,High Risk
AP2024_2356,Rohit Varma,23A91A0107,rohit.varma357@apedu.ac.in,2nd Year,Civil Engineering,C,3,65.4,47,46,41,31,25,55,65,65,24,12,58,51,63,High Risk
AP2024_2357,Sireesha Chary,21A91A0508,sireesha.chary358@apedu.ac.in,4th Year,CSE,B,7,69.8,86,94,86,94,73,85,75,71,74,20,69,97,71,Medium Risk
AP2024_2358,Chaitanya Gupta,23A91A0409,chaitanya.gupta359@apedu.ac.in,2nd Year,ECE,A,4,64.8,60,76,64,58,69,70,67,78,53,16,63,79,64,Medium Risk
AP2024_2359,Varun Varma,21A91A4210,varun.varma360@apedu.ac.in,4th Year,CSE (AI & ML),D,7,57.0,75,57,79,88,69,67,44,70,70,16,50,80,50,High Risk
AP2024_2360,Gayatri Naidu,23A91A0311,gayatri.naidu361@apedu.ac.in,2nd Year,Mechanical Engineering,D,4,59.8,65,47,51,30,56,66,57,56,49,13,67,65,61,Medium Risk
AP2024_2361,Akhil Babu,23A91A0312,akhil.babu362@apedu.ac.in,2nd Year,Mechanical Engineering,D,4,63.0,76,59,63,53,62,79,68,63,58,15,63,79,64,Medium Risk
AP2024_2362,Ravi Sastry,22A91A0513,ravi.sastry363@apedu.ac.in,3rd Year,CSE,B,6,66.3,42,46,42,46,39,48,60,62,44,17,68,60,64,High Risk
AP2024_2363,Pranavi Sharma,21A91A0114,pranavi.sharma364@apedu.ac.in,4th Year,Civil Engineering,B,7,49.4,55,55,67,55,54,47,58,53,46,10,49,65,51,High Risk
AP2024_2364,Pavan Murthy,21A91A0315,pavan.murthy365@apedu.ac.in,4th Year,Mechanical Engineering,C,7,75.4,55,47,53,42,53,55,87,63,41,19,78,53,79,Medium Risk
AP2024_2365,Yamini Naidu,23A91A0216,yamini.naidu366@apedu.ac.in,2nd Year,EEE,D,3,84.0,83,82,100,71,71,73,81,79,76,19,78,88,81,Low Risk
AP2024_2366,Akhil Kumar,23A91A1217,akhil.kumar367@apedu.ac.in,2nd Year,Information Technology,C,3,41.7,72,61,66,63,57,58,49,59,59,11,44,65,44,High Risk
AP2024_2367,Ganesh Babu,21A91A0118,ganesh.babu368@apedu.ac.in,4th Year,Civil Engineering,C,8,82.7,68,46,43,43,77,74,87,53,52,21,92,66,86,Medium Risk
AP2024_2368,Ravi Patel,22A91A0519,ravi.patel369@apedu.ac.in,3rd Year,CSE,B,6,66.2,63,48,57,51,68,65,70,67,57,21,77,62,70,Medium Risk
AP2024_2369,Lavanya Verma,22A91A0320,lavanya.verma370@apedu.ac.in,3rd Year,Mechanical Engineering,A,5,81.7,66,60,56,46,65,83,78,75,56,19,75,83,78,Low Risk
AP2024_2370,Tejaswi Mishra,24A91A0421,tejaswi.mishra371@apedu.ac.in,1st Year,ECE,A,2,77.8,73,57,64,68,63,55,74,63,58,19,71,70,74,Medium Risk
AP2024_2371,Suresh Naidu,22A91A0422,suresh.naidu372@apedu.ac.in,3rd Year,ECE,C,5,72.9,62,59,74,75,75,66,86,78,67,20,83,77,79,Low Risk
AP2024_2372,Bhavya Kulkarni,22A91A0223,bhavya.kulkarni373@apedu.ac.in,3rd Year,EEE,C,6,75.9,66,52,50,38,39,64,72,61,40,17,73,58,73,Medium Risk
AP2024_2373,Bhavya Somayajulu,23A91A0524,bhavya.somayajulu374@apedu.ac.in,2nd Year,CSE,C,4,72.8,53,52,55,51,58,63,65,72,55,15,72,67,70,Medium Risk
AP2024_2374,Tejaswi Kumar,21A91A0525,tejaswi.kumar375@apedu.ac.in,4th Year,CSE,D,8,57.7,61,52,74,59,52,55,59,62,55,14,67,59,60,High Risk
AP2024_2375,Sandhya Varma,21A91A0426,sandhya.varma376@apedu.ac.in,4th Year,ECE,B,7,88.0,93,85,81,81,73,79,89,73,67,22,94,88,90,Low Risk
AP2024_2376,Sravani Verma,21A91A0327,sravani.verma377@apedu.ac.in,4th Year,Mechanical Engineering,A,8,77.7,46,56,42,43,40,47,77,51,49,17,73,52,76,Medium Risk
AP2024_2377,Sireesha Sharma,21A91A0428,sireesha.sharma378@apedu.ac.in,4th Year,ECE,D,8,38.0,70,63,47,36,54,46,51,50,50,11,36,54,41,High Risk
AP2024_2378,Lavanya Joshi,24A91A4429,lavanya.joshi379@apedu.ac.in,1st Year,CSE (Data Science),B,2,82.9,70,61,74,64,72,68,72,61,71,18,73,68,76,Low Risk
AP2024_2379,Pavan Reddy,21A91A0330,pavan.reddy380@apedu.ac.in,4th Year,Mechanical Engineering,B,8,65.3,61,43,71,59,48,55,58,57,58,13,62,60,62,Medium Risk
AP2024_2380,Deepika Murthy,21A91A0331,deepika.murthy381@apedu.ac.in,4th Year,Mechanical Engineering,A,8,79.9,79,71,70,79,67,80,81,77,71,16,83,91,81,Low Risk
AP2024_2381,Naresh Rao,23A91A0332,naresh.rao382@apedu.ac.in,2nd Year,Mechanical Engineering,D,3,84.4,44,50,55,58,59,62,78,62,59,19,75,74,79,Medium Risk
AP2024_2382,Manasa Sharma,21A91A0133,manasa.sharma383@apedu.ac.in,4th Year,Civil Engineering,B,7,82.0,66,60,77,67,54,71,64,65,67,15,64,80,71,Low Risk
AP2024_2383,Sravani Chowdary,22A91A0234,sravani.chowdary384@apedu.ac.in,3rd Year,EEE,A,6,59.6,68,54,67,75,67,68,59,65,65,15,51,69,56,Medium Risk
AP2024_2384,Sneha Chowdary,23A91A1235,sneha.chowdary385@apedu.ac.in,2nd Year,Information Technology,A,3,69.8,49,52,68,64,65,60,58,57,51,13,68,55,65,Medium Risk
AP2024_2385,Aditya Sharma,24A91A0236,aditya.sharma386@apedu.ac.in,1st Year,EEE,B,2,68.5,55,47,43,41,65,61,58,49,55,12,58,66,62,Medium Risk
AP2024_2386,Pranavi Gupta,24A91A0537,pranavi.gupta387@apedu.ac.in,1st Year,CSE,C,2,93.1,88,92,65,63,67,67,79,80,68,20,78,76,84,Low Risk
AP2024_2387,Akhil Reddy,23A91A0138,akhil.reddy388@apedu.ac.in,2nd Year,Civil Engineering,D,4,77.2,50,53,47,44,58,53,66,66,42,18,67,52,70,Medium Risk
AP2024_2388,Sneha Chowdary,23A91A1239,sneha.chowdary389@apedu.ac.in,2nd Year,Information Technology,A,4,61.3,66,54,57,52,64,66,62,60,52,14,69,72,63,Medium Risk
AP2024_2389,Manasa Sharma,23A91A0240,manasa.sharma390@apedu.ac.in,2nd Year,EEE,D,3,83.8,50,70,66,81,62,62,73,55,61,18,74,77,77,Medium Risk
AP2024_2390,Sravani Goud,22A91A1241,sravani.goud391@apedu.ac.in,3rd Year,Information Technology,C,5,76.3,71,69,70,62,66,72,70,75,53,13,76,78,74,Low Risk
AP2024_2391,Bhavya Reddy,23A91A4242,bhavya.reddy392@apedu.ac.in,2nd Year,CSE (AI & ML),D,4,61.4,46,67,76,59,50,61,60,51,52,16,71,62,63,Medium Risk
AP2024_2392,Ramesh Verma,22A91A1243,ramesh.verma393@apedu.ac.in,3rd Year,Information Technology,D,6,74.8,52,60,49,37,59,60,77,56,49,19,84,60,78,Medium Risk
AP2024_2393,Naresh Rao,24A91A1244,naresh.rao394@apedu.ac.in,1st Year,Information Technology,C,2,67.6,70,54,40,48,60,51,62,56,54,17,61,59,63,Medium Risk
AP2024_2394,Pavan Prasad,23A91A0445,pavan.prasad395@apedu.ac.in,2nd Year,ECE,B,4,99.5,71,50,71,57,74,72,100,70,63,23,88,83,96,Low Risk
AP2024_2395,Gayatri Murthy,21A91A4446,gayatri.murthy396@apedu.ac.in,4th Year,CSE (Data Science),A,8,69.8,42,52,58,39,43,51,71,63,48,15,68,55,69,Medium Risk
AP2024_2396,Tarun Somayajulu,24A91A4447,tarun.somayajulu397@apedu.ac.in,1st Year,CSE (Data Science),C,1,82.3,69,36,55,41,49,51,81,53,47,24,84,57,82,Medium Risk
AP2024_2397,Chaitanya Gupta,24A91A1248,chaitanya.gupta398@apedu.ac.in,1st Year,Information Technology,D,1,66.0,81,78,93,73,91,79,67,80,78,14,68,78,66,Medium Risk
AP2024_2398,Yamini Chowdary,22A91A4249,yamini.chowdary399@apedu.ac.in,3rd Year,CSE (AI & ML),C,5,71.5,73,69,28,33,54,55,69,61,41,17,83,59,74,Medium Risk
AP2024_2399,Deepika Babu,23A91A0450,deepika.babu400@apedu.ac.in,2nd Year,ECE,A,4,75.5,72,70,58,45,59,62,74,69,56,17,61,80,70,Medium Risk
AP2024_2400,Mahesh Reddy,24A91A0151,mahesh.reddy401@apedu.ac.in,1st Year,Civil Engineering,C,2,46.5,46,33,48,37,45,56,44,51,47,12,56,52,48,High Risk
AP2024_2401,Tarun Sharma,21A91A0552,tarun.sharma402@apedu.ac.in,4th Year,CSE,C,7,85.3,72,68,74,77,73,79,79,77,61,16,87,91,83,Low Risk
AP2024_2402,Suresh Somayajulu,23A91A1253,suresh.somayajulu403@apedu.ac.in,2nd Year,Information Technology,D,4,83.3,74,65,87,65,63,57,77,77,64,21,73,65,78,Low Risk
AP2024_2403,Mahesh Naidu,24A91A1254,mahesh.naidu404@apedu.ac.in,1st Year,Information Technology,B,1,52.4,42,41,60,59,47,35,49,60,44,13,51,43,50,High Risk
AP2024_2404,Sravani Raju,23A91A0555,sravani.raju405@apedu.ac.in,2nd Year,CSE,A,3,58.7,46,74,43,41,58,50,60,68,45,17,57,63,58,Medium Risk
AP2024_2405,Aditya Gupta,24A91A4456,aditya.gupta406@apedu.ac.in,1st Year,CSE (Data Science),A,2,71.1,81,79,62,62,83,73,67,80,57,17,67,88,68,Medium Risk
AP2024_2406,Sai Kulkarni,22A91A1257,sai.kulkarni407@apedu.ac.in,3rd Year,Information Technology,C,5,72.2,68,76,57,50,82,74,72,87,65,20,75,62,72,Low Risk
AP2024_2407,Aditya Sharma,24A91A1258,aditya.sharma408@apedu.ac.in,1st Year,Information Technology,A,1,61.0,58,51,55,50,57,48,58,42,57,15,59,52,59,High Risk
AP2024_2408,Akhil Yadav,24A91A0259,akhil.yadav409@apedu.ac.in,1st Year,EEE,D,2,75.8,61,68,57,44,60,72,67,62,68,15,72,67,72,Medium Risk
AP2024_2409,Ananya Chary,24A91A0160,ananya.chary410@apedu.ac.in,1st Year,Civil Engineering,B,1,53.7,93,86,67,50,74,69,63,74,64,18,52,66,55,High Risk
AP2024_2410,Nikhil Kumar,23A91A4261,nikhil.kumar411@apedu.ac.in,2nd Year,CSE (AI & ML),A,3,67.7,69,56,63,65,55,58,64,73,58,16,57,71,63,Medium Risk
AP2024_2411,Deepika Reddy,24A91A0462,deepika.reddy412@apedu.ac.in,1st Year,ECE,A,2,72.5,60,85,46,43,71,73,73,64,58,16,76,60,73,Medium Risk
AP2024_2412,Pranavi Chowdary,23A91A0563,pranavi.chowdary413@apedu.ac.in,2nd Year,CSE,D,3,68.8,68,56,65,52,62,53,74,60,63,16,61,58,68,Medium Risk
AP2024_2413,Sandhya Chowdary,22A91A0464,sandhya.chowdary414@apedu.ac.in,3rd Year,ECE,B,6,99.5,78,70,85,79,83,66,96,87,71,25,98,88,98,Low Risk
AP2024_2414,Chaitanya Prasad,21A91A0465,chaitanya.prasad415@apedu.ac.in,4th Year,ECE,B,7,82.6,60,65,35,53,50,56,83,75,49,21,77,58,81,Medium Risk
AP2024_2415,Harika Kumar,22A91A0566,harika.kumar416@apedu.ac.in,3rd Year,CSE,D,5,61.4,53,37,54,52,47,59,64,53,49,13,55,52,60,High Risk
AP2024_2416,Sireesha Reddy,21A91A1267,sireesha.reddy417@apedu.ac.in,4th Year,Information Technology,B,7,73.6,52,29,40,32,67,70,69,60,39,16,77,55,73,Medium Risk
AP2024_2417,Pooja Kulkarni,22A91A0568,pooja.kulkarni418@apedu.ac.in,3rd Year,CSE,A,6,78.6,55,74,84,62,84,57,78,78,58,16,75,78,77,Low Risk
AP2024_2418,Manoj Murthy,22A91A4269,manoj.murthy419@apedu.ac.in,3rd Year,CSE (AI & ML),B,6,54.7,35,27,22,20,25,35,55,39,24,15,54,41,54,High Risk
AP2024_2419,Kavya Chowdary,22A91A4470,kavya.chowdary420@apedu.ac.in,3rd Year,CSE (Data Science),C,6,79.2,57,72,52,34,47,65,77,65,50,19,79,64,78,Medium Risk
AP2024_2420,Aditya Yadav,22A91A4271,aditya.yadav421@apedu.ac.in,3rd Year,CSE (AI & ML),C,6,75.6,75,67,62,68,83,76,85,86,66,22,80,80,79,Low Risk
AP2024_2421,Venkata Chary,21A91A0472,venkata.chary422@apedu.ac.in,4th Year,ECE,A,8,84.6,54,66,78,73,56,81,72,77,61,16,74,73,77,Low Risk
AP2024_2422,Pranavi Reddy,24A91A0473,pranavi.reddy423@apedu.ac.in,1st Year,ECE,D,2,85.6,63,53,69,54,61,72,77,71,53,18,81,65,81,Medium Risk
AP2024_2423,Nikhil Chary,24A91A4474,nikhil.chary424@apedu.ac.in,1st Year,CSE (Data Science),C,1,84.5,72,46,53,60,54,59,89,58,45,17,67,66,80,Medium Risk
AP2024_2424,Ravi Gupta,23A91A0175,ravi.gupta425@apedu.ac.in,2nd Year,Civil Engineering,B,3,68.6,51,58,56,41,52,57,65,66,49,14,59,61,64,Medium Risk
AP2024_2425,Karthik Verma,21A91A4476,karthik.verma426@apedu.ac.in,4th Year,CSE (Data Science),C,8,61.2,79,70,95,74,86,74,69,78,65,16,58,82,62,Medium Risk
AP2024_2426,Sireesha Yadav,24A91A0277,sireesha.yadav427@apedu.ac.in,1st Year,EEE,A,2,58.8,67,77,63,54,60,71,63,61,46,15,78,63,65,Medium Risk
AP2024_2427,Pranavi Patel,22A91A0478,pranavi.patel428@apedu.ac.in,3rd Year,ECE,A,5,79.3,66,68,73,45,60,59,60,67,68,13,72,54,71,Medium Risk
AP2024_2428,Nikhil Kulkarni,23A91A0379,nikhil.kulkarni429@apedu.ac.in,2nd Year,Mechanical Engineering,B,4,69.5,67,43,78,47,55,68,73,68,52,16,72,53,71,Medium Risk
AP2024_2429,Lavanya Yadav,24A91A1280,lavanya.yadav430@apedu.ac.in,1st Year,Information Technology,A,1,85.2,65,42,70,63,61,66,78,70,52,21,80,73,81,Medium Risk
AP2024_2430,Bhavya Rao,23A91A4481,bhavya.rao431@apedu.ac.in,2nd Year,CSE (Data Science),A,3,68.9,64,65,71,68,61,69,68,68,57,15,56,61,64,Medium Risk
AP2024_2431,Aditya Bhatt,23A91A4282,aditya.bhatt432@apedu.ac.in,2nd Year,CSE (AI & ML),D,3,89.0,84,73,84,67,83,86,88,77,69,18,73,83,83,Low Risk
AP2024_2432,Mahesh Gupta,23A91A0483,mahesh.gupta433@apedu.ac.in,2nd Year,ECE,D,3,54.9,77,49,62,52,71,81,55,81,62,16,58,65,55,High Risk
AP2024_2433,Aditya Chary,23A91A0284,aditya.chary434@apedu.ac.in,2nd Year,EEE,D,4,48.3,66,60,67,52,55,53,42,56,50,12,42,71,44,High Risk
AP2024_2434,Bhavya Raju,21A91A0385,bhavya.raju435@apedu.ac.in,4th Year,Mechanical Engineering,D,7,73.5,55,56,48,34,56,60,62,68,46,19,79,70,71,Medium Risk
AP2024_2435,Manasa Goud,21A91A0186,manasa.goud436@apedu.ac.in,4th Year,Civil Engineering,D,8,83.4,86,62,73,73,54,70,87,74,59,21,72,76,81,Low Risk
AP2024_2436,Rohit Sastry,24A91A0187,rohit.sastry437@apedu.ac.in,1st Year,Civil Engineering,A,2,67.7,77,55,71,70,71,69,72,70,70,16,66,81,68,Medium Risk
AP2024_2437,Pavan Chary,23A91A0288,pavan.chary438@apedu.ac.in,2nd Year,EEE,D,3,78.2,54,62,48,49,49,62,69,55,45,14,66,63,71,Medium Risk
AP2024_2438,Mahesh Gupta,21A91A0189,mahesh.gupta439@apedu.ac.in,4th Year,Civil Engineering,D,8,88.2,69,69,60,74,62,61,83,71,46,16,79,65,83,Low Risk
AP2024_2439,Pooja Patel,23A91A0490,pooja.patel440@apedu.ac.in,2nd Year,ECE,B,4,68.2,83,52,60,57,64,74,60,64,45,15,70,77,66,Medium Risk
AP2024_2440,Bhavya Reddy,24A91A1201,bhavya.reddy441@apedu.ac.in,1st Year,Information Technology,D,2,47.6,57,50,77,56,56,44,59,65,54,14,43,54,49,High Risk
AP2024_2441,Deepika Prasad,22A91A1202,deepika.prasad442@apedu.ac.in,3rd Year,Information Technology,C,6,82.6,68,50,57,54,52,71,70,69,52,16,80,63,78,Medium Risk
AP2024_2442,Swathi Naidu,21A91A4203,swathi.naidu443@apedu.ac.in,4th Year,CSE (AI & ML),D,7,54.8,66,58,55,70,68,66,52,67,56,12,53,76,53,High Risk
AP2024_2443,Naresh Goud,23A91A0204,naresh.goud444@apedu.ac.in,2nd Year,EEE,C,4,56.6,53,51,41,45,64,44,72,60,45,19,59,62,61,High Risk
AP2024_2444,Sandhya Somayajulu,21A91A0505,sandhya.somayajulu445@apedu.ac.in,4th Year,CSE,D,8,55.5,68,63,42,46,62,65,53,71,45,16,64,77,57,High Risk
AP2024_2445,Ganesh Verma,23A91A0506,ganesh.verma446@apedu.ac.in,2nd Year,CSE,C,4,63.6,63,68,60,54,45,53,58,55,54,12,54,51,59,Medium Risk
AP2024_2446,Venkata Somayajulu,23A91A1207,venkata.somayajulu447@apedu.ac.in,2nd Year,Information Technology,B,4,62.1,30,35,55,44,51,68,61,41,47,10,64,51,62,Medium Risk
AP2024_2447,Kavya Verma,23A91A4208,kavya.verma448@apedu.ac.in,2nd Year,CSE (AI & ML),A,3,46.1,70,71,49,54,46,56,47,51,62,9,48,57,46,High Risk
AP2024_2448,Manasa Prasad,24A91A0109,manasa.prasad449@apedu.ac.in,1st Year,Civil Engineering,B,1,83.0,65,54,64,57,53,77,90,73,59,19,86,66,85,Medium Risk
AP2024_2449,Ganesh Raju,22A91A0210,ganesh.raju450@apedu.ac.in,3rd Year,EEE,D,6,81.1,56,62,70,66,64,65,75,68,59,19,74,66,77,Low Risk
AP2024_2450,Rahul Chowdary,22A91A0211,rahul.chowdary451@apedu.ac.in,3rd Year,EEE,B,5,65.9,94,55,81,78,63,55,51,70,64,15,53,69,57,Medium Risk
AP2024_2451,Tarun Somayajulu,22A91A4412,tarun.somayajulu452@apedu.ac.in,3rd Year,CSE (Data Science),D,5,72.3,50,80,70,56,41,58,67,72,65,11,67,65,69,Medium Risk
AP2024_2452,Sai Chowdary,24A91A0113,sai.chowdary453@apedu.ac.in,1st Year,Civil Engineering,C,2,75.7,73,63,71,58,70,55,76,65,49,15,78,84,76,Low Risk
AP2024_2453,Ganesh Goud,23A91A4414,ganesh.goud454@apedu.ac.in,2nd Year,CSE (Data Science),B,4,96.7,53,72,69,49,70,58,87,59,57,17,78,64,88,Medium Risk
AP2024_2454,Bhavya Sastry,23A91A1215,bhavya.sastry455@apedu.ac.in,2nd Year,Information Technology,B,3,53.5,65,69,71,71,53,54,52,75,63,15,62,70,55,High Risk
AP2024_2455,Aditya Sharma,24A91A0416,aditya.sharma456@apedu.ac.in,1st Year,ECE,C,1,96.1,64,43,51,37,47,54,93,65,48,24,81,71,90,Medium Risk
AP2024_2456,Deepika Babu,24A91A4217,deepika.babu457@apedu.ac.in,1st Year,CSE (AI & ML),C,1,76.6,46,41,22,26,50,62,72,53,40,16,76,45,75,High Risk
AP2024_2457,Rahul Prasad,24A91A4218,rahul.prasad458@apedu.ac.in,1st Year,CSE (AI & ML),C,2,66.7,54,60,79,61,71,65,80,63,49,21,76,68,73,Medium Risk
AP2024_2458,Venkata Bhatt,23A91A1219,venkata.bhatt459@apedu.ac.in,2nd Year,Information Technology,A,4,57.7,49,36,57,62,47,57,58,47,52,10,54,47,56,High Risk
AP2024_2459,Sai Rao,22A91A0520,sai.rao460@apedu.ac.in,3rd Year,CSE,A,5,98.0,92,75,87,71,83,73,80,87,73,20,85,94,88,Low Risk
AP2024_2460,Manoj Mishra,24A91A0221,manoj.mishra461@apedu.ac.in,1st Year,EEE,D,2,70.1,58,45,77,76,64,74,88,73,64,17,68,57,74,Medium Risk
AP2024_2461,Sravani Patel,21A91A0322,sravani.patel462@apedu.ac.in,4th Year,Mechanical Engineering,C,8,56.3,60,53,66,43,68,68,48,64,51,7,55,66,53,High Risk
AP2024_2462,Sireesha Verma,22A91A0123,sireesha.verma463@apedu.ac.in,3rd Year,Civil Engineering,A,6,89.7,69,56,81,81,68,67,80,80,65,21,80,85,83,Low Risk
AP2024_2463,Keerthi Patel,24A91A1224,keerthi.patel464@apedu.ac.in,1st Year,Information Technology,D,1,64.7,63,44,73,65,51,62,68,56,49,17,67,65,66,Medium Risk
AP2024_2464,Divya Reddy,24A91A0425,divya.reddy465@apedu.ac.in,1st Year,ECE,C,2,83.5,53,48,64,58,71,62,75,80,64,18,72,64,77,Medium Risk
AP2024_2465,Lavanya Chary,21A91A0426,lavanya.chary466@apedu.ac.in,4th Year,ECE,A,8,86.0,74,73,80,74,52,62,78,71,69,18,74,81,79,Low Risk
AP2024_2466,Sireesha Reddy,22A91A0327,sireesha.reddy467@apedu.ac.in,3rd Year,Mechanical Engineering,D,5,73.8,76,74,69,68,79,72,79,71,66,16,78,74,76,Low Risk
AP2024_2467,Pranavi Chary,21A91A4228,pranavi.chary468@apedu.ac.in,4th Year,CSE (AI & ML),C,8,74.6,64,76,79,68,57,65,83,75,66,17,66,76,74,Medium Risk
AP2024_2468,Ganesh Sastry,24A91A0229,ganesh.sastry469@apedu.ac.in,1st Year,EEE,B,2,62.9,59,62,47,43,56,63,69,59,55,17,63,64,64,Medium Risk
AP2024_2469,Rohit Mishra,24A91A1230,rohit.mishra470@apedu.ac.in,1st Year,Information Technology,A,1,77.3,60,49,70,46,58,64,76,64,46,14,77,62,76,Medium Risk
AP2024_2470,Pavan Kulkarni,21A91A1231,pavan.kulkarni471@apedu.ac.in,4th Year,Information Technology,A,7,73.3,81,87,75,70,73,71,74,82,75,22,70,79,72,Low Risk
AP2024_2471,Sravani Kulkarni,23A91A0432,sravani.kulkarni472@apedu.ac.in,2nd Year,ECE,B,3,56.4,77,58,86,71,58,56,58,72,69,15,63,69,58,High Risk
AP2024_2472,Rahul Chowdary,21A91A4433,rahul.chowdary473@apedu.ac.in,4th Year,CSE (Data Science),C,7,68.3,46,32,40,24,42,47,65,58,39,21,72,50,68,High Risk
AP2024_2473,Manasa Raju,23A91A1234,manasa.raju474@apedu.ac.in,2nd Year,Information Technology,A,4,70.1,48,42,44,28,34,50,67,54,37,16,64,49,67,High Risk
AP2024_2474,Divya Joshi,21A91A0335,divya.joshi475@apedu.ac.in,4th Year,Mechanical Engineering,B,7,82.5,54,57,59,48,57,59,87,80,46,21,81,67,83,Medium Risk
AP2024_2475,Naresh Chary,24A91A0136,naresh.chary476@apedu.ac.in,1st Year,Civil Engineering,D,2,80.2,66,58,72,60,78,72,82,83,60,19,74,77,78,Low Risk
AP2024_2476,Yamini Murthy,23A91A0237,yamini.murthy477@apedu.ac.in,2nd Year,EEE,A,3,66.2,63,59,47,42,61,49,54,51,46,14,68,53,63,Medium Risk
AP2024_2477,Tejaswi Naidu,24A91A0338,tejaswi.naidu478@apedu.ac.in,1st Year,Mechanical Engineering,B,1,81.8,81,79,61,41,77,79,89,76,65,25,85,84,84,Low Risk
AP2024_2478,Suresh Bhatt,22A91A0339,suresh.bhatt479@apedu.ac.in,3rd Year,Mechanical Engineering,D,5,73.6,76,56,67,65,76,69,70,70,67,16,69,72,71,Low Risk
AP2024_2479,Naresh Reddy,22A91A0440,naresh.reddy480@apedu.ac.in,3rd Year,ECE,D,5,71.3,63,68,75,64,70,74,62,70,61,17,66,82,66,Medium Risk
AP2024_2480,Ganesh Patel,22A91A0441,ganesh.patel481@apedu.ac.in,3rd Year,ECE,A,5,55.9,36,33,43,44,50,50,45,46,41,11,53,42,51,High Risk
AP2024_2481,Tarun Reddy,21A91A4442,tarun.reddy482@apedu.ac.in,4th Year,CSE (Data Science),C,8,58.6,98,81,96,81,83,63,69,81,78,15,60,86,62,Medium Risk
AP2024_2482,Pranavi Sastry,21A91A0243,pranavi.sastry483@apedu.ac.in,4th Year,EEE,B,7,81.4,48,66,52,52,48,52,78,58,51,21,90,60,82,Medium Risk
AP2024_2483,Karthik Chary,22A91A4244,karthik.chary484@apedu.ac.in,3rd Year,CSE (AI & ML),C,6,55.8,43,48,60,60,55,60,65,68,52,17,71,56,63,High Risk
AP2024_2484,Naresh Sastry,23A91A0245,naresh.sastry485@apedu.ac.in,2nd Year,EEE,D,4,69.9,62,54,72,44,56,48,72,54,48,16,70,63,70,Medium Risk
AP2024_2485,Ananya Patel,23A91A0446,ananya.patel486@apedu.ac.in,2nd Year,ECE,A,3,75.2,64,40,62,57,59,48,67,54,57,20,73,58,72,Medium Risk
AP2024_2486,Aditya Sastry,21A91A4447,aditya.sastry487@apedu.ac.in,4th Year,CSE (Data Science),A,8,66.3,53,38,47,31,41,53,68,59,42,17,59,52,64,High Risk
AP2024_2487,Yamini Prasad,22A91A1248,yamini.prasad488@apedu.ac.in,3rd Year,Information Technology,C,6,74.9,65,66,61,47,45,55,79,64,53,19,72,60,75,Medium Risk
AP2024_2488,Tarun Prasad,24A91A0249,tarun.prasad489@apedu.ac.in,1st Year,EEE,B,2,58.4,57,49,36,35,37,52,56,58,41,15,60,52,58,High Risk
AP2024_2489,Yamini Prasad,24A91A0350,yamini.prasad490@apedu.ac.in,1st Year,Mechanical Engineering,A,1,57.9,31,62,27,20,55,47,62,55,46,15,68,41,62,High Risk
AP2024_2490,Pavan Babu,23A91A1251,pavan.babu491@apedu.ac.in,2nd Year,Information Technology,D,3,81.9,75,73,76,67,76,72,78,79,69,19,84,79,81,Low Risk
AP2024_2491,Tejaswi Varma,23A91A0452,tejaswi.varma492@apedu.ac.in,2nd Year,ECE,A,3,90.4,62,51,52,53,72,47,80,69,58,16,76,67,82,Medium Risk
AP2024_2492,Srikanth Bhatt,24A91A0153,srikanth.bhatt493@apedu.ac.in,1st Year,Civil Engineering,D,1,81.2,77,68,66,57,71,73,78,67,62,21,75,76,78,Medium Risk
AP2024_2493,Sneha Rao,24A91A1254,sneha.rao494@apedu.ac.in,1st Year,Information Technology,B,2,71.0,70,57,68,54,83,62,73,69,54,24,81,74,74,Medium Risk
AP2024_2494,Ananya Chowdary,22A91A4455,ananya.chowdary495@apedu.ac.in,3rd Year,CSE (Data Science),D,6,57.7,51,50,53,50,48,48,44,52,52,13,58,61,53,High Risk
AP2024_2495,Nikhil Rao,24A91A0156,nikhil.rao496@apedu.ac.in,1st Year,Civil Engineering,D,1,61.3,74,53,66,60,75,66,61,71,68,14,73,72,64,Medium Risk
AP2024_2496,Pavan Somayajulu,23A91A4257,pavan.somayajulu497@apedu.ac.in,2nd Year,CSE (AI & ML),D,4,77.8,73,64,69,72,73,76,76,79,63,17,74,78,76,Low Risk
AP2024_2497,Manasa Raju,21A91A0558,manasa.raju498@apedu.ac.in,4th Year,CSE,A,8,55.9,57,41,50,65,32,56,54,56,47,10,45,41,52,High Risk
AP2024_2498,Suresh Naidu,24A91A0459,suresh.naidu499@apedu.ac.in,1st Year,ECE,A,2,60.1,51,68,70,65,56,47,45,54,61,11,48,59,51,Medium Risk
AP2024_2499,Swathi Bhatt,21A91A4260,swathi.bhatt500@apedu.ac.in,4th Year,CSE (AI & ML),B,8,72.4,61,63,52,48,62,71,65,63,49,15,69,54,69,Medium Risk
AP2024_2500,Manasa Sastry,21A91A4461,manasa.sastry501@apedu.ac.in,4th Year,CSE (Data Science),A,8,64.6,51,51,67,66,50,52,64,57,54,13,62,53,63,Medium Risk
AP2024_2501,Sireesha Naidu,23A91A0562,sireesha.naidu502@apedu.ac.in,2nd Year,CSE,D,4,73.0,50,58,67,64,60,53,64,60,50,18,56,61,65,Medium Risk
AP2024_2502,Yamini Joshi,21A91A4263,yamini.joshi503@apedu.ac.in,4th Year,CSE (AI & ML),B,7,74.2,56,64,75,56,72,63,67,71,62,17,74,56,71,Low Risk
AP2024_2503,Suresh Goud,23A91A1264,suresh.goud504@apedu.ac.in,2nd Year,Information Technology,C,3,47.4,64,47,63,67,63,52,42,62,55,11,35,53,42,High Risk
AP2024_2504,Suresh Rao,23A91A4465,suresh.rao505@apedu.ac.in,2nd Year,CSE (Data Science),A,3,76.8,60,44,60,52,53,58,68,74,43,15,65,64,70,Medium Risk
AP2024_2505,Yamini Raju,24A91A4266,yamini.raju506@apedu.ac.in,1st Year,CSE (AI & ML),C,1,75.4,78,78,64,46,54,59,66,65,56,11,58,77,67,Medium Risk
AP2024_2506,Srikanth Joshi,23A91A0567,srikanth.joshi507@apedu.ac.in,2nd Year,CSE,B,4,38.0,56,45,56,57,65,35,45,49,43,12,48,52,43,High Risk
AP2024_2507,Pavan Rao,22A91A4468,pavan.rao508@apedu.ac.in,3rd Year,CSE (Data Science),D,6,87.4,60,74,60,59,74,70,90,73,67,18,84,78,87,Low Risk
AP2024_2508,Sireesha Mishra,22A91A4269,sireesha.mishra509@apedu.ac.in,3rd Year,CSE (AI & ML),A,5,82.0,64,69,75,63,54,57,70,75,58,17,70,66,74,Low Risk
AP2024_2509,Nikhil Rao,23A91A0270,nikhil.rao510@apedu.ac.in,2nd Year,EEE,B,3,82.9,82,78,96,89,83,81,76,78,82,21,75,87,78,Low Risk
AP2024_2510,Divya Chary,23A91A0271,divya.chary511@apedu.ac.in,2nd Year,EEE,B,4,74.6,66,80,71,75,70,67,74,78,66,18,79,72,75,Low Risk
AP2024_2511,Gayatri Murthy,24A91A0272,gayatri.murthy512@apedu.ac.in,1st Year,EEE,D,2,67.9,63,65,63,64,56,49,68,58,59,17,55,67,64,Medium Risk
AP2024_2512,Sneha Prasad,21A91A0273,sneha.prasad513@apedu.ac.in,4th Year,EEE,D,7,93.6,99,97,98,88,79,96,100,90,80,28,98,98,96,Low Risk
AP2024_2513,Rohit Joshi,23A91A0274,rohit.joshi514@apedu.ac.in,2nd Year,EEE,B,3,75.4,47,45,37,27,48,48,74,57,41,16,76,62,75,High Risk
AP2024_2514,Srikanth Bhatt,23A91A4475,srikanth.bhatt515@apedu.ac.in,2nd Year,CSE (Data Science),C,4,62.2,46,55,61,61,47,60,66,52,44,14,68,64,65,Medium Risk
AP2024_2515,Ganesh Prasad,24A91A4276,ganesh.prasad516@apedu.ac.in,1st Year,CSE (AI & ML),C,1,69.7,57,73,59,57,60,61,77,71,49,15,73,61,72,Medium Risk
AP2024_2516,Suresh Joshi,24A91A4277,suresh.joshi517@apedu.ac.in,1st Year,CSE (AI & ML),C,2,87.5,41,55,38,50,50,53,81,57,46,19,73,59,81,Medium Risk
AP2024_2517,Rahul Kumar,22A91A4478,rahul.kumar518@apedu.ac.in,3rd Year,CSE (Data Science),B,6,95.0,79,52,74,69,63,59,91,78,63,25,84,73,90,Low Risk
AP2024_2518,Varun Reddy,24A91A0479,varun.reddy519@apedu.ac.in,1st Year,ECE,D,2,63.9,85,75,74,72,65,77,51,68,61,13,50,97,55,Medium Risk
AP2024_2519,Harika Chowdary,23A91A1280,harika.chowdary520@apedu.ac.in,2nd Year,Information Technology,A,4,60.1,61,69,54,58,60,66,57,60,56,16,61,72,59,Medium Risk
AP2024_2520,Akhil Kumar,22A91A4281,akhil.kumar521@apedu.ac.in,3rd Year,CSE (AI & ML),A,6,73.6,55,68,66,68,75,67,64,63,57,14,60,74,66,Medium Risk
AP2024_2521,Sneha Patel,21A91A0382,sneha.patel522@apedu.ac.in,4th Year,Mechanical Engineering,D,7,83.7,47,52,30,35,54,82,80,63,44,17,81,58,81,Medium Risk
AP2024_2522,Sravani Bhatt,23A91A0583,sravani.bhatt523@apedu.ac.in,2nd Year,CSE,B,4,70.2,71,68,64,57,69,59,72,66,51,15,68,71,70,Medium Risk
AP2024_2523,Divya Varma,21A91A0584,divya.varma524@apedu.ac.in,4th Year,CSE,C,8,77.9,45,58,38,29,46,39,76,64,46,22,67,47,74,High Risk
AP2024_2524,Nikhil Kulkarni,21A91A4485,nikhil.kulkarni525@apedu.ac.in,4th Year,CSE (Data Science),D,8,73.1,48,51,28,30,40,40,77,63,42,18,72,49,73,High Risk
AP2024_2525,Keerthi Babu,22A91A0186,keerthi.babu526@apedu.ac.in,3rd Year,Civil Engineering,B,6,72.5,75,70,73,73,62,73,68,81,68,20,77,72,72,Low Risk
AP2024_2526,Pavan Yadav,24A91A0187,pavan.yadav527@apedu.ac.in,1st Year,Civil Engineering,C,2,99.2,62,69,66,57,60,72,93,63,45,23,97,64,96,Low Risk
AP2024_2527,Rahul Yadav,24A91A0488,rahul.yadav528@apedu.ac.in,1st Year,ECE,A,1,57.2,57,56,59,29,50,38,60,43,46,16,63,58,59,High Risk
AP2024_2528,Sneha Bhatt,24A91A0289,sneha.bhatt529@apedu.ac.in,1st Year,EEE,D,1,79.3,77,71,76,63,61,69,73,70,69,20,72,72,75,Low Risk
AP2024_2529,Sai Murthy,23A91A1290,sai.murthy530@apedu.ac.in,2nd Year,Information Technology,A,4,89.7,69,73,76,65,71,71,77,83,64,19,85,82,84,Low Risk
AP2024_2530,Tarun Reddy,23A91A0101,tarun.reddy531@apedu.ac.in,2nd Year,Civil Engineering,C,3,69.9,65,61,61,60,74,53,73,74,50,20,73,68,71,Medium Risk
AP2024_2531,Nikhil Kulkarni,24A91A4402,nikhil.kulkarni532@apedu.ac.in,1st Year,CSE (Data Science),B,2,66.1,70,65,70,69,61,78,58,57,51,15,68,60,64,Medium Risk
AP2024_2532,Aditya Naidu,22A91A0303,aditya.naidu533@apedu.ac.in,3rd Year,Mechanical Engineering,A,5,77.1,75,63,79,93,81,68,76,75,72,22,81,82,77,Low Risk
AP2024_2533,Ganesh Sastry,21A91A0304,ganesh.sastry534@apedu.ac.in,4th Year,Mechanical Engineering,A,7,56.9,49,44,78,56,45,59,45,52,52,12,62,67,54,High Risk
AP2024_2534,Charan Kulkarni,23A91A0205,charan.kulkarni535@apedu.ac.in,2nd Year,EEE,C,3,92.5,58,59,72,62,69,55,83,79,55,24,91,69,89,Low Risk
AP2024_2535,Sravani Gupta,22A91A0506,sravani.gupta536@apedu.ac.in,3rd Year,CSE,D,5,75.3,64,54,72,70,59,68,74,65,61,19,68,72,72,Medium Risk
AP2024_2536,Manoj Gupta,24A91A1207,manoj.gupta537@apedu.ac.in,1st Year,Information Technology,A,2,77.9,67,59,78,53,65,74,75,67,60,17,66,73,73,Low Risk
AP2024_2537,Keerthi Reddy,21A91A0208,keerthi.reddy538@apedu.ac.in,4th Year,EEE,C,8,77.1,67,70,89,78,59,65,70,64,64,18,73,71,73,Low Risk
AP2024_2538,Harika Reddy,22A91A0109,harika.reddy539@apedu.ac.in,3rd Year,Civil Engineering,C,5,66.8,65,34,53,42,51,55,71,53,44,16,72,60,69,Medium Risk
AP2024_2539,Sai Chowdary,21A91A0410,sai.chowdary540@apedu.ac.in,4th Year,ECE,A,8,77.0,67,44,61,52,56,59,91,60,54,14,88,69,84,Medium Risk
AP2024_2540,Akhil Mishra,23A91A4211,akhil.mishra541@apedu.ac.in,2nd Year,CSE (AI & ML),D,4,80.3,75,83,65,73,76,69,68,77,60,19,79,73,76,Low Risk
AP2024_2541,Sai Varma,22A91A1212,sai.varma542@apedu.ac.in,3rd Year,Information Technology,D,5,73.8,50,44,49,43,47,58,74,58,47,17,61,55,70,Medium Risk
AP2024_2542,Srikanth Gupta,22A91A4413,srikanth.gupta543@apedu.ac.in,3rd Year,CSE (Data Science),C,6,84.8,64,51,54,53,56,75,71,72,46,22,75,65,77,Medium Risk
AP2024_2543,Harika Babu,21A91A4414,harika.babu544@apedu.ac.in,4th Year,CSE (Data Science),C,7,59.5,57,55,54,44,52,59,57,66,56,19,57,63,58,Medium Risk
AP2024_2544,Ganesh Reddy,22A91A4215,ganesh.reddy545@apedu.ac.in,3rd Year,CSE (AI & ML),B,5,73.0,41,36,20,28,34,55,69,52,24,18,61,47,68,High Risk
AP2024_2545,Tejaswi Rao,23A91A0116,tejaswi.rao546@apedu.ac.in,2nd Year,Civil Engineering,C,4,56.8,69,54,53,64,68,54,53,63,46,15,68,70,59,High Risk
AP2024_2546,Karthik Goud,23A91A0217,karthik.goud547@apedu.ac.in,2nd Year,EEE,A,4,78.1,47,44,36,37,56,47,68,49,43,18,66,56,71,High Risk
AP2024_2547,Deepika Sastry,21A91A0318,deepika.sastry548@apedu.ac.in,4th Year,Mechanical Engineering,D,7,67.9,40,55,50,47,48,51,64,57,40,19,68,62,66,Medium Risk
AP2024_2548,Sandhya Prasad,23A91A4219,sandhya.prasad549@apedu.ac.in,2nd Year,CSE (AI & ML),A,3,78.2,69,53,55,45,68,65,75,73,49,19,74,69,75,Medium Risk
AP2024_2549,Divya Varma,22A91A0420,divya.varma550@apedu.ac.in,3rd Year,ECE,A,5,73.3,53,48,67,63,60,55,66,62,54,15,63,63,68,Medium Risk
AP2024_2550,Charan Murthy,24A91A1221,charan.murthy551@apedu.ac.in,1st Year,Information Technology,C,2,63.9,67,68,75,58,61,62,68,67,64,17,68,70,66,Medium Risk
AP2024_2551,Tejaswi Sastry,24A91A0422,tejaswi.sastry552@apedu.ac.in,1st Year,ECE,B,2,58.4,52,70,65,71,59,69,58,54,58,16,47,64,54,Medium Risk
AP2024_2552,Sandhya Goud,23A91A4223,sandhya.goud553@apedu.ac.in,2nd Year,CSE (AI & ML),C,4,46.2,56,48,64,67,66,48,49,66,56,13,36,56,43,High Risk
AP2024_2553,Nikhil Kulkarni,21A91A1224,nikhil.kulkarni554@apedu.ac.in,4th Year,Information Technology,A,7,87.7,48,70,50,47,65,65,90,54,51,20,83,72,86,Medium Risk
AP2024_2554,Sandhya Chary,23A91A4425,sandhya.chary555@apedu.ac.in,2nd Year,CSE (Data Science),B,3,67.2,85,73,83,79,74,79,72,68,73,15,60,71,66,Medium Risk
AP2024_2555,Suresh Varma,21A91A0226,suresh.varma556@apedu.ac.in,4th Year,EEE,B,7,53.4,64,62,56,40,60,57,52,60,43,13,53,67,52,High Risk
AP2024_2556,Rohit Murthy,24A91A4227,rohit.murthy557@apedu.ac.in,1st Year,CSE (AI & ML),A,1,99.5,83,80,82,96,72,77,100,82,77,22,95,93,98,Low Risk
AP2024_2557,Manasa Murthy,22A91A0428,manasa.murthy558@apedu.ac.in,3rd Year,ECE,C,5,75.3,50,68,83,72,53,59,76,77,47,19,81,77,77,Low Risk
AP2024_2558,Ganesh Sastry,24A91A0529,ganesh.sastry559@apedu.ac.in,1st Year,CSE,C,2,75.7,42,61,58,50,46,69,66,65,49,16,75,67,72,Medium Risk
AP2024_2559,Suresh Raju,22A91A0330,suresh.raju560@apedu.ac.in,3rd Year,Mechanical Engineering,D,6,75.4,66,75,73,76,59,73,75,74,67,19,81,70,76,Low Risk
AP2024_2560,Nikhil Patel,24A91A0531,nikhil.patel561@apedu.ac.in,1st Year,CSE,A,1,73.2,72,62,62,67,58,54,65,59,51,17,82,65,73,Medium Risk
AP2024_2561,Ananya Kulkarni,22A91A0232,ananya.kulkarni562@apedu.ac.in,3rd Year,EEE,D,5,56.8,60,66,84,69,65,57,58,74,56,15,51,64,55,High Risk
AP2024_2562,Varun Chary,24A91A4433,varun.chary563@apedu.ac.in,1st Year,CSE (Data Science),C,2,76.1,55,48,73,73,65,74,77,58,70,20,79,60,77,Low Risk
AP2024_2563,Ravi Kumar,22A91A4234,ravi.kumar564@apedu.ac.in,3rd Year,CSE (AI & ML),A,6,63.7,69,57,67,61,56,54,58,63,56,13,55,65,59,Medium Risk
AP2024_2564,Sai Kulkarni,23A91A0335,sai.kulkarni565@apedu.ac.in,2nd Year,Mechanical Engineering,C,4,58.8,47,50,61,48,42,63,52,58,41,17,62,63,57,Medium Risk
AP2024_2565,Swathi Mishra,22A91A0236,swathi.mishra566@apedu.ac.in,3rd Year,EEE,B,5,72.0,58,50,47,53,57,56,61,54,45,17,67,70,67,Medium Risk
AP2024_2566,Swathi Prasad,24A91A4437,swathi.prasad567@apedu.ac.in,1st Year,CSE (Data Science),A,1,68.7,64,79,86,78,61,65,64,65,70,14,54,70,62,Medium Risk
AP2024_2567,Karthik Bhatt,23A91A1238,karthik.bhatt568@apedu.ac.in,2nd Year,Information Technology,A,3,71.4,49,47,40,29,41,63,63,52,49,15,65,59,66,High Risk
AP2024_2568,Pooja Joshi,22A91A1239,pooja.joshi569@apedu.ac.in,3rd Year,Information Technology,B,6,63.5,69,73,79,64,68,56,67,69,67,17,62,69,64,Medium Risk
AP2024_2569,Chaitanya Varma,24A91A0440,chaitanya.varma570@apedu.ac.in,1st Year,ECE,D,1,74.7,59,57,52,50,71,55,76,67,52,21,81,62,76,Medium Risk
AP2024_2570,Yamini Somayajulu,22A91A0341,yamini.somayajulu571@apedu.ac.in,3rd Year,Mechanical Engineering,D,6,52.1,41,33,43,42,25,50,54,42,39,13,72,41,58,High Risk
AP2024_2571,Suresh Murthy,24A91A0142,suresh.murthy572@apedu.ac.in,1st Year,Civil Engineering,A,2,78.8,44,63,50,38,58,70,72,54,43,16,78,62,76,Medium Risk
AP2024_2572,Sneha Chary,22A91A0243,sneha.chary573@apedu.ac.in,3rd Year,EEE,A,5,77.9,89,65,96,74,74,80,65,77,69,17,63,84,69,Low Risk
AP2024_2573,Naresh Rao,23A91A1244,naresh.rao574@apedu.ac.in,2nd Year,Information Technology,A,4,62.7,67,52,75,45,48,78,65,67,59,17,53,72,60,Medium Risk
AP2024_2574,Sneha Babu,21A91A0145,sneha.babu575@apedu.ac.in,4th Year,Civil Engineering,C,8,67.8,59,39,60,58,50,66,63,64,54,17,61,62,64,Medium Risk
AP2024_2575,Manoj Goud,24A91A0446,manoj.goud576@apedu.ac.in,1st Year,ECE,A,1,62.4,68,58,56,53,68,51,62,64,56,18,68,63,63,Medium Risk
AP2024_2576,Sandhya Babu,22A91A0447,sandhya.babu577@apedu.ac.in,3rd Year,ECE,C,6,58.6,51,48,60,49,57,58,54,57,41,13,58,68,57,High Risk
AP2024_2577,Varun Joshi,24A91A0448,varun.joshi578@apedu.ac.in,1st Year,ECE,A,1,49.0,74,81,82,63,62,70,47,59,55,11,36,74,44,High Risk
AP2024_2578,Chaitanya Verma,22A91A4449,chaitanya.verma579@apedu.ac.in,3rd Year,CSE (Data Science),C,5,75.3,73,70,56,56,59,59,77,63,52,18,70,57,74,Medium Risk
AP2024_2579,Divya Raju,24A91A0450,divya.raju580@apedu.ac.in,1st Year,ECE,A,1,77.7,68,62,60,32,56,64,78,51,59,17,64,67,73,Medium Risk
AP2024_2580,Sai Yadav,22A91A0351,sai.yadav581@apedu.ac.in,3rd Year,Mechanical Engineering,A,6,75.6,65,74,69,79,72,70,73,66,72,18,79,73,75,Low Risk
AP2024_2581,Yamini Raju,23A91A0252,yamini.raju582@apedu.ac.in,2nd Year,EEE,C,4,66.7,76,65,53,57,46,50,60,55,65,15,53,61,60,Medium Risk
AP2024_2582,Ananya Yadav,24A91A0453,ananya.yadav583@apedu.ac.in,1st Year,ECE,C,2,74.2,86,74,57,43,64,68,70,70,51,20,66,68,70,Medium Risk
AP2024_2583,Aditya Raju,24A91A0154,aditya.raju584@apedu.ac.in,1st Year,Civil Engineering,C,1,72.5,58,60,69,60,44,67,62,64,49,12,59,61,65,Medium Risk
AP2024_2584,Ramesh Joshi,23A91A0455,ramesh.joshi585@apedu.ac.in,2nd Year,ECE,C,4,69.6,55,44,48,44,46,50,70,48,44,15,55,42,65,Medium Risk
AP2024_2585,Varun Sharma,21A91A1256,varun.sharma586@apedu.ac.in,4th Year,Information Technology,B,7,78.2,77,76,87,70,84,79,72,70,68,20,71,80,74,Low Risk
AP2024_2586,Ganesh Kumar,23A91A4257,ganesh.kumar587@apedu.ac.in,2nd Year,CSE (AI & ML),D,4,68.0,79,64,75,63,61,67,66,70,63,16,59,77,64,Medium Risk
AP2024_2587,Aditya Babu,23A91A0458,aditya.babu588@apedu.ac.in,2nd Year,ECE,D,3,84.3,81,65,82,78,64,76,77,67,65,17,73,89,78,Low Risk
AP2024_2588,Aditya Yadav,22A91A0259,aditya.yadav589@apedu.ac.in,3rd Year,EEE,B,5,60.1,89,71,94,94,71,70,51,67,85,7,51,84,54,Medium Risk
AP2024_2589,Aditya Prasad,23A91A4460,aditya.prasad590@apedu.ac.in,2nd Year,CSE (Data Science),A,3,68.7,76,82,63,68,66,75,51,64,63,15,52,85,58,Medium Risk
AP2024_2590,Ganesh Verma,21A91A4261,ganesh.verma591@apedu.ac.in,4th Year,CSE (AI & ML),B,8,61.2,51,43,42,43,38,43,54,53,37,11,51,32,55,High Risk
AP2024_2591,Sai Chary,24A91A0162,sai.chary592@apedu.ac.in,1st Year,Civil Engineering,A,2,75.1,82,93,75,54,71,61,76,64,60,16,73,74,74,Low Risk
AP2024_2592,Suresh Reddy,24A91A0463,suresh.reddy593@apedu.ac.in,1st Year,ECE,A,1,63.2,63,73,54,54,46,58,64,55,47,15,69,61,65,Medium Risk
AP2024_2593,Varun Varma,24A91A4264,varun.varma594@apedu.ac.in,1st Year,CSE (AI & ML),C,1,74.8,68,77,71,68,76,74,75,82,73,20,83,81,77,Medium Risk
AP2024_2594,Rahul Sharma,23A91A1265,rahul.sharma595@apedu.ac.in,2nd Year,Information Technology,B,4,90.2,80,74,82,77,85,84,86,86,83,25,83,93,86,Low Risk
AP2024_2595,Pavan Patel,21A91A0466,pavan.patel596@apedu.ac.in,4th Year,ECE,A,7,40.2,56,63,65,65,71,68,42,65,57,16,43,63,41,High Risk
AP2024_2596,Chaitanya Somayajulu,22A91A0567,chaitanya.somayajulu597@apedu.ac.in,3rd Year,CSE,A,5,64.0,51,32,60,43,48,54,72,60,45,19,64,54,66,Medium Risk
AP2024_2597,Harika Joshi,22A91A0168,harika.joshi598@apedu.ac.in,3rd Year,Civil Engineering,B,5,71.0,38,65,46,34,58,65,68,52,49,17,61,55,67,Medium Risk
AP2024_2598,Sai Verma,24A91A0169,sai.verma599@apedu.ac.in,1st Year,Civil Engineering,D,1,82.6,65,54,57,45,51,82,75,72,61,18,74,62,77,Medium Risk
AP2024_2599,Rohit Kumar,22A91A0170,rohit.kumar600@apedu.ac.in,3rd Year,Civil Engineering,A,5,42.1,78,75,60,52,72,60,50,56,65,12,44,71,45,High Risk
AP2024_2600,Ravi Goud,24A91A4271,ravi.goud601@apedu.ac.in,1st Year,CSE (AI & ML),C,1,79.6,63,61,61,65,55,71,70,48,62,18,76,57,75,Medium Risk
AP2024_2601,Keerthi Naidu,22A91A0372,keerthi.naidu602@apedu.ac.in,3rd Year,Mechanical Engineering,A,5,78.5,81,86,86,65,73,63,69,76,71,20,69,83,72,Low Risk
AP2024_2602,Karthik Chary,23A91A0173,karthik.chary603@apedu.ac.in,2nd Year,Civil Engineering,C,3,67.3,59,66,75,51,65,67,72,65,53,16,76,74,71,Medium Risk
AP2024_2603,Ramesh Goud,21A91A0274,ramesh.goud604@apedu.ac.in,4th Year,EEE,C,7,70.9,51,62,47,43,65,53,64,63,61,16,70,64,68,High Risk
AP2024_2604,Keerthi Chowdary,22A91A0375,keerthi.chowdary605@apedu.ac.in,3rd Year,Mechanical Engineering,C,6,58.6,65,64,67,60,82,63,69,67,67,18,69,72,64,Medium Risk
AP2024_2605,Pooja Reddy,23A91A0376,pooja.reddy606@apedu.ac.in,2nd Year,Mechanical Engineering,B,3,71.6,59,57,53,55,51,43,80,49,50,18,63,54,71,Medium Risk
AP2024_2606,Manasa Babu,21A91A4277,manasa.babu607@apedu.ac.in,4th Year,CSE (AI & ML),D,7,62.3,68,67,62,60,65,68,72,64,59,21,62,68,65,Medium Risk
AP2024_2607,Varun Varma,24A91A4478,varun.varma608@apedu.ac.in,1st Year,CSE (Data Science),B,2,54.9,74,50,62,43,45,46,69,61,48,15,62,56,61,High Risk
AP2024_2608,Manasa Kumar,22A91A0179,manasa.kumar609@apedu.ac.in,3rd Year,Civil Engineering,D,6,85.5,52,71,55,54,57,56,80,63,54,18,97,68,87,Medium Risk
AP2024_2609,Deepika Chary,22A91A0480,deepika.chary610@apedu.ac.in,3rd Year,ECE,D,5,61.3,60,68,63,49,69,61,57,68,50,16,54,66,57,Medium Risk
AP2024_2610,Deepika Joshi,21A91A0481,deepika.joshi611@apedu.ac.in,4th Year,ECE,D,8,78.1,52,53,58,46,59,58,67,51,55,18,79,55,75,Medium Risk
AP2024_2611,Rahul Bhatt,21A91A4282,rahul.bhatt612@apedu.ac.in,4th Year,CSE (AI & ML),B,7,80.6,67,60,62,70,69,77,69,59,58,16,71,61,74,Medium Risk
AP2024_2612,Srikanth Reddy,23A91A0383,srikanth.reddy613@apedu.ac.in,2nd Year,Mechanical Engineering,D,3,54.0,65,57,40,35,35,58,41,53,46,6,31,55,43,High Risk
AP2024_2613,Divya Chowdary,24A91A0384,divya.chowdary614@apedu.ac.in,1st Year,Mechanical Engineering,B,2,50.9,60,49,61,57,65,66,58,58,50,15,62,69,56,High Risk
AP2024_2614,Tejaswi Babu,23A91A0485,tejaswi.babu615@apedu.ac.in,2nd Year,ECE,B,4,74.4,60,73,51,50,53,49,59,61,65,15,69,62,68,Medium Risk
AP2024_2615,Pranavi Rao,23A91A4486,pranavi.rao616@apedu.ac.in,2nd Year,CSE (Data Science),D,3,54.5,52,70,42,45,50,58,50,43,66,11,48,63,51,High Risk
AP2024_2616,Venkata Somayajulu,21A91A0587,venkata.somayajulu617@apedu.ac.in,4th Year,CSE,A,8,65.8,31,43,56,53,43,35,48,43,47,15,57,38,57,High Risk
AP2024_2617,Swathi Naidu,21A91A0588,swathi.naidu618@apedu.ac.in,4th Year,CSE,B,7,84.6,55,57,75,66,64,67,83,71,63,17,87,71,84,Low Risk
AP2024_2618,Srikanth Varma,24A91A4289,srikanth.varma619@apedu.ac.in,1st Year,CSE (AI & ML),A,1,56.9,68,74,77,70,66,63,64,68,65,15,60,79,59,High Risk
AP2024_2619,Naresh Murthy,23A91A1290,naresh.murthy620@apedu.ac.in,2nd Year,Information Technology,B,3,61.5,76,73,84,79,70,57,66,66,72,16,41,73,56,Medium Risk
AP2024_2620,Akhil Somayajulu,22A91A0101,akhil.somayajulu621@apedu.ac.in,3rd Year,Civil Engineering,C,6,62.4,42,42,53,57,51,45,58,53,46,11,49,47,57,Medium Risk
AP2024_2621,Lavanya Yadav,24A91A4202,lavanya.yadav622@apedu.ac.in,1st Year,CSE (AI & ML),B,2,80.7,58,81,62,69,69,73,77,83,56,26,86,79,81,Low Risk
AP2024_2622,Ananya Yadav,24A91A4403,ananya.yadav623@apedu.ac.in,1st Year,CSE (Data Science),A,1,94.8,67,57,60,60,64,71,76,70,63,20,81,66,85,Low Risk
AP2024_2623,Tarun Murthy,21A91A0204,tarun.murthy624@apedu.ac.in,4th Year,EEE,B,8,62.0,47,31,48,38,35,36,58,53,41,12,64,42,61,High Risk
AP2024_2624,Ganesh Goud,22A91A0105,ganesh.goud625@apedu.ac.in,3rd Year,Civil Engineering,B,5,76.7,51,37,47,51,36,45,82,52,50,19,83,49,80,High Risk
AP2024_2625,Manoj Prasad,24A91A0106,manoj.prasad626@apedu.ac.in,1st Year,Civil Engineering,B,1,98.0,77,68,72,68,72,70,86,82,71,21,79,73,88,Low Risk
AP2024_2626,Yamini Chary,24A91A1207,yamini.chary627@apedu.ac.in,1st Year,Information Technology,C,2,56.9,61,75,52,57,60,64,56,67,57,14,56,62,56,High Risk
AP2024_2627,Tarun Prasad,23A91A0308,tarun.prasad628@apedu.ac.in,2nd Year,Mechanical Engineering,D,3,92.1,93,78,97,97,83,86,95,88,86,23,91,85,92,Low Risk
AP2024_2628,Bhavya Raju,24A91A4209,bhavya.raju629@apedu.ac.in,1st Year,CSE (AI & ML),C,1,80.1,64,72,99,85,67,78,85,67,70,22,64,73,76,Low Risk
AP2024_2629,Ramesh Patel,24A91A0210,ramesh.patel630@apedu.ac.in,1st Year,EEE,B,1,94.5,73,78,95,70,75,81,86,76,70,27,85,79,89,Low Risk
AP2024_2630,Chaitanya Chowdary,24A91A0511,chaitanya.chowdary631@apedu.ac.in,1st Year,CSE,C,1,75.6,33,41,37,41,47,68,67,45,49,17,76,43,73,High Risk
AP2024_2631,Bhavya Joshi,23A91A0412,bhavya.joshi632@apedu.ac.in,2nd Year,ECE,C,3,45.2,54,35,58,49,58,52,42,52,44,12,35,57,41,High Risk
AP2024_2632,Rahul Bhatt,24A91A0513,rahul.bhatt633@apedu.ac.in,1st Year,CSE,A,2,66.6,66,71,77,69,73,57,75,63,72,15,67,69,69,Medium Risk
AP2024_2633,Sireesha Naidu,22A91A0314,sireesha.naidu634@apedu.ac.in,3rd Year,Mechanical Engineering,C,5,76.9,57,82,50,44,85,83,85,71,49,19,76,72,79,Low Risk
AP2024_2634,Tarun Mishra,23A91A0115,tarun.mishra635@apedu.ac.in,2nd Year,Civil Engineering,C,4,64.3,38,30,42,39,41,46,59,40,47,13,55,47,59,High Risk
AP2024_2635,Divya Somayajulu,24A91A0116,divya.somayajulu636@apedu.ac.in,1st Year,Civil Engineering,A,2,72.6,56,52,59,58,61,73,80,57,54,13,60,67,71,Medium Risk
AP2024_2636,Sandhya Varma,24A91A1217,sandhya.varma637@apedu.ac.in,1st Year,Information Technology,A,2,62.4,49,40,53,49,42,53,65,56,46,12,58,59,61,Medium Risk
AP2024_2637,Tejaswi Goud,23A91A4218,tejaswi.goud638@apedu.ac.in,2nd Year,CSE (AI & ML),A,4,65.3,87,91,85,79,71,65,49,70,73,15,51,81,56,Medium Risk
AP2024_2638,Pranavi Sharma,23A91A0319,pranavi.sharma639@apedu.ac.in,2nd Year,Mechanical Engineering,D,3,82.2,62,39,61,69,63,52,79,69,62,15,80,66,80,Medium Risk
AP2024_2639,Divya Patel,22A91A0120,divya.patel640@apedu.ac.in,3rd Year,Civil Engineering,A,6,72.2,49,74,75,59,47,64,72,72,51,17,73,67,72,Medium Risk
AP2024_2640,Manasa Verma,23A91A4421,manasa.verma641@apedu.ac.in,2nd Year,CSE (Data Science),D,3,79.8,51,65,69,55,55,71,67,66,51,18,72,71,73,Medium Risk
AP2024_2641,Harika Reddy,23A91A4222,harika.reddy642@apedu.ac.in,2nd Year,CSE (AI & ML),D,4,53.7,70,69,83,56,74,60,56,80,75,14,58,74,55,High Risk
AP2024_2642,Harika Babu,22A91A0223,harika.babu643@apedu.ac.in,3rd Year,EEE,B,5,63.5,61,65,51,44,50,62,57,66,48,13,64,67,61,Medium Risk
AP2024_2643,Pooja Raju,22A91A4224,pooja.raju644@apedu.ac.in,3rd Year,CSE (AI & ML),A,6,53.2,67,63,63,69,70,67,60,67,63,12,63,72,58,High Risk
AP2024_2644,Aditya Somayajulu,21A91A1225,aditya.somayajulu645@apedu.ac.in,4th Year,Information Technology,C,8,68.9,78,76,72,65,75,66,70,76,65,19,72,87,70,Medium Risk
AP2024_2645,Lavanya Yadav,23A91A1226,lavanya.yadav646@apedu.ac.in,2nd Year,Information Technology,A,3,76.8,78,53,62,51,62,81,89,72,57,21,82,69,82,Medium Risk
AP2024_2646,Srikanth Gupta,21A91A4427,srikanth.gupta647@apedu.ac.in,4th Year,CSE (Data Science),D,8,99.0,90,86,84,82,74,85,88,95,72,25,96,95,94,Low Risk
AP2024_2647,Srikanth Mishra,22A91A4228,srikanth.mishra648@apedu.ac.in,3rd Year,CSE (AI & ML),D,6,55.3,77,73,80,75,64,64,50,69,67,9,45,80,50,High Risk
AP2024_2648,Sandhya Babu,22A91A0529,sandhya.babu649@apedu.ac.in,3rd Year,CSE,B,5,59.3,69,69,58,52,67,59,64,62,55,16,69,60,63,Medium Risk
AP2024_2649,Yamini Reddy,23A91A0230,yamini.reddy650@apedu.ac.in,2nd Year,EEE,D,3,77.7,78,70,61,65,62,65,77,61,55,17,79,68,77,Low Risk
AP2024_2650,Sneha Bhatt,21A91A0431,sneha.bhatt651@apedu.ac.in,4th Year,ECE,D,7,51.1,63,65,74,77,42,53,48,64,64,12,42,72,47,High Risk
AP2024_2651,Mahesh Kulkarni,24A91A1232,mahesh.kulkarni652@apedu.ac.in,1st Year,Information Technology,D,2,99.5,73,69,74,57,81,74,100,77,63,25,97,80,98,Low Risk
AP2024_2652,Chaitanya Babu,24A91A4433,chaitanya.babu653@apedu.ac.in,1st Year,CSE (Data Science),A,1,62.2,58,45,68,59,66,48,56,57,52,12,51,73,56,Medium Risk
AP2024_2653,Tarun Murthy,23A91A0334,tarun.murthy654@apedu.ac.in,2nd Year,Mechanical Engineering,A,4,62.0,69,68,68,62,50,62,67,60,52,13,66,71,64,Medium Risk
AP2024_2654,Sireesha Patel,21A91A1235,sireesha.patel655@apedu.ac.in,4th Year,Information Technology,A,7,56.0,72,75,59,53,64,73,56,52,60,13,58,60,56,High Risk
AP2024_2655,Varun Babu,24A91A1236,varun.babu656@apedu.ac.in,1st Year,Information Technology,B,1,59.4,87,74,86,73,76,84,50,84,79,11,52,88,54,Medium Risk
AP2024_2656,Manoj Patel,24A91A0537,manoj.patel657@apedu.ac.in,1st Year,CSE,C,2,55.0,72,65,49,42,72,64,52,85,62,15,56,80,54,High Risk
AP2024_2657,Ganesh Sastry,23A91A0438,ganesh.sastry658@apedu.ac.in,2nd Year,ECE,A,3,56.2,69,67,49,59,68,72,68,67,74,16,45,73,56,High Risk
AP2024_2658,Ganesh Raju,22A91A4239,ganesh.raju659@apedu.ac.in,3rd Year,CSE (AI & ML),B,5,96.4,52,45,66,54,63,86,91,71,52,25,89,61,92,Medium Risk
AP2024_2659,Pooja Raju,21A91A0240,pooja.raju660@apedu.ac.in,4th Year,EEE,D,7,51.8,59,62,53,56,60,54,58,61,47,13,55,70,54,High Risk
AP2024_2660,Deepika Mishra,23A91A4441,deepika.mishra661@apedu.ac.in,2nd Year,CSE (Data Science),A,4,48.2,57,58,60,42,56,41,49,54,46,16,39,65,45,High Risk
AP2024_2661,Rahul Murthy,22A91A4442,rahul.murthy662@apedu.ac.in,3rd Year,CSE (Data Science),B,6,85.6,71,56,67,67,60,73,87,77,67,16,81,70,84,Low Risk
AP2024_2662,Keerthi Murthy,21A91A4443,keerthi.murthy663@apedu.ac.in,4th Year,CSE (Data Science),D,8,80.6,62,39,63,58,49,63,61,60,52,15,74,46,72,Medium Risk
AP2024_2663,Keerthi Somayajulu,21A91A0444,keerthi.somayajulu664@apedu.ac.in,4th Year,ECE,A,7,66.7,35,42,55,47,51,40,62,53,40,15,61,52,63,Medium Risk
AP2024_2664,Swathi Chary,23A91A0345,swathi.chary665@apedu.ac.in,2nd Year,Mechanical Engineering,A,4,73.2,73,44,70,49,69,60,69,72,56,18,67,66,70,Medium Risk
AP2024_2665,Rohit Babu,23A91A0346,rohit.babu666@apedu.ac.in,2nd Year,Mechanical Engineering,A,4,73.5,69,72,63,58,58,72,70,81,62,17,90,72,77,Low Risk
AP2024_2666,Deepika Raju,24A91A4447,deepika.raju667@apedu.ac.in,1st Year,CSE (Data Science),D,2,87.9,65,74,73,59,80,62,71,69,69,20,76,72,79,Low Risk
AP2024_2667,Swathi Chowdary,24A91A0448,swathi.chowdary668@apedu.ac.in,1st Year,ECE,D,1,58.5,68,66,74,57,63,57,66,72,75,14,71,72,64,Medium Risk
AP2024_2668,Chaitanya Goud,21A91A0349,chaitanya.goud669@apedu.ac.in,4th Year,Mechanical Engineering,B,7,85.5,82,88,78,72,69,78,78,63,65,18,91,83,84,Low Risk
AP2024_2669,Bhavya Kulkarni,24A91A0350,bhavya.kulkarni670@apedu.ac.in,1st Year,Mechanical Engineering,A,2,65.6,56,75,45,40,77,67,64,72,55,12,64,71,64,Medium Risk
AP2024_2670,Pavan Gupta,24A91A1251,pavan.gupta671@apedu.ac.in,1st Year,Information Technology,D,2,66.9,76,71,76,66,59,50,70,60,66,10,68,67,68,Medium Risk
AP2024_2671,Deepika Kumar,22A91A0352,deepika.kumar672@apedu.ac.in,3rd Year,Mechanical Engineering,A,6,67.9,50,49,54,43,38,54,68,60,43,17,74,50,69,Medium Risk
AP2024_2672,Aditya Babu,21A91A4453,aditya.babu673@apedu.ac.in,4th Year,CSE (Data Science),B,8,95.2,43,51,68,61,43,55,90,63,45,19,92,71,92,Medium Risk
AP2024_2673,Chaitanya Murthy,21A91A0154,chaitanya.murthy674@apedu.ac.in,4th Year,Civil Engineering,C,8,71.1,71,75,91,75,58,72,56,68,59,10,55,75,61,Medium Risk
AP2024_2674,Gayatri Chowdary,24A91A4255,gayatri.chowdary675@apedu.ac.in,1st Year,CSE (AI & ML),A,1,86.4,57,51,54,49,64,69,76,69,58,22,79,59,81,Medium Risk
AP2024_2675,Gayatri Murthy,24A91A4256,gayatri.murthy676@apedu.ac.in,1st Year,CSE (AI & ML),D,2,58.8,76,74,81,89,62,63,60,65,73,16,54,61,57,Medium Risk
AP2024_2676,Sandhya Bhatt,24A91A0157,sandhya.bhatt677@apedu.ac.in,1st Year,Civil Engineering,B,2,65.3,46,44,59,33,48,35,51,47,38,14,61,49,59,High Risk
AP2024_2677,Pranavi Babu,21A91A0458,pranavi.babu678@apedu.ac.in,4th Year,ECE,D,7,83.5,45,59,44,36,45,65,92,68,29,17,83,55,85,Medium Risk
AP2024_2678,Suresh Kumar,21A91A0159,suresh.kumar679@apedu.ac.in,4th Year,Civil Engineering,A,8,60.5,61,58,68,60,57,51,56,65,57,13,74,69,63,Medium Risk
AP2024_2679,Srikanth Verma,22A91A0260,srikanth.verma680@apedu.ac.in,3rd Year,EEE,C,6,89.0,78,62,65,66,54,59,87,61,63,22,96,65,90,Low Risk
AP2024_2680,Deepika Kulkarni,23A91A0161,deepika.kulkarni681@apedu.ac.in,2nd Year,Civil Engineering,A,3,86.2,73,68,64,49,60,64,87,74,57,21,86,76,86,Low Risk
AP2024_2681,Sai Reddy,23A91A0362,sai.reddy682@apedu.ac.in,2nd Year,Mechanical Engineering,C,4,53.7,51,54,54,60,63,56,61,47,64,11,55,65,56,High Risk
AP2024_2682,Sneha Bhatt,21A91A0163,sneha.bhatt683@apedu.ac.in,4th Year,Civil Engineering,B,7,70.4,48,54,45,50,52,67,65,58,51,17,67,64,67,Medium Risk
AP2024_2683,Gayatri Yadav,21A91A0164,gayatri.yadav684@apedu.ac.in,4th Year,Civil Engineering,B,7,89.6,58,52,62,64,41,48,76,57,44,15,68,50,79,Medium Risk
AP2024_2684,Manasa Goud,21A91A4465,manasa.goud685@apedu.ac.in,4th Year,CSE (Data Science),D,8,73.9,77,59,91,80,66,66,77,71,65,19,70,76,73,Low Risk
AP2024_2685,Pranavi Chowdary,23A91A0166,pranavi.chowdary686@apedu.ac.in,2nd Year,Civil Engineering,C,3,97.6,66,57,70,66,52,62,100,68,46,25,98,66,98,Low Risk
AP2024_2686,Yamini Goud,22A91A4267,yamini.goud687@apedu.ac.in,3rd Year,CSE (AI & ML),A,5,50.1,40,31,62,50,45,39,57,47,46,13,52,47,52,High Risk
AP2024_2687,Venkata Murthy,24A91A0568,venkata.murthy688@apedu.ac.in,1st Year,CSE,A,1,93.0,99,77,81,73,66,79,100,84,66,21,98,89,96,Low Risk
AP2024_2688,Naresh Prasad,24A91A1269,naresh.prasad689@apedu.ac.in,1st Year,Information Technology,C,1,49.5,53,51,62,50,66,63,52,60,52,14,52,65,51,High Risk
AP2024_2689,Aditya Verma,23A91A0470,aditya.verma690@apedu.ac.in,2nd Year,ECE,B,4,73.1,73,66,67,70,57,67,78,72,63,17,77,82,75,Medium Risk
AP2024_2690,Manasa Raju,24A91A4271,manasa.raju691@apedu.ac.in,1st Year,CSE (AI & ML),B,2,75.9,59,69,62,65,63,51,67,61,67,18,67,62,70,Medium Risk
AP2024_2691,Venkata Yadav,24A91A1272,venkata.yadav692@apedu.ac.in,1st Year,Information Technology,A,1,68.9,34,57,42,29,48,57,52,58,33,19,61,53,61,High Risk
AP2024_2692,Harika Varma,22A91A4473,harika.varma693@apedu.ac.in,3rd Year,CSE (Data Science),A,6,84.6,52,41,43,26,43,71,73,44,36,18,71,52,77,Medium Risk
AP2024_2693,Pooja Sastry,22A91A0174,pooja.sastry694@apedu.ac.in,3rd Year,Civil Engineering,A,5,71.3,64,77,74,62,60,67,77,63,66,16,60,63,69,Medium Risk
AP2024_2694,Ravi Reddy,21A91A1275,ravi.reddy695@apedu.ac.in,4th Year,Information Technology,A,7,52.9,80,63,80,91,66,39,51,63,74,15,55,70,52,High Risk
AP2024_2695,Manoj Kulkarni,21A91A0376,manoj.kulkarni696@apedu.ac.in,4th Year,Mechanical Engineering,D,8,58.8,60,61,69,62,79,59,47,71,67,12,57,59,54,Medium Risk
AP2024_2696,Sneha Goud,22A91A4477,sneha.goud697@apedu.ac.in,3rd Year,CSE (Data Science),A,5,76.8,49,58,91,79,65,76,76,72,47,19,68,69,73,Medium Risk
AP2024_2697,Suresh Patel,22A91A0578,suresh.patel698@apedu.ac.in,3rd Year,CSE,B,6,49.3,58,77,87,80,66,47,51,64,63,14,37,68,46,High Risk
AP2024_2698,Akhil Raju,24A91A0579,akhil.raju699@apedu.ac.in,1st Year,CSE,A,1,72.4,52,52,59,50,50,49,69,59,53,13,60,56,67,Medium Risk
AP2024_2699,Akhil Mishra,23A91A0380,akhil.mishra700@apedu.ac.in,2nd Year,Mechanical Engineering,A,3,74.8,65,50,61,62,51,61,68,63,51,16,72,61,71,Medium Risk
AP2024_2700,Manoj Reddy,22A91A0481,manoj.reddy701@apedu.ac.in,3rd Year,ECE,A,5,64.6,94,71,80,63,60,56,59,60,74,15,68,81,63,Medium Risk
AP2024_2701,Divya Raju,22A91A0482,divya.raju702@apedu.ac.in,3rd Year,ECE,A,6,53.3,65,77,74,81,67,68,50,78,65,10,58,74,53,High Risk
AP2024_2702,Keerthi Somayajulu,22A91A1283,keerthi.somayajulu703@apedu.ac.in,3rd Year,Information Technology,D,6,78.6,85,64,81,64,73,79,81,64,67,18,70,82,76,Low Risk
AP2024_2703,Sandhya Prasad,23A91A4484,sandhya.prasad704@apedu.ac.in,2nd Year,CSE (Data Science),B,4,71.4,85,58,78,61,78,70,75,82,58,17,76,77,73,Medium Risk
AP2024_2704,Varun Prasad,24A91A4485,varun.prasad705@apedu.ac.in,1st Year,CSE (Data Science),B,2,69.3,53,56,69,57,47,80,74,67,54,19,80,68,73,Medium Risk
AP2024_2705,Ravi Murthy,21A91A0286,ravi.murthy706@apedu.ac.in,4th Year,EEE,C,8,87.1,72,94,75,57,99,77,97,83,77,25,91,95,91,Low Risk
AP2024_2706,Gayatri Chowdary,21A91A0487,gayatri.chowdary707@apedu.ac.in,4th Year,ECE,C,8,60.8,49,48,67,42,64,56,59,65,56,12,59,55,59,Medium Risk
AP2024_2707,Srikanth Yadav,24A91A4488,srikanth.yadav708@apedu.ac.in,1st Year,CSE (Data Science),A,2,58.6,61,55,57,31,44,56,46,52,50,13,55,55,53,Medium Risk
AP2024_2708,Sandhya Raju,21A91A0389,sandhya.raju709@apedu.ac.in,4th Year,Mechanical Engineering,D,8,62.8,58,72,85,61,60,63,66,73,56,18,70,79,65,Medium Risk
AP2024_2709,Venkata Chowdary,23A91A0190,venkata.chowdary710@apedu.ac.in,2nd Year,Civil Engineering,B,4,78.1,81,61,74,63,61,83,71,71,67,16,65,67,72,Medium Risk
AP2024_2710,Keerthi Verma,24A91A0301,keerthi.verma711@apedu.ac.in,1st Year,Mechanical Engineering,C,1,89.3,53,42,59,58,65,60,90,76,39,25,74,62,84,Medium Risk
AP2024_2711,Rohit Patel,24A91A0302,rohit.patel712@apedu.ac.in,1st Year,Mechanical Engineering,A,1,76.6,52,58,66,73,63,58,74,69,53,18,72,66,74,Medium Risk
AP2024_2712,Charan Sharma,21A91A0403,charan.sharma713@apedu.ac.in,4th Year,ECE,A,8,78.4,89,74,74,56,66,69,67,83,61,17,73,83,73,Low Risk
AP2024_2713,Manasa Gupta,23A91A4204,manasa.gupta714@apedu.ac.in,2nd Year,CSE (AI & ML),C,3,71.8,51,66,56,46,74,69,81,72,54,21,76,71,75,Medium Risk
AP2024_2714,Ramesh Kulkarni,24A91A0105,ramesh.kulkarni715@apedu.ac.in,1st Year,Civil Engineering,C,2,61.3,64,73,81,74,64,63,60,62,65,16,62,79,61,Medium Risk
AP2024_2715,Sireesha Sharma,23A91A1206,sireesha.sharma716@apedu.ac.in,2nd Year,Information Technology,D,3,96.3,43,61,50,39,78,71,90,69,45,20,87,65,91,Medium Risk
AP2024_2716,Karthik Raju,21A91A4207,karthik.raju717@apedu.ac.in,4th Year,CSE (AI & ML),D,7,83.5,76,82,57,57,56,66,68,71,76,19,66,54,73,Low Risk
AP2024_2717,Sneha Chary,22A91A0408,sneha.chary718@apedu.ac.in,3rd Year,ECE,A,6,95.5,67,66,70,73,60,73,77,68,58,20,94,70,89,Low Risk
AP2024_2718,Tejaswi Reddy,24A91A0209,tejaswi.reddy719@apedu.ac.in,1st Year,EEE,B,2,49.0,64,66,78,78,66,88,65,67,62,11,61,90,57,High Risk
AP2024_2719,Tarun Rao,24A91A0510,tarun.rao720@apedu.ac.in,1st Year,CSE,A,2,71.2,55,48,78,68,43,46,65,62,63,13,71,67,69,Medium Risk
AP2024_2720,Sravani Chowdary,21A91A0211,sravani.chowdary721@apedu.ac.in,4th Year,EEE,C,8,72.7,66,66,64,59,76,65,80,65,55,17,63,70,71,Medium Risk
AP2024_2721,Keerthi Prasad,24A91A1212,keerthi.prasad722@apedu.ac.in,1st Year,Information Technology,A,2,69.4,79,66,87,86,73,77,67,74,63,20,66,85,67,Medium Risk
AP2024_2722,Tarun Gupta,21A91A4213,tarun.gupta723@apedu.ac.in,4th Year,CSE (AI & ML),C,8,65.3,85,44,45,37,56,48,55,63,42,18,61,55,60,Medium Risk
AP2024_2723,Gayatri Chowdary,24A91A0514,gayatri.chowdary724@apedu.ac.in,1st Year,CSE,A,1,76.0,72,65,78,67,67,64,78,58,69,19,82,69,78,Low Risk
AP2024_2724,Divya Chowdary,22A91A0415,divya.chowdary725@apedu.ac.in,3rd Year,ECE,B,6,64.5,39,39,31,20,36,40,78,56,39,20,70,34,70,High Risk
AP2024_2725,Rahul Sharma,22A91A0516,rahul.sharma726@apedu.ac.in,3rd Year,CSE,C,5,87.0,54,70,61,67,63,70,76,82,65,21,84,77,82,Low Risk
AP2024_2726,Karthik Chowdary,24A91A4217,karthik.chowdary727@apedu.ac.in,1st Year,CSE (AI & ML),C,2,55.6,67,88,74,73,78,60,61,64,57,17,63,83,59,High Risk
AP2024_2727,Charan Somayajulu,21A91A4418,charan.somayajulu728@apedu.ac.in,4th Year,CSE (Data Science),B,8,76.9,76,51,57,60,51,58,59,63,55,15,63,68,67,Medium Risk
AP2024_2728,Swathi Babu,24A91A0319,swathi.babu729@apedu.ac.in,1st Year,Mechanical Engineering,B,1,74.9,50,73,83,71,76,63,70,66,68,19,66,66,70,Low Risk
AP2024_2729,Swathi Murthy,21A91A0420,swathi.murthy730@apedu.ac.in,4th Year,ECE,D,7,52.9,58,49,54,49,47,75,41,59,49,9,56,62,50,High Risk
AP2024_2730,Ravi Raju,22A91A0421,ravi.raju731@apedu.ac.in,3rd Year,ECE,A,6,80.3,64,65,58,56,55,61,83,80,59,17,77,75,80,Medium Risk
AP2024_2731,Kavya Gupta,24A91A0422,kavya.gupta732@apedu.ac.in,1st Year,ECE,B,2,61.0,59,69,41,42,46,61,53,64,53,14,55,69,56,Medium Risk
AP2024_2732,Pooja Naidu,21A91A0423,pooja.naidu733@apedu.ac.in,4th Year,ECE,A,7,58.9,51,55,47,42,46,64,69,66,41,15,58,61,61,High Risk
AP2024_2733,Manoj Babu,21A91A1224,manoj.babu734@apedu.ac.in,4th Year,Information Technology,A,7,69.6,75,52,71,52,56,58,74,52,53,23,73,54,71,Medium Risk
AP2024_2734,Charan Sharma,22A91A1225,charan.sharma735@apedu.ac.in,3rd Year,Information Technology,B,6,81.7,83,73,70,64,85,80,81,66,69,17,78,78,80,Low Risk
AP2024_2735,Sandhya Chowdary,23A91A0326,sandhya.chowdary736@apedu.ac.in,2nd Year,Mechanical Engineering,D,3,58.3,43,41,64,52,43,37,59,47,46,16,51,52,56,High Risk
AP2024_2736,Lavanya Chary,23A91A0427,lavanya.chary737@apedu.ac.in,2nd Year,ECE,A,4,86.8,69,54,45,45,57,65,81,65,45,18,83,59,83,Medium Risk
AP2024_2737,Varun Murthy,23A91A4228,varun.murthy738@apedu.ac.in,2nd Year,CSE (AI & ML),B,4,67.2,43,53,58,58,60,57,61,56,61,16,54,68,61,Medium Risk
AP2024_2738,Mahesh Chowdary,24A91A0529,mahesh.chowdary739@apedu.ac.in,1st Year,CSE,D,1,79.3,75,54,68,69,70,64,72,77,52,21,83,77,78,Medium Risk
AP2024_2739,Aditya Raju,24A91A1230,aditya.raju740@apedu.ac.in,1st Year,Information Technology,C,2,57.9,64,79,74,69,61,73,58,60,68,17,68,69,60,High Risk
AP2024_2740,Kavya Chowdary,24A91A0131,kavya.chowdary741@apedu.ac.in,1st Year,Civil Engineering,B,2,75.5,67,41,62,53,72,53,73,60,39,19,75,63,74,Medium Risk
AP2024_2741,Rohit Prasad,21A91A0532,rohit.prasad742@apedu.ac.in,4th Year,CSE,D,8,73.1,72,70,80,58,67,74,71,71,61,18,81,68,74,Low Risk
AP2024_2742,Varun Kumar,24A91A0133,varun.kumar743@apedu.ac.in,1st Year,Civil Engineering,D,1,79.6,41,49,56,75,57,58,74,53,55,20,67,58,74,Medium Risk
AP2024_2743,Bhavya Gupta,23A91A4434,bhavya.gupta744@apedu.ac.in,2nd Year,CSE (Data Science),C,4,61.3,65,79,79,53,63,67,61,73,63,19,63,70,61,Medium Risk
AP2024_2744,Akhil Chary,21A91A4235,akhil.chary745@apedu.ac.in,4th Year,CSE (AI & ML),A,8,81.3,73,75,71,60,58,73,77,77,62,18,75,78,78,Low Risk
AP2024_2745,Nikhil Chowdary,23A91A0536,nikhil.chowdary746@apedu.ac.in,2nd Year,CSE,A,3,54.6,75,49,59,56,60,57,57,69,59,13,54,69,55,High Risk
AP2024_2746,Naresh Raju,23A91A4237,naresh.raju747@apedu.ac.in,2nd Year,CSE (AI & ML),C,3,86.4,91,75,95,76,93,95,86,94,77,18,87,96,86,Low Risk
AP2024_2747,Pranavi Chary,21A91A0138,pranavi.chary748@apedu.ac.in,4th Year,Civil Engineering,A,8,79.5,72,68,74,79,75,57,79,55,80,16,64,74,74,Low Risk
AP2024_2748,Pranavi Somayajulu,22A91A0439,pranavi.somayajulu749@apedu.ac.in,3rd Year,ECE,B,6,75.3,70,68,55,57,58,71,73,66,55,18,80,56,76,Low Risk
AP2024_2749,Manoj Kumar,22A91A0540,manoj.kumar750@apedu.ac.in,3rd Year,CSE,A,6,61.8,60,58,94,88,61,69,62,63,69,19,64,76,62,Medium Risk
AP2024_2750,Aditya Mishra,21A91A0441,aditya.mishra751@apedu.ac.in,4th Year,ECE,B,8,97.7,65,66,74,66,62,75,96,70,65,25,87,67,93,Low Risk
AP2024_2751,Sireesha Kulkarni,24A91A4442,sireesha.kulkarni752@apedu.ac.in,1st Year,CSE (Data Science),C,1,83.3,96,75,76,83,93,68,73,80,63,17,87,86,81,Low Risk
AP2024_2752,Mahesh Varma,24A91A0143,mahesh.varma753@apedu.ac.in,1st Year,Civil Engineering,C,2,68.4,65,55,44,43,48,48,71,55,44,21,65,62,68,Medium Risk
AP2024_2753,Venkata Goud,22A91A4444,venkata.goud754@apedu.ac.in,3rd Year,CSE (Data Science),A,5,65.3,75,59,70,71,66,54,53,70,57,15,65,74,61,Medium Risk
AP2024_2754,Ramesh Kumar,21A91A1245,ramesh.kumar755@apedu.ac.in,4th Year,Information Technology,B,7,79.0,65,62,73,78,60,51,57,75,65,18,74,70,70,Medium Risk
AP2024_2755,Sravani Chowdary,24A91A0246,sravani.chowdary756@apedu.ac.in,1st Year,EEE,B,1,65.3,37,55,34,27,42,56,61,43,28,17,59,51,62,High Risk
AP2024_2756,Akhil Mishra,23A91A4247,akhil.mishra757@apedu.ac.in,2nd Year,CSE (AI & ML),A,3,64.5,75,55,71,60,61,74,73,70,58,15,84,71,72,Medium Risk
AP2024_2757,Pavan Patel,21A91A0348,pavan.patel758@apedu.ac.in,4th Year,Mechanical Engineering,C,8,61.9,64,57,39,31,63,65,58,66,51,12,58,64,59,Medium Risk
AP2024_2758,Ravi Raju,22A91A0549,ravi.raju759@apedu.ac.in,3rd Year,CSE,C,6,85.9,52,44,68,71,53,72,86,70,50,20,83,68,85,Medium Risk
AP2024_2759,Pavan Somayajulu,22A91A4250,pavan.somayajulu760@apedu.ac.in,3rd Year,CSE (AI & ML),C,6,56.4,48,41,39,33,43,40,52,56,40,12,63,50,57,High Risk
AP2024_2760,Akhil Yadav,24A91A0151,akhil.yadav761@apedu.ac.in,1st Year,Civil Engineering,B,1,72.3,62,66,48,54,55,61,57,71,57,17,56,72,62,Medium Risk
AP2024_2761,Rohit Kumar,21A91A0452,rohit.kumar762@apedu.ac.in,4th Year,ECE,D,7,91.3,52,31,62,69,53,67,82,65,36,17,79,58,84,Medium Risk
AP2024_2762,Srikanth Sharma,24A91A0153,srikanth.sharma763@apedu.ac.in,1st Year,Civil Engineering,A,1,53.1,49,69,70,82,46,63,54,56,53,10,43,59,50,High Risk
AP2024_2763,Varun Yadav,21A91A0254,varun.yadav764@apedu.ac.in,4th Year,EEE,C,7,94.0,82,66,62,42,77,56,79,80,72,18,81,73,85,Low Risk
AP2024_2764,Charan Prasad,21A91A0255,charan.prasad765@apedu.ac.in,4th Year,EEE,B,8,71.6,76,66,74,59,63,75,76,71,59,17,61,73,69,Medium Risk
AP2024_2765,Karthik Bhatt,22A91A0156,karthik.bhatt766@apedu.ac.in,3rd Year,Civil Engineering,D,5,77.6,57,56,77,63,54,55,70,78,61,17,66,67,71,Medium Risk
AP2024_2766,Naresh Kumar,22A91A0557,naresh.kumar767@apedu.ac.in,3rd Year,CSE,D,5,99.5,73,47,66,53,57,63,97,78,57,23,87,75,95,Medium Risk
AP2024_2767,Rohit Babu,23A91A4458,rohit.babu768@apedu.ac.in,2nd Year,CSE (Data Science),C,4,65.8,57,61,87,69,79,70,75,74,67,21,67,76,68,Medium Risk
AP2024_2768,Ravi Gupta,24A91A0559,ravi.gupta769@apedu.ac.in,1st Year,CSE,D,2,77.1,59,66,62,45,59,41,72,71,50,22,70,65,73,Medium Risk
AP2024_2769,Karthik Sharma,22A91A0560,karthik.sharma770@apedu.ac.in,3rd Year,CSE,D,5,74.6,51,48,59,57,47,59,77,72,50,20,80,68,76,Medium Risk
AP2024_2770,Pavan Reddy,21A91A0561,pavan.reddy771@apedu.ac.in,4th Year,CSE,A,8,74.4,67,51,74,58,55,71,75,67,60,15,55,74,68,Medium Risk
AP2024_2771,Kavya Varma,22A91A4462,kavya.varma772@apedu.ac.in,3rd Year,CSE (Data Science),A,6,66.2,58,44,49,58,48,63,62,53,52,16,80,58,69,Medium Risk
AP2024_2772,Varun Varma,23A91A4263,varun.varma773@apedu.ac.in,2nd Year,CSE (AI & ML),C,4,75.2,49,69,78,63,56,53,75,82,57,20,68,72,72,Medium Risk
AP2024_2773,Pranavi Rao,21A91A0464,pranavi.rao774@apedu.ac.in,4th Year,ECE,D,8,72.9,78,76,96,72,83,80,76,79,70,19,77,96,75,Low Risk
AP2024_2774,Ganesh Prasad,24A91A0265,ganesh.prasad775@apedu.ac.in,1st Year,EEE,C,2,42.8,43,46,44,49,46,48,43,47,49,11,39,56,41,High Risk
AP2024_2775,Aditya Bhatt,21A91A4466,aditya.bhatt776@apedu.ac.in,4th Year,CSE (Data Science),B,8,59.1,76,68,62,49,71,55,63,66,61,17,56,69,59,Medium Risk
AP2024_2776,Kavya Varma,21A91A0267,kavya.varma777@apedu.ac.in,4th Year,EEE,C,7,52.7,54,57,73,62,48,76,67,57,62,13,52,65,56,High Risk
AP2024_2777,Rahul Gupta,21A91A0168,rahul.gupta778@apedu.ac.in,4th Year,Civil Engineering,D,7,54.6,70,58,56,59,53,67,72,71,57,15,66,61,63,High Risk
AP2024_2778,Harika Varma,21A91A0369,harika.varma779@apedu.ac.in,4th Year,Mechanical Engineering,D,8,73.1,87,82,86,72,67,66,61,75,78,14,61,85,65,Low Risk
AP2024_2779,Keerthi Murthy,21A91A0170,keerthi.murthy780@apedu.ac.in,4th Year,Civil Engineering,D,8,58.6,53,61,43,48,57,59,60,59,47,14,59,65,59,Medium Risk
AP2024_2780,Venkata Joshi,24A91A4271,venkata.joshi781@apedu.ac.in,1st Year,CSE (AI & ML),B,2,81.7,71,72,54,67,59,57,79,69,60,16,70,73,77,Medium Risk
AP2024_2781,Gayatri Gupta,23A91A4472,gayatri.gupta782@apedu.ac.in,2nd Year,CSE (Data Science),C,4,77.8,53,63,48,36,61,77,80,54,41,18,63,62,74,Medium Risk
AP2024_2782,Ananya Prasad,23A91A0573,ananya.prasad783@apedu.ac.in,2nd Year,CSE,D,4,75.8,46,45,51,52,51,49,61,64,42,19,66,54,68,Medium Risk
AP2024_2783,Akhil Babu,24A91A0574,akhil.babu784@apedu.ac.in,1st Year,CSE,C,1,73.2,72,55,70,69,60,70,80,67,58,23,65,73,72,Medium Risk
AP2024_2784,Harika Patel,24A91A1275,harika.patel785@apedu.ac.in,1st Year,Information Technology,C,2,70.7,59,49,61,54,48,46,62,58,42,15,57,56,63,Medium Risk
AP2024_2785,Ananya Chowdary,24A91A4476,ananya.chowdary786@apedu.ac.in,1st Year,CSE (Data Science),D,1,58.8,80,47,73,99,71,70,55,63,67,16,59,79,57,Medium Risk
AP2024_2786,Divya Verma,23A91A0277,divya.verma787@apedu.ac.in,2nd Year,EEE,A,4,40.2,52,46,73,70,48,60,55,60,64,13,47,75,46,High Risk
AP2024_2787,Ravi Chary,23A91A4278,ravi.chary788@apedu.ac.in,2nd Year,CSE (AI & ML),A,3,86.7,58,90,58,59,68,82,79,78,62,21,78,79,81,Low Risk
AP2024_2788,Rohit Chary,24A91A0479,rohit.chary789@apedu.ac.in,1st Year,ECE,B,1,56.3,42,49,54,50,50,73,58,53,47,14,47,61,54,High Risk
AP2024_2789,Harika Sastry,24A91A0180,harika.sastry790@apedu.ac.in,1st Year,Civil Engineering,A,2,73.4,74,66,62,40,69,80,66,73,63,18,82,81,73,Medium Risk
AP2024_2790,Suresh Gupta,21A91A4481,suresh.gupta791@apedu.ac.in,4th Year,CSE (Data Science),B,8,66.1,49,37,53,58,53,60,67,63,45,16,77,49,69,Medium Risk
AP2024_2791,Chaitanya Raju,21A91A0182,chaitanya.raju792@apedu.ac.in,4th Year,Civil Engineering,B,7,75.9,72,50,72,66,64,58,61,51,53,18,64,75,67,Medium Risk
AP2024_2792,Venkata Goud,23A91A4483,venkata.goud793@apedu.ac.in,2nd Year,CSE (Data Science),B,3,80.7,56,41,67,47,56,59,73,64,44,16,75,53,76,Medium Risk
AP2024_2793,Sravani Sastry,22A91A4284,sravani.sastry794@apedu.ac.in,3rd Year,CSE (AI & ML),D,6,76.7,62,49,55,40,51,59,62,63,47,18,69,61,69,Medium Risk
AP2024_2794,Srikanth Kulkarni,22A91A0185,srikanth.kulkarni795@apedu.ac.in,3rd Year,Civil Engineering,A,6,50.2,27,24,26,26,36,43,58,42,35,16,64,45,56,High Risk
AP2024_2795,Mahesh Murthy,21A91A0586,mahesh.murthy796@apedu.ac.in,4th Year,CSE,C,7,71.1,71,50,70,56,49,47,70,51,60,16,58,62,66,Medium Risk
AP2024_2796,Mahesh Chowdary,21A91A0287,mahesh.chowdary797@apedu.ac.in,4th Year,EEE,A,7,53.0,81,84,63,68,63,64,44,69,66,11,55,77,50,High Risk
AP2024_2797,Gayatri Babu,24A91A4488,gayatri.babu798@apedu.ac.in,1st Year,CSE (Data Science),D,2,61.3,50,51,48,50,57,41,69,69,49,18,58,50,62,Medium Risk
AP2024_2798,Mahesh Raju,24A91A0389,mahesh.raju799@apedu.ac.in,1st Year,Mechanical Engineering,B,1,63.9,57,40,52,36,44,54,54,52,41,14,47,64,55,High Risk
AP2024_2799,Keerthi Somayajulu,21A91A4490,keerthi.somayajulu800@apedu.ac.in,4th Year,CSE (Data Science),B,7,79.7,74,67,62,64,74,65,83,70,52,17,64,82,75,Medium Risk
AP2024_2800,Keerthi Yadav,22A91A4401,keerthi.yadav801@apedu.ac.in,3rd Year,CSE (Data Science),C,6,68.5,52,65,31,29,61,56,60,61,41,19,64,72,64,Medium Risk
AP2024_2801,Pavan Prasad,24A91A0102,pavan.prasad802@apedu.ac.in,1st Year,Civil Engineering,D,2,61.7,41,31,59,49,51,35,67,61,48,16,62,48,63,High Risk
AP2024_2802,Ramesh Kulkarni,23A91A4403,ramesh.kulkarni803@apedu.ac.in,2nd Year,CSE (Data Science),C,4,57.2,72,57,53,49,68,57,56,62,52,15,45,77,53,High Risk
AP2024_2803,Swathi Bhatt,22A91A4204,swathi.bhatt804@apedu.ac.in,3rd Year,CSE (AI & ML),A,6,67.0,65,73,71,62,66,67,70,75,53,14,60,73,65,Medium Risk
AP2024_2804,Venkata Goud,23A91A4205,venkata.goud805@apedu.ac.in,2nd Year,CSE (AI & ML),D,3,70.6,52,49,66,59,46,50,71,60,54,16,78,58,72,Medium Risk
AP2024_2805,Sravani Patel,23A91A4206,sravani.patel806@apedu.ac.in,2nd Year,CSE (AI & ML),B,3,66.8,67,50,62,48,53,67,64,66,47,20,75,64,68,Medium Risk
AP2024_2806,Manasa Murthy,24A91A0207,manasa.murthy807@apedu.ac.in,1st Year,EEE,A,1,69.5,37,33,36,39,45,51,58,54,41,16,64,42,64,High Risk
AP2024_2807,Karthik Naidu,21A91A0508,karthik.naidu808@apedu.ac.in,4th Year,CSE,B,8,60.0,60,49,47,37,38,57,68,58,45,16,62,47,62,High Risk
AP2024_2808,Sireesha Chowdary,21A91A4409,sireesha.chowdary809@apedu.ac.in,4th Year,CSE (Data Science),B,8,85.6,73,76,88,67,72,69,88,84,74,25,94,81,88,Low Risk
AP2024_2809,Bhavya Raju,21A91A0210,bhavya.raju810@apedu.ac.in,4th Year,EEE,B,8,65.3,79,71,74,62,67,77,74,73,55,19,73,73,70,Medium Risk
AP2024_2810,Bhavya Goud,21A91A4211,bhavya.goud811@apedu.ac.in,4th Year,CSE (AI & ML),A,7,77.1,73,43,53,52,48,53,75,74,44,15,72,59,74,Medium Risk
AP2024_2811,Harika Sharma,24A91A0512,harika.sharma812@apedu.ac.in,1st Year,CSE,C,1,88.9,70,53,73,57,55,75,97,68,55,22,98,68,94,Low Risk
AP2024_2812,Deepika Bhatt,24A91A4413,deepika.bhatt813@apedu.ac.in,1st Year,CSE (Data Science),D,2,73.5,59,46,53,56,65,55,75,66,41,19,68,57,72,Medium Risk
AP2024_2813,Bhavya Sharma,21A91A0314,bhavya.sharma814@apedu.ac.in,4th Year,Mechanical Engineering,B,8,75.7,56,44,75,67,61,89,76,61,61,22,79,61,76,Low Risk
AP2024_2814,Pooja Babu,21A91A4215,pooja.babu815@apedu.ac.in,4th Year,CSE (AI & ML),A,8,61.8,70,61,70,72,65,62,58,73,59,18,65,65,61,Medium Risk
AP2024_2815,Divya Mishra,22A91A4216,divya.mishra816@apedu.ac.in,3rd Year,CSE (AI & ML),D,5,67.0,54,68,73,68,62,68,60,64,53,16,56,59,61,Medium Risk
AP2024_2816,Pranavi Rao,22A91A0417,pranavi.rao817@apedu.ac.in,3rd Year,ECE,C,5,80.4,63,70,84,80,47,70,67,63,63,17,63,81,71,Medium Risk
AP2024_2817,Kavya Prasad,22A91A4418,kavya.prasad818@apedu.ac.in,3rd Year,CSE (Data Science),C,5,57.7,70,63,68,47,58,49,56,70,64,17,52,68,55,High Risk
AP2024_2818,Pooja Joshi,23A91A0119,pooja.joshi819@apedu.ac.in,2nd Year,Civil Engineering,A,4,56.5,73,78,81,76,76,66,62,74,67,16,62,79,59,High Risk
AP2024_2819,Chaitanya Somayajulu,24A91A0220,chaitanya.somayajulu820@apedu.ac.in,1st Year,EEE,A,2,64.3,70,43,37,28,46,44,60,49,49,12,56,53,60,High Risk
AP2024_2820,Karthik Patel,21A91A0421,karthik.patel821@apedu.ac.in,4th Year,ECE,C,8,49.3,54,73,58,51,70,57,55,77,49,14,65,77,55,High Risk
AP2024_2821,Ananya Varma,23A91A0522,ananya.varma822@apedu.ac.in,2nd Year,CSE,B,4,77.8,48,51,51,52,38,66,70,64,46,19,77,50,75,Medium Risk
AP2024_2822,Ravi Naidu,24A91A4223,ravi.naidu823@apedu.ac.in,1st Year,CSE (AI & ML),D,2,78.0,60,48,65,39,70,62,83,69,50,17,89,64,82,Medium Risk
AP2024_2823,Ramesh Chary,24A91A4424,ramesh.chary824@apedu.ac.in,1st Year,CSE (Data Science),C,2,67.6,76,63,70,61,62,61,75,84,69,22,67,66,69,Medium Risk
AP2024_2824,Karthik Chowdary,24A91A0425,karthik.chowdary825@apedu.ac.in,1st Year,ECE,C,2,62.4,58,75,85,77,52,66,67,69,73,17,70,67,66,Medium Risk
AP2024_2825,Ganesh Sastry,22A91A0526,ganesh.sastry826@apedu.ac.in,3rd Year,CSE,A,5,84.5,68,63,74,67,57,51,70,68,64,18,65,67,74,Low Risk
AP2024_2826,Venkata Sharma,21A91A1227,venkata.sharma827@apedu.ac.in,4th Year,Information Technology,A,7,78.2,52,47,50,58,62,72,87,51,52,19,78,60,80,Medium Risk
AP2024_2827,Manasa Prasad,23A91A0128,manasa.prasad828@apedu.ac.in,2nd Year,Civil Engineering,B,4,49.2,57,71,42,47,57,63,45,51,56,13,58,53,50,High Risk
AP2024_2828,Suresh Babu,24A91A0329,suresh.babu829@apedu.ac.in,1st Year,Mechanical Engineering,B,2,54.2,70,60,71,65,58,51,48,55,58,15,56,59,52,High Risk
AP2024_2829,Charan Murthy,24A91A0430,charan.murthy830@apedu.ac.in,1st Year,ECE,A,1,76.9,76,74,72,78,69,67,74,66,64,20,72,75,74,Low Risk
AP2024_2830,Swathi Reddy,23A91A0531,swathi.reddy831@apedu.ac.in,2nd Year,CSE,A,4,89.3,77,85,73,59,69,77,76,67,70,15,71,82,79,Low Risk
AP2024_2831,Nikhil Rao,24A91A4432,nikhil.rao832@apedu.ac.in,1st Year,CSE (Data Science),D,1,60.2,58,56,46,39,45,46,44,59,51,13,38,54,48,High Risk
AP2024_2832,Aditya Gupta,24A91A0333,aditya.gupta833@apedu.ac.in,1st Year,Mechanical Engineering,B,2,60.6,28,47,34,55,53,59,57,51,35,15,55,53,57,High Risk
AP2024_2833,Tejaswi Varma,21A91A4234,tejaswi.varma834@apedu.ac.in,4th Year,CSE (AI & ML),A,8,73.3,80,54,59,61,79,81,63,68,52,17,70,71,69,Medium Risk
AP2024_2834,Pooja Raju,23A91A0335,pooja.raju835@apedu.ac.in,2nd Year,Mechanical Engineering,B,4,70.6,63,65,59,63,73,59,71,65,56,14,74,62,71,Medium Risk
AP2024_2835,Lavanya Somayajulu,22A91A0236,lavanya.somayajulu836@apedu.ac.in,3rd Year,EEE,B,6,88.4,50,55,51,58,54,77,75,65,55,18,72,69,79,Medium Risk
AP2024_2836,Akhil Raju,22A91A0537,akhil.raju837@apedu.ac.in,3rd Year,CSE,C,5,75.3,71,65,93,82,63,74,72,75,59,20,81,84,76,Low Risk
AP2024_2837,Deepika Somayajulu,21A91A4238,deepika.somayajulu838@apedu.ac.in,4th Year,CSE (AI & ML),B,8,75.0,93,81,70,70,65,58,61,78,79,16,66,77,68,Low Risk
AP2024_2838,Divya Mishra,23A91A0439,divya.mishra839@apedu.ac.in,2nd Year,ECE,A,4,79.5,66,40,63,71,67,65,62,68,52,18,71,71,71,Medium Risk
AP2024_2839,Srikanth Varma,24A91A1240,srikanth.varma840@apedu.ac.in,1st Year,Information Technology,D,1,46.7,75,41,54,53,58,60,54,63,46,10,60,65,52,High Risk
AP2024_2840,Suresh Reddy,21A91A0241,suresh.reddy841@apedu.ac.in,4th Year,EEE,C,7,70.5,69,71,41,31,58,47,65,68,57,22,63,63,66,Medium Risk
AP2024_2841,Swathi Prasad,22A91A0542,swathi.prasad842@apedu.ac.in,3rd Year,CSE,C,5,53.5,76,63,79,78,73,72,56,74,70,15,54,78,54,High Risk
AP2024_2842,Gayatri Prasad,21A91A0143,gayatri.prasad843@apedu.ac.in,4th Year,Civil Engineering,D,7,56.4,81,71,46,45,59,56,64,69,49,17,61,69,60,High Risk
AP2024_2843,Lavanya Rao,23A91A0144,lavanya.rao844@apedu.ac.in,2nd Year,Civil Engineering,B,3,81.4,71,76,72,46,65,62,75,72,65,16,82,75,79,Low Risk
AP2024_2844,Ganesh Joshi,24A91A0545,ganesh.joshi845@apedu.ac.in,1st Year,CSE,C,2,86.2,50,47,61,74,56,75,90,71,53,19,76,63,84,Medium Risk
AP2024_2845,Venkata Chary,22A91A0446,venkata.chary846@apedu.ac.in,3rd Year,ECE,A,6,75.1,80,70,84,71,74,80,67,79,67,21,76,79,72,Low Risk
AP2024_2846,Charan Chary,21A91A0547,charan.chary847@apedu.ac.in,4th Year,CSE,A,8,54.8,41,37,48,45,35,35,58,51,32,14,43,41,52,High Risk
AP2024_2847,Yamini Prasad,22A91A0148,yamini.prasad848@apedu.ac.in,3rd Year,Civil Engineering,C,6,60.2,99,85,92,89,80,62,73,82,86,13,72,91,67,Medium Risk
AP2024_2848,Sneha Prasad,21A91A4449,sneha.prasad849@apedu.ac.in,4th Year,CSE (Data Science),A,7,84.6,80,60,63,41,78,71,86,79,53,21,85,79,85,Low Risk
AP2024_2849,Varun Kulkarni,22A91A0450,varun.kulkarni850@apedu.ac.in,3rd Year,ECE,C,5,98.8,72,46,77,76,65,73,88,65,74,22,82,67,90,Low Risk
AP2024_2850,Charan Bhatt,21A91A0251,charan.bhatt851@apedu.ac.in,4th Year,EEE,C,7,82.6,66,56,63,73,67,44,82,76,49,21,80,71,81,Medium Risk
AP2024_2851,Varun Kulkarni,22A91A4252,varun.kulkarni852@apedu.ac.in,3rd Year,CSE (AI & ML),C,5,83.5,65,52,42,44,52,80,83,63,41,20,89,70,85,Medium Risk
AP2024_2852,Naresh Kulkarni,22A91A4453,naresh.kulkarni853@apedu.ac.in,3rd Year,CSE (Data Science),D,6,58.6,58,57,76,66,60,73,60,68,49,12,52,64,57,Medium Risk
AP2024_2853,Mahesh Reddy,21A91A1254,mahesh.reddy854@apedu.ac.in,4th Year,Information Technology,A,7,64.5,60,58,62,52,46,53,67,69,44,15,77,54,68,Medium Risk
AP2024_2854,Keerthi Sastry,23A91A0555,keerthi.sastry855@apedu.ac.in,2nd Year,CSE,A,4,93.9,84,80,87,81,83,65,91,84,78,23,91,83,92,Low Risk
AP2024_2855,Varun Chary,22A91A1256,varun.chary856@apedu.ac.in,3rd Year,Information Technology,B,5,58.0,46,49,69,56,55,67,51,50,55,9,47,47,52,Medium Risk
AP2024_2856,Kavya Raju,22A91A4457,kavya.raju857@apedu.ac.in,3rd Year,CSE (Data Science),B,6,73.5,87,77,93,61,82,94,69,71,77,17,67,95,70,Low Risk
AP2024_2857,Aditya Varma,24A91A4258,aditya.varma858@apedu.ac.in,1st Year,CSE (AI & ML),A,1,84.8,83,77,83,78,68,85,75,80,73,18,80,81,80,Low Risk
AP2024_2858,Aditya Kulkarni,21A91A0559,aditya.kulkarni859@apedu.ac.in,4th Year,CSE,B,8,60.0,57,36,58,54,52,43,53,54,47,10,60,59,57,Medium Risk
AP2024_2859,Ananya Somayajulu,22A91A0560,ananya.somayajulu860@apedu.ac.in,3rd Year,CSE,C,6,73.3,60,72,81,81,73,60,70,68,71,16,61,68,68,Low Risk
AP2024_2860,Chaitanya Somayajulu,24A91A0361,chaitanya.somayajulu861@apedu.ac.in,1st Year,Mechanical Engineering,A,1,81.6,69,48,83,62,69,68,78,73,62,19,76,67,78,Low Risk
AP2024_2861,Pooja Mishra,21A91A4262,pooja.mishra862@apedu.ac.in,4th Year,CSE (AI & ML),B,7,70.8,79,69,77,90,59,57,69,62,68,17,65,61,68,Medium Risk
AP2024_2862,Manoj Patel,22A91A4263,manoj.patel863@apedu.ac.in,3rd Year,CSE (AI & ML),D,6,69.8,34,52,41,41,48,46,69,45,27,16,56,53,65,High Risk
AP2024_2863,Tejaswi Varma,24A91A0364,tejaswi.varma864@apedu.ac.in,1st Year,Mechanical Engineering,C,2,84.3,73,69,89,85,62,67,73,81,56,16,75,76,78,Low Risk
AP2024_2864,Deepika Yadav,22A91A0265,deepika.yadav865@apedu.ac.in,3rd Year,EEE,A,6,55.0,40,43,39,27,56,47,67,40,34,11,58,51,59,High Risk
AP2024_2865,Sneha Kumar,24A91A4466,sneha.kumar866@apedu.ac.in,1st Year,CSE (Data Science),A,2,55.5,44,46,38,26,40,57,39,54,46,13,48,55,48,High Risk
AP2024_2866,Harika Chary,23A91A0367,harika.chary867@apedu.ac.in,2nd Year,Mechanical Engineering,B,4,48.0,52,56,58,47,68,63,62,59,55,15,54,57,54,High Risk
AP2024_2867,Manasa Bhatt,24A91A0168,manasa.bhatt868@apedu.ac.in,1st Year,Civil Engineering,A,1,59.4,64,67,76,66,52,43,52,64,58,13,69,64,60,Medium Risk
AP2024_2868,Pooja Verma,21A91A0569,pooja.verma869@apedu.ac.in,4th Year,CSE,D,7,70.9,87,75,66,74,72,82,79,77,64,21,86,75,77,Medium Risk
AP2024_2869,Akhil Mishra,21A91A0270,akhil.mishra870@apedu.ac.in,4th Year,EEE,B,8,73.8,75,63,54,60,67,52,66,60,57,20,54,67,65,Medium Risk
AP2024_2870,Naresh Gupta,23A91A0471,naresh.gupta871@apedu.ac.in,2nd Year,ECE,C,4,52.9,41,42,42,40,49,56,70,53,45,14,62,43,60,High Risk
AP2024_2871,Pranavi Babu,22A91A0472,pranavi.babu872@apedu.ac.in,3rd Year,ECE,D,5,55.9,82,74,65,71,50,57,54,58,57,14,52,59,54,High Risk
AP2024_2872,Deepika Kumar,24A91A4273,deepika.kumar873@apedu.ac.in,1st Year,CSE (AI & ML),C,2,73.4,81,71,50,54,60,64,74,75,48,19,69,75,72,Medium Risk
AP2024_2873,Sravani Chary,23A91A0174,sravani.chary874@apedu.ac.in,2nd Year,Civil Engineering,B,4,67.5,70,69,64,71,52,67,51,68,60,9,58,69,59,Medium Risk
AP2024_2874,Naresh Varma,23A91A4475,naresh.varma875@apedu.ac.in,2nd Year,CSE (Data Science),C,4,83.1,86,48,54,69,58,62,76,64,56,20,82,71,80,Low Risk
AP2024_2875,Tejaswi Patel,22A91A4276,tejaswi.patel876@apedu.ac.in,3rd Year,CSE (AI & ML),D,5,64.4,81,79,64,67,53,53,61,75,60,16,69,59,64,Medium Risk
AP2024_2876,Deepika Mishra,23A91A0477,deepika.mishra877@apedu.ac.in,2nd Year,ECE,B,4,55.1,48,37,30,30,39,43,47,41,33,14,60,30,54,High Risk
AP2024_2877,Mahesh Reddy,23A91A0178,mahesh.reddy878@apedu.ac.in,2nd Year,Civil Engineering,C,3,82.9,60,47,48,53,54,66,66,61,40,18,83,57,77,Medium Risk
AP2024_2878,Yamini Somayajulu,21A91A4479,yamini.somayajulu879@apedu.ac.in,4th Year,CSE (Data Science),A,7,56.8,88,75,80,80,72,63,56,68,72,14,50,85,54,High Risk
AP2024_2879,Ganesh Reddy,23A91A4480,ganesh.reddy880@apedu.ac.in,2nd Year,CSE (Data Science),D,3,66.2,30,37,55,47,43,49,76,58,46,17,69,55,69,High Risk
AP2024_2880,Ganesh Kumar,23A91A0481,ganesh.kumar881@apedu.ac.in,2nd Year,ECE,C,4,81.6,78,64,58,59,66,72,78,62,67,18,86,70,81,Low Risk
AP2024_2881,Suresh Patel,22A91A0582,suresh.patel882@apedu.ac.in,3rd Year,CSE,A,5,78.2,45,47,51,45,64,67,84,72,44,18,75,65,78,Medium Risk
AP2024_2882,Keerthi Babu,21A91A0183,keerthi.babu883@apedu.ac.in,4th Year,Civil Engineering,C,8,56.2,44,43,22,25,44,52,53,54,29,13,56,39,55,High Risk
AP2024_2883,Sravani Somayajulu,23A91A4284,sravani.somayajulu884@apedu.ac.in,2nd Year,CSE (AI & ML),B,3,87.9,54,58,44,54,56,65,82,73,52,18,75,66,82,Medium Risk
AP2024_2884,Sai Bhatt,22A91A0185,sai.bhatt885@apedu.ac.in,3rd Year,Civil Engineering,C,6,61.9,71,62,60,47,67,45,68,64,52,17,75,60,67,Medium Risk
AP2024_2885,Lavanya Goud,22A91A0486,lavanya.goud886@apedu.ac.in,3rd Year,ECE,C,5,58.6,66,49,50,32,57,50,57,58,56,14,37,49,51,Medium Risk
AP2024_2886,Ravi Patel,24A91A0287,ravi.patel887@apedu.ac.in,1st Year,EEE,C,2,83.4,45,67,73,59,62,62,83,64,59,22,86,66,84,Medium Risk
AP2024_2887,Manasa Patel,23A91A0588,manasa.patel888@apedu.ac.in,2nd Year,CSE,B,3,96.5,69,77,80,69,80,84,99,71,73,25,95,80,96,Low Risk
AP2024_2888,Ganesh Mishra,22A91A4289,ganesh.mishra889@apedu.ac.in,3rd Year,CSE (AI & ML),C,6,81.8,72,61,67,35,60,62,75,71,59,19,70,68,76,Medium Risk
AP2024_2889,Tejaswi Goud,24A91A0290,tejaswi.goud890@apedu.ac.in,1st Year,EEE,D,2,66.4,49,42,66,75,67,53,69,55,61,14,67,56,67,Medium Risk
AP2024_2890,Lavanya Verma,23A91A0201,lavanya.verma891@apedu.ac.in,2nd Year,EEE,A,4,69.9,38,25,23,29,25,39,64,50,25,19,65,37,66,High Risk
AP2024_2891,Pranavi Kulkarni,22A91A4202,pranavi.kulkarni892@apedu.ac.in,3rd Year,CSE (AI & ML),B,5,66.4,47,56,38,36,35,40,69,48,52,18,69,49,67,High Risk
AP2024_2892,Yamini Mishra,23A91A0503,yamini.mishra893@apedu.ac.in,2nd Year,CSE,B,3,47.2,65,63,63,72,56,57,48,62,61,15,51,64,48,High Risk
AP2024_2893,Sai Sastry,24A91A0404,sai.sastry894@apedu.ac.in,1st Year,ECE,C,2,58.6,54,57,53,48,69,62,57,57,40,12,53,57,56,Medium Risk
AP2024_2894,Naresh Murthy,21A91A1205,naresh.murthy895@apedu.ac.in,4th Year,Information Technology,C,7,75.2,59,62,64,59,69,67,63,63,58,17,75,76,71,Low Risk
AP2024_2895,Suresh Somayajulu,24A91A0106,suresh.somayajulu896@apedu.ac.in,1st Year,Civil Engineering,D,2,79.4,65,50,47,39,63,61,70,56,61,18,72,66,74,Medium Risk
AP2024_2896,Kavya Naidu,23A91A4207,kavya.naidu897@apedu.ac.in,2nd Year,CSE (AI & ML),C,4,80.2,67,64,75,61,63,55,89,67,72,23,82,72,83,Medium Risk
AP2024_2897,Rahul Verma,24A91A4408,rahul.verma898@apedu.ac.in,1st Year,CSE (Data Science),C,2,86.1,43,48,53,48,46,67,92,58,48,22,69,54,82,Medium Risk
AP2024_2898,Varun Babu,24A91A0509,varun.babu899@apedu.ac.in,1st Year,CSE,D,2,54.8,75,60,65,69,72,70,53,68,63,12,70,67,58,High Risk
AP2024_2899,Harika Somayajulu,22A91A0510,harika.somayajulu900@apedu.ac.in,3rd Year,CSE,A,5,77.1,62,72,75,64,66,64,83,70,65,19,80,71,79,Low Risk
AP2024_2900,Nikhil Varma,21A91A0411,nikhil.varma901@apedu.ac.in,4th Year,ECE,C,7,88.7,57,50,48,32,56,62,89,62,44,20,77,52,85,Medium Risk
AP2024_2901,Sravani Varma,21A91A1212,sravani.varma902@apedu.ac.in,4th Year,Information Technology,C,7,62.0,82,56,77,73,62,65,72,77,71,15,63,76,65,Medium Risk
AP2024_2902,Divya Sharma,24A91A0513,divya.sharma903@apedu.ac.in,1st Year,CSE,D,1,65.8,56,45,72,49,45,79,67,59,50,16,56,63,63,Medium Risk
AP2024_2903,Pooja Sastry,23A91A0514,pooja.sastry904@apedu.ac.in,2nd Year,CSE,D,3,64.2,50,63,85,59,36,53,69,65,54,16,67,59,66,Medium Risk
AP2024_2904,Kavya Chary,21A91A0315,kavya.chary905@apedu.ac.in,4th Year,Mechanical Engineering,D,7,56.9,63,45,66,51,63,48,56,71,59,16,50,61,54,High Risk
AP2024_2905,Akhil Kulkarni,23A91A0416,akhil.kulkarni906@apedu.ac.in,2nd Year,ECE,C,4,68.1,68,76,64,64,60,64,79,67,61,20,65,77,70,Medium Risk
AP2024_2906,Ravi Sastry,21A91A1217,ravi.sastry907@apedu.ac.in,4th Year,Information Technology,C,8,89.7,66,60,67,62,45,61,70,65,55,17,75,66,79,Medium Risk
AP2024_2907,Harika Verma,24A91A0118,harika.verma908@apedu.ac.in,1st Year,Civil Engineering,D,2,53.1,47,29,35,38,33,38,62,55,41,16,58,42,57,High Risk
AP2024_2908,Sireesha Verma,21A91A4419,sireesha.verma909@apedu.ac.in,4th Year,CSE (Data Science),D,7,63.6,71,51,41,42,45,50,64,66,34,18,53,59,60,Medium Risk
AP2024_2909,Sireesha Kulkarni,24A91A0120,sireesha.kulkarni910@apedu.ac.in,1st Year,Civil Engineering,B,2,58.4,64,56,60,33,64,68,63,65,52,19,69,63,62,Medium Risk
AP2024_2910,Sravani Sastry,21A91A0521,sravani.sastry911@apedu.ac.in,4th Year,CSE,C,7,88.5,65,53,84,79,73,62,76,72,67,19,72,72,79,Medium Risk
AP2024_2911,Varun Mishra,23A91A0522,varun.mishra912@apedu.ac.in,2nd Year,CSE,C,4,58.1,61,47,60,61,85,56,57,58,50,14,61,67,58,Medium Risk
AP2024_2912,Kavya Kulkarni,22A91A0123,kavya.kulkarni913@apedu.ac.in,3rd Year,Civil Engineering,D,6,91.9,49,48,47,49,57,71,84,55,49,22,85,48,87,Medium Risk
AP2024_2913,Ganesh Prasad,22A91A0224,ganesh.prasad914@apedu.ac.in,3rd Year,EEE,D,5,90.0,74,61,71,56,74,64,73,73,70,19,83,61,82,Low Risk
AP2024_2914,Pranavi Patel,24A91A1225,pranavi.patel915@apedu.ac.in,1st Year,Information Technology,D,2,49.1,62,51,56,55,78,65,52,66,52,9,39,69,46,High Risk
AP2024_2915,Pranavi Bhatt,23A91A4226,pranavi.bhatt916@apedu.ac.in,2nd Year,CSE (AI & ML),C,3,76.8,70,60,73,88,82,70,83,76,65,22,76,80,78,Low Risk
AP2024_2916,Divya Chary,24A91A0127,divya.chary917@apedu.ac.in,1st Year,Civil Engineering,A,1,50.0,82,70,92,84,56,57,41,63,57,16,60,76,50,High Risk
AP2024_2917,Charan Kumar,24A91A0428,charan.kumar918@apedu.ac.in,1st Year,ECE,C,1,82.6,28,47,25,22,41,45,69,45,34,16,62,41,72,High Risk
AP2024_2918,Chaitanya Sharma,23A91A0429,chaitanya.sharma919@apedu.ac.in,2nd Year,ECE,C,4,80.0,76,67,73,58,72,74,76,75,69,22,73,78,76,Low Risk
AP2024_2919,Sneha Kumar,22A91A0430,sneha.kumar920@apedu.ac.in,3rd Year,ECE,B,6,63.9,47,63,49,42,69,50,63,58,53,11,46,62,58,Medium Risk
AP2024_2920,Sai Rao,24A91A0131,sai.rao921@apedu.ac.in,1st Year,Civil Engineering,D,1,93.5,93,69,90,56,73,70,93,75,60,22,91,91,92,Low Risk
AP2024_2921,Karthik Goud,22A91A0532,karthik.goud922@apedu.ac.in,3rd Year,CSE,B,6,60.6,76,66,80,59,72,79,60,75,74,17,61,79,60,Medium Risk
AP2024_2922,Nikhil Rao,22A91A0133,nikhil.rao923@apedu.ac.in,3rd Year,Civil Engineering,D,5,56.4,70,56,72,73,62,61,42,58,52,13,60,69,53,High Risk
AP2024_2923,Divya Raju,24A91A4234,divya.raju924@apedu.ac.in,1st Year,CSE (AI & ML),D,1,64.4,60,47,68,69,54,59,70,59,58,16,65,63,66,Medium Risk
AP2024_2924,Venkata Reddy,23A91A0135,venkata.reddy925@apedu.ac.in,2nd Year,Civil Engineering,B,3,90.9,63,71,66,70,47,64,84,72,53,23,95,75,90,Low Risk
AP2024_2925,Ramesh Gupta,22A91A0536,ramesh.gupta926@apedu.ac.in,3rd Year,CSE,C,6,86.4,72,80,62,59,60,78,80,64,53,19,81,76,82,Low Risk
AP2024_2926,Varun Babu,23A91A0237,varun.babu927@apedu.ac.in,2nd Year,EEE,D,3,83.7,81,75,76,65,70,55,77,85,68,19,88,78,82,Low Risk
AP2024_2927,Manasa Gupta,21A91A0438,manasa.gupta928@apedu.ac.in,4th Year,ECE,D,7,62.4,58,58,76,60,61,64,53,61,58,12,59,75,58,Medium Risk
AP2024_2928,Yamini Raju,21A91A0439,yamini.raju929@apedu.ac.in,4th Year,ECE,D,8,63.2,75,81,65,66,67,64,69,76,58,14,60,68,63,Medium Risk
AP2024_2929,Venkata Sastry,21A91A4240,venkata.sastry930@apedu.ac.in,4th Year,CSE (AI & ML),D,8,62.4,73,70,61,66,67,78,68,70,62,16,72,66,66,Medium Risk
AP2024_2930,Pranavi Bhatt,24A91A0441,pranavi.bhatt931@apedu.ac.in,1st Year,ECE,D,2,62.7,51,51,60,57,52,72,66,66,47,17,55,75,61,Medium Risk
AP2024_2931,Srikanth Sastry,24A91A0342,srikanth.sastry932@apedu.ac.in,1st Year,Mechanical Engineering,B,2,80.3,68,78,59,60,58,80,81,69,57,17,90,64,83,Low Risk
AP2024_2932,Rahul Chowdary,23A91A1243,rahul.chowdary933@apedu.ac.in,2nd Year,Information Technology,B,3,62.5,71,76,71,67,62,66,49,64,55,10,50,73,54,Medium Risk
AP2024_2933,Rahul Varma,21A91A0444,rahul.varma934@apedu.ac.in,4th Year,ECE,A,8,99.5,80,77,72,67,66,71,95,74,73,22,86,68,94,Low Risk
AP2024_2934,Ravi Raju,21A91A0345,ravi.raju935@apedu.ac.in,4th Year,Mechanical Engineering,B,8,70.3,37,39,46,31,57,42,73,49,33,14,57,48,67,High Risk
AP2024_2935,Karthik Patel,21A91A0246,karthik.patel936@apedu.ac.in,4th Year,EEE,B,7,67.5,71,56,42,37,47,64,66,52,50,16,72,64,68,Medium Risk
AP2024_2936,Yamini Sastry,21A91A0447,yamini.sastry937@apedu.ac.in,4th Year,ECE,C,8,71.0,44,46,65,49,41,41,77,62,42,18,63,61,70,Medium Risk
AP2024_2937,Mahesh Somayajulu,21A91A4248,mahesh.somayajulu938@apedu.ac.in,4th Year,CSE (AI & ML),D,7,59.4,63,75,68,57,69,46,65,60,62,15,47,71,57,Medium Risk
AP2024_2938,Pooja Prasad,23A91A4449,pooja.prasad939@apedu.ac.in,2nd Year,CSE (Data Science),A,3,50.9,59,64,46,34,63,48,57,59,46,15,48,70,51,High Risk
AP2024_2939,Sneha Sharma,21A91A0550,sneha.sharma940@apedu.ac.in,4th Year,CSE,D,7,70.8,56,61,71,51,66,62,72,62,46,15,84,70,75,Medium Risk
AP2024_2940,Ravi Goud,21A91A0151,ravi.goud941@apedu.ac.in,4th Year,Civil Engineering,D,7,62.4,63,71,82,67,62,63,74,70,58,13,79,68,70,Medium Risk
AP2024_2941,Sai Gupta,24A91A0252,sai.gupta942@apedu.ac.in,1st Year,EEE,C,2,86.0,65,43,50,53,58,59,83,68,50,17,71,69,80,Medium Risk
AP2024_2942,Akhil Patel,22A91A4453,akhil.patel943@apedu.ac.in,3rd Year,CSE (Data Science),C,5,43.7,35,24,53,46,42,44,53,35,34,13,45,54,46,High Risk
AP2024_2943,Akhil Kulkarni,23A91A0254,akhil.kulkarni944@apedu.ac.in,2nd Year,EEE,D,4,44.6,72,73,82,75,81,73,44,68,80,11,55,79,47,High Risk
AP2024_2944,Mahesh Sharma,22A91A4455,mahesh.sharma945@apedu.ac.in,3rd Year,CSE (Data Science),D,5,85.9,67,65,66,60,51,55,80,56,55,18,84,64,83,Medium Risk
AP2024_2945,Sai Patel,21A91A4456,sai.patel946@apedu.ac.in,4th Year,CSE (Data Science),D,7,77.9,50,56,46,29,51,55,78,50,41,16,77,57,77,Medium Risk
AP2024_2946,Pooja Reddy,22A91A0457,pooja.reddy947@apedu.ac.in,3rd Year,ECE,A,5,83.3,99,76,96,99,83,96,81,79,77,22,76,85,80,Low Risk
AP2024_2947,Chaitanya Babu,22A91A0558,chaitanya.babu948@apedu.ac.in,3rd Year,CSE,D,5,59.4,73,72,80,78,76,74,59,87,60,17,66,78,61,Medium Risk
AP2024_2948,Ramesh Goud,24A91A0459,ramesh.goud949@apedu.ac.in,1st Year,ECE,C,2,71.4,66,79,77,78,64,54,72,73,62,20,76,72,72,Medium Risk
AP2024_2949,Sai Sharma,22A91A0160,sai.sharma950@apedu.ac.in,3rd Year,Civil Engineering,C,6,99.5,89,98,82,68,84,88,91,87,82,22,98,88,96,Low Risk
AP2024_2950,Srikanth Chary,21A91A0461,srikanth.chary951@apedu.ac.in,4th Year,ECE,A,8,78.3,78,56,50,70,67,64,82,66,46,19,77,73,79,Low Risk
AP2024_2951,Swathi Varma,24A91A0262,swathi.varma952@apedu.ac.in,1st Year,EEE,B,1,75.7,70,49,52,41,69,49,77,71,51,14,72,62,74,Medium Risk
AP2024_2952,Kavya Bhatt,24A91A0163,kavya.bhatt953@apedu.ac.in,1st Year,Civil Engineering,C,1,77.9,76,67,68,80,74,85,83,75,70,23,86,90,81,Low Risk
AP2024_2953,Naresh Bhatt,22A91A0464,naresh.bhatt954@apedu.ac.in,3rd Year,ECE,B,6,63.0,77,56,83,79,69,70,71,83,68,15,65,70,65,Medium Risk
AP2024_2954,Sai Verma,23A91A4465,sai.verma955@apedu.ac.in,2nd Year,CSE (Data Science),B,3,85.6,81,78,63,66,68,72,81,72,57,19,71,78,79,Low Risk
AP2024_2955,Sneha Sastry,24A91A4266,sneha.sastry956@apedu.ac.in,1st Year,CSE (AI & ML),A,2,69.7,73,59,68,83,66,87,56,61,72,12,52,74,60,Medium Risk
AP2024_2956,Divya Mishra,21A91A1267,divya.mishra957@apedu.ac.in,4th Year,Information Technology,C,8,61.0,53,51,56,53,49,51,68,56,49,17,62,57,63,Medium Risk
AP2024_2957,Pavan Mishra,24A91A0168,pavan.mishra958@apedu.ac.in,1st Year,Civil Engineering,D,1,69.1,81,86,78,43,82,78,57,80,74,16,69,83,65,Medium Risk
AP2024_2958,Manasa Somayajulu,21A91A0269,manasa.somayajulu959@apedu.ac.in,4th Year,EEE,C,8,78.3,82,65,70,64,60,71,82,81,64,21,77,70,79,Medium Risk
AP2024_2959,Akhil Naidu,23A91A0270,akhil.naidu960@apedu.ac.in,2nd Year,EEE,B,3,67.0,81,67,77,80,76,64,70,77,65,16,67,87,67,Medium Risk
AP2024_2960,Ganesh Joshi,21A91A0271,ganesh.joshi961@apedu.ac.in,4th Year,EEE,A,8,73.2,72,48,48,54,78,68,78,62,52,16,67,68,72,Medium Risk
AP2024_2961,Yamini Murthy,22A91A0572,yamini.murthy962@apedu.ac.in,3rd Year,CSE,C,5,68.4,59,56,55,51,42,57,61,55,43,15,62,52,64,Medium Risk
AP2024_2962,Mahesh Kulkarni,22A91A0473,mahesh.kulkarni963@apedu.ac.in,3rd Year,ECE,B,6,69.1,48,52,39,28,60,56,68,60,39,14,55,51,64,Medium Risk
AP2024_2963,Manasa Kumar,23A91A0474,manasa.kumar964@apedu.ac.in,2nd Year,ECE,D,3,78.1,59,62,59,45,46,45,67,55,40,17,67,51,71,Medium Risk
AP2024_2964,Srikanth Mishra,23A91A0275,srikanth.mishra965@apedu.ac.in,2nd Year,EEE,C,3,78.2,78,72,57,39,66,72,75,86,55,15,75,69,76,Low Risk
AP2024_2965,Harika Kumar,22A91A0276,harika.kumar966@apedu.ac.in,3rd Year,EEE,A,5,47.2,68,57,49,50,46,44,41,57,58,14,47,48,45,High Risk
AP2024_2966,Varun Yadav,21A91A0577,varun.yadav967@apedu.ac.in,4th Year,CSE,C,8,74.9,48,53,54,54,55,65,71,63,45,21,72,59,72,Medium Risk
AP2024_2967,Varun Yadav,24A91A1278,varun.yadav968@apedu.ac.in,1st Year,Information Technology,D,1,74.4,61,72,50,52,53,57,67,58,45,17,75,68,72,Medium Risk
AP2024_2968,Ravi Goud,21A91A0579,ravi.goud969@apedu.ac.in,4th Year,CSE,C,7,89.5,75,76,73,75,65,86,100,76,66,25,87,74,91,Low Risk
AP2024_2969,Venkata Chary,23A91A4480,venkata.chary970@apedu.ac.in,2nd Year,CSE (Data Science),A,3,65.4,67,56,48,43,61,62,79,59,45,18,74,61,72,Medium Risk
AP2024_2970,Deepika Chowdary,24A91A0581,deepika.chowdary971@apedu.ac.in,1st Year,CSE,C,2,83.2,55,48,82,66,68,78,74,68,53,19,69,70,76,Low Risk
AP2024_2971,Harika Joshi,22A91A0582,harika.joshi972@apedu.ac.in,3rd Year,CSE,C,5,76.5,47,45,70,54,56,70,74,59,52,21,75,62,75,Medium Risk
AP2024_2972,Sireesha Somayajulu,23A91A0583,sireesha.somayajulu973@apedu.ac.in,2nd Year,CSE,D,4,45.5,65,68,56,49,37,54,50,60,50,17,51,62,48,High Risk
AP2024_2973,Deepika Kulkarni,24A91A0484,deepika.kulkarni974@apedu.ac.in,1st Year,ECE,B,1,38.9,65,43,55,34,46,56,53,56,39,12,46,55,45,High Risk
AP2024_2974,Varun Naidu,23A91A0585,varun.naidu975@apedu.ac.in,2nd Year,CSE,C,4,91.9,57,77,45,24,47,80,84,62,51,20,84,72,87,Medium Risk
AP2024_2975,Ramesh Sharma,21A91A0586,ramesh.sharma976@apedu.ac.in,4th Year,CSE,C,7,75.1,40,61,57,36,56,72,74,58,54,20,86,68,78,Medium Risk
AP2024_2976,Varun Joshi,22A91A0387,varun.joshi977@apedu.ac.in,3rd Year,Mechanical Engineering,D,5,84.6,49,73,72,61,71,65,81,81,58,21,76,69,80,Low Risk
AP2024_2977,Naresh Somayajulu,24A91A4288,naresh.somayajulu978@apedu.ac.in,1st Year,CSE (AI & ML),A,2,64.1,68,76,70,78,70,74,65,70,75,14,57,65,62,Medium Risk
AP2024_2978,Rahul Goud,24A91A0389,rahul.goud979@apedu.ac.in,1st Year,Mechanical Engineering,A,1,72.4,50,55,52,63,48,56,61,55,44,14,68,60,67,Medium Risk
AP2024_2979,Sneha Reddy,23A91A1290,sneha.reddy980@apedu.ac.in,2nd Year,Information Technology,A,4,66.1,58,67,71,66,68,69,55,65,64,15,59,70,60,Medium Risk
AP2024_2980,Nikhil Gupta,23A91A0201,nikhil.gupta981@apedu.ac.in,2nd Year,EEE,A,3,55.0,58,63,49,48,48,60,49,56,42,11,35,57,47,High Risk
AP2024_2981,Manasa Somayajulu,22A91A0202,manasa.somayajulu982@apedu.ac.in,3rd Year,EEE,B,5,51.8,69,58,74,56,59,66,53,60,53,11,54,63,52,High Risk
AP2024_2982,Naresh Patel,21A91A0403,naresh.patel983@apedu.ac.in,4th Year,ECE,C,7,88.4,70,65,70,62,69,75,92,61,68,23,81,65,87,Low Risk
AP2024_2983,Bhavya Goud,22A91A1204,bhavya.goud984@apedu.ac.in,3rd Year,Information Technology,C,6,71.8,91,81,82,67,80,75,69,77,71,16,71,89,70,Medium Risk
AP2024_2984,Rahul Sastry,22A91A0305,rahul.sastry985@apedu.ac.in,3rd Year,Mechanical Engineering,D,6,63.5,76,51,78,74,69,53,68,72,58,17,63,68,64,Medium Risk
AP2024_2985,Sneha Rao,21A91A0406,sneha.rao986@apedu.ac.in,4th Year,ECE,D,7,68.0,72,71,62,49,63,64,60,60,55,10,65,70,64,Medium Risk
AP2024_2986,Keerthi Yadav,22A91A0307,keerthi.yadav987@apedu.ac.in,3rd Year,Mechanical Engineering,C,5,71.1,74,53,64,55,62,47,66,65,63,18,60,71,66,Medium Risk
AP2024_2987,Rahul Mishra,23A91A0408,rahul.mishra988@apedu.ac.in,2nd Year,ECE,D,4,99.5,59,59,58,59,55,81,94,75,52,21,95,74,96,Medium Risk
AP2024_2988,Kavya Rao,24A91A1209,kavya.rao989@apedu.ac.in,1st Year,Information Technology,B,1,59.6,53,84,57,53,73,76,69,76,46,18,71,71,65,Medium Risk
AP2024_2989,Mahesh Bhatt,22A91A0110,mahesh.bhatt990@apedu.ac.in,3rd Year,Civil Engineering,A,6,60.2,47,47,47,33,39,49,61,45,47,15,60,53,60,High Risk
AP2024_2990,Sireesha Somayajulu,24A91A0511,sireesha.somayajulu991@apedu.ac.in,1st Year,CSE,B,2,94.6,65,66,82,68,67,92,93,70,60,24,88,77,92,Low Risk
AP2024_2991,Deepika Sastry,22A91A4212,deepika.sastry992@apedu.ac.in,3rd Year,CSE (AI & ML),B,6,49.9,79,61,77,77,60,51,57,56,69,13,57,73,54,High Risk
AP2024_2992,Keerthi Gupta,23A91A4413,keerthi.gupta993@apedu.ac.in,2nd Year,CSE (Data Science),A,4,78.6,54,72,74,59,73,52,77,76,63,15,74,68,76,Low Risk
AP2024_2993,Lavanya Chary,21A91A0114,lavanya.chary994@apedu.ac.in,4th Year,Civil Engineering,D,8,96.3,80,66,84,72,58,63,100,84,62,28,94,82,96,Low Risk
AP2024_2994,Nikhil Raju,22A91A1215,nikhil.raju995@apedu.ac.in,3rd Year,Information Technology,D,6,72.9,69,70,66,67,62,58,79,60,58,14,67,66,72,Medium Risk
AP2024_2995,Pavan Rao,23A91A0116,pavan.rao996@apedu.ac.in,2nd Year,Civil Engineering,D,3,70.7,61,76,85,73,74,77,70,87,68,17,77,79,72,Medium Risk
AP2024_2996,Varun Bhatt,21A91A4417,varun.bhatt997@apedu.ac.in,4th Year,CSE (Data Science),B,7,70.7,64,63,74,72,67,63,76,69,66,17,67,69,71,Medium Risk
AP2024_2997,Pavan Chary,23A91A4418,pavan.chary998@apedu.ac.in,2nd Year,CSE (Data Science),C,3,45.4,34,46,69,59,55,53,47,57,39,13,36,48,43,High Risk
AP2024_2998,Ananya Naidu,22A91A0319,ananya.naidu0@apedu.ac.in,3rd Year,Mechanical Engineering,D,5,54.6,47,55,44,35,47,37,68,63,40,14,56,54,59,High Risk
AP2024_2999,Tarun Goud,21A91A4420,tarun.goud1@apedu.ac.in,4th Year,CSE (Data Science),B,7,38.9,62,49,63,53,71,63,47,73,48,12,39,59,41,High Risk
AP2024_3000,Aditya Gupta,22A91A4421,aditya.gupta2@apedu.ac.in,3rd Year,CSE (Data Science),B,5,92.3,56,41,49,30,72,51,99,60,51,21,92,62,94,Medium Risk
AP2024_3001,Manoj Murthy,24A91A4422,manoj.murthy3@apedu.ac.in,1st Year,CSE (Data Science),C,1,48.2,55,61,49,31,64,50,44,49,59,9,48,61,46,High Risk
AP2024_3002,Sai Sastry,23A91A4223,sai.sastry4@apedu.ac.in,2nd Year,CSE (AI & ML),D,4,73.9,44,42,38,42,40,49,63,48,35,15,56,46,65,High Risk
AP2024_3003,Yamini Kulkarni,21A91A1224,yamini.kulkarni5@apedu.ac.in,4th Year,Information Technology,D,7,56.4,65,67,92,89,56,63,58,59,67,12,58,76,57,High Risk
AP2024_3004,Mahesh Somayajulu,23A91A0125,mahesh.somayajulu6@apedu.ac.in,2nd Year,Civil Engineering,B,3,83.0,53,57,67,61,42,70,85,58,63,23,84,69,83,Medium Risk
AP2024_3005,Sireesha Varma,21A91A0226,sireesha.varma7@apedu.ac.in,4th Year,EEE,D,8,68.2,73,64,65,71,75,68,65,73,54,17,65,80,66,Medium Risk
AP2024_3006,Ramesh Prasad,24A91A1227,ramesh.prasad8@apedu.ac.in,1st Year,Information Technology,A,2,65.0,74,71,88,76,74,67,53,61,70,12,49,86,56,Medium Risk
AP2024_3007,Pranavi Chary,23A91A0328,pranavi.chary9@apedu.ac.in,2nd Year,Mechanical Engineering,C,3,86.8,95,58,59,52,70,85,89,68,58,24,98,76,90,Low Risk
AP2024_3008,Charan Mishra,24A91A4229,charan.mishra10@apedu.ac.in,1st Year,CSE (AI & ML),B,2,46.1,65,67,63,65,59,58,52,59,46,11,54,69,50,High Risk
AP2024_3009,Divya Sastry,23A91A0430,divya.sastry11@apedu.ac.in,2nd Year,ECE,C,3,82.9,59,51,68,72,50,73,73,58,57,21,90,60,82,Low Risk
AP2024_3010,Ganesh Naidu,22A91A4431,ganesh.naidu12@apedu.ac.in,3rd Year,CSE (Data Science),D,6,49.9,74,65,60,60,53,42,59,55,55,14,48,63,52,High Risk
AP2024_3011,Rohit Gupta,22A91A1232,rohit.gupta13@apedu.ac.in,3rd Year,Information Technology,A,6,70.2,67,62,63,60,59,70,68,57,49,19,71,62,69,Medium Risk
AP2024_3012,Kavya Murthy,23A91A0133,kavya.murthy14@apedu.ac.in,2nd Year,Civil Engineering,A,3,40.6,60,61,77,57,47,78,50,61,56,11,37,68,42,High Risk
AP2024_3013,Mahesh Naidu,22A91A0134,mahesh.naidu15@apedu.ac.in,3rd Year,Civil Engineering,A,5,68.1,66,46,51,29,53,58,62,53,54,18,66,61,65,Medium Risk
AP2024_3014,Sneha Patel,23A91A1235,sneha.patel16@apedu.ac.in,2nd Year,Information Technology,A,4,71.5,49,59,53,46,57,57,58,51,47,15,57,50,63,Medium Risk
AP2024_3015,Ravi Yadav,21A91A0536,ravi.yadav17@apedu.ac.in,4th Year,CSE,C,8,65.3,71,81,92,80,81,75,61,61,70,21,61,87,62,Medium Risk
AP2024_3016,Ganesh Raju,24A91A0337,ganesh.raju18@apedu.ac.in,1st Year,Mechanical Engineering,D,2,61.2,62,69,66,62,74,70,63,67,61,17,70,79,64,Medium Risk
AP2024_3017,Charan Joshi,22A91A4438,charan.joshi19@apedu.ac.in,3rd Year,CSE (Data Science),D,5,70.6,58,51,42,44,54,48,67,51,52,16,72,57,69,Medium Risk
AP2024_3018,Chaitanya Prasad,24A91A0539,chaitanya.prasad20@apedu.ac.in,1st Year,CSE,C,1,65.9,75,75,77,83,66,57,60,78,80,17,57,76,61,Medium Risk
AP2024_3019,Swathi Raju,23A91A0140,swathi.raju21@apedu.ac.in,2nd Year,Civil Engineering,A,4,71.0,84,58,64,59,51,72,61,76,59,19,65,78,66,Medium Risk
AP2024_3020,Mahesh Gupta,24A91A1241,mahesh.gupta22@apedu.ac.in,1st Year,Information Technology,D,1,80.5,75,81,73,66,62,58,67,62,69,17,71,64,73,Low Risk
AP2024_3021,Srikanth Rao,22A91A0142,srikanth.rao23@apedu.ac.in,3rd Year,Civil Engineering,C,6,66.4,45,79,61,71,71,74,65,69,68,19,68,75,66,Medium Risk
AP2024_3022,Tejaswi Reddy,22A91A0243,tejaswi.reddy24@apedu.ac.in,3rd Year,EEE,C,5,92.0,63,53,72,55,52,77,81,73,54,22,84,84,86,Low Risk
AP2024_3023,Deepika Reddy,21A91A0244,deepika.reddy25@apedu.ac.in,4th Year,EEE,A,8,81.5,51,42,49,38,50,38,75,70,46,20,77,52,78,High Risk
AP2024_3024,Ramesh Chowdary,22A91A0145,ramesh.chowdary26@apedu.ac.in,3rd Year,Civil Engineering,B,5,99.5,62,56,51,48,61,84,78,70,39,24,78,72,86,Medium Risk
AP2024_3025,Aditya Naidu,24A91A4446,aditya.naidu27@apedu.ac.in,1st Year,CSE (Data Science),D,1,57.9,77,66,79,80,60,45,64,79,74,12,56,70,59,High Risk
AP2024_3026,Ganesh Raju,22A91A0447,ganesh.raju28@apedu.ac.in,3rd Year,ECE,D,6,64.7,62,66,80,82,69,77,66,72,65,14,54,87,61,Medium Risk
AP2024_3027,Karthik Naidu,22A91A0548,karthik.naidu29@apedu.ac.in,3rd Year,CSE,B,6,67.1,44,45,36,28,52,56,85,52,38,20,74,50,74,High Risk
AP2024_3028,Ramesh Yadav,24A91A4249,ramesh.yadav30@apedu.ac.in,1st Year,CSE (AI & ML),C,2,81.7,67,70,85,75,64,68,66,79,70,17,64,75,71,Low Risk
AP2024_3029,Pavan Murthy,21A91A4450,pavan.murthy31@apedu.ac.in,4th Year,CSE (Data Science),C,7,64.2,64,69,58,52,77,59,68,65,62,13,62,74,64,Medium Risk
AP2024_3030,Rahul Murthy,24A91A0251,rahul.murthy32@apedu.ac.in,1st Year,EEE,C,1,69.5,36,41,56,66,46,66,79,52,38,18,76,51,74,Medium Risk
AP2024_3031,Gayatri Mishra,23A91A0352,gayatri.mishra33@apedu.ac.in,2nd Year,Mechanical Engineering,D,3,66.1,69,80,85,70,81,70,58,84,64,13,67,84,63,Medium Risk
AP2024_3032,Manoj Murthy,22A91A0253,manoj.murthy34@apedu.ac.in,3rd Year,EEE,A,5,68.4,74,57,56,60,50,70,65,65,47,21,77,74,69,Medium Risk
AP2024_3033,Ramesh Prasad,23A91A0254,ramesh.prasad35@apedu.ac.in,2nd Year,EEE,A,4,77.3,45,73,78,65,50,69,76,68,58,20,76,78,76,Medium Risk
AP2024_3034,Deepika Sharma,24A91A4455,deepika.sharma36@apedu.ac.in,1st Year,CSE (Data Science),C,2,69.0,77,81,75,52,53,74,79,69,35,17,70,66,72,Medium Risk
AP2024_3035,Varun Babu,22A91A0456,varun.babu37@apedu.ac.in,3rd Year,ECE,B,5,86.4,56,60,50,46,55,46,71,66,43,20,77,61,78,Medium Risk
AP2024_3036,Venkata Somayajulu,22A91A4257,venkata.somayajulu38@apedu.ac.in,3rd Year,CSE (AI & ML),C,5,81.7,63,56,78,59,59,54,71,78,54,17,67,65,74,Medium Risk
AP2024_3037,Ramesh Babu,21A91A0158,ramesh.babu39@apedu.ac.in,4th Year,Civil Engineering,D,8,57.2,61,60,60,64,59,53,51,62,52,8,45,66,51,High Risk
AP2024_3038,Yamini Reddy,22A91A0359,yamini.reddy40@apedu.ac.in,3rd Year,Mechanical Engineering,C,6,83.2,50,53,67,66,56,64,81,69,44,21,82,55,82,Medium Risk
AP2024_3039,Lavanya Varma,21A91A0460,lavanya.varma41@apedu.ac.in,4th Year,ECE,B,8,64.9,78,63,73,60,51,61,56,60,51,12,78,69,66,Medium Risk
AP2024_3040,Manasa Raju,21A91A4261,manasa.raju42@apedu.ac.in,4th Year,CSE (AI & ML),D,7,77.7,60,67,76,56,56,72,78,65,64,24,78,75,77,Medium Risk
AP2024_3041,Yamini Kumar,24A91A0362,yamini.kumar43@apedu.ac.in,1st Year,Mechanical Engineering,C,1,80.7,67,65,75,65,93,66,74,71,72,14,82,74,79,Low Risk
AP2024_3042,Tejaswi Patel,21A91A0563,tejaswi.patel44@apedu.ac.in,4th Year,CSE,B,8,82.2,62,54,70,80,67,63,70,62,54,16,62,70,72,Medium Risk
AP2024_3043,Gayatri Bhatt,23A91A0164,gayatri.bhatt45@apedu.ac.in,2nd Year,Civil Engineering,D,4,51.3,72,52,76,65,61,68,58,63,58,6,42,60,50,High Risk
AP2024_3044,Venkata Gupta,21A91A0165,venkata.gupta46@apedu.ac.in,4th Year,Civil Engineering,B,7,86.7,85,85,90,91,91,87,79,80,74,21,79,92,82,Low Risk
AP2024_3045,Manasa Chary,24A91A0166,manasa.chary47@apedu.ac.in,1st Year,Civil Engineering,B,1,91.4,76,63,70,57,67,67,91,80,53,21,81,66,88,Low Risk
AP2024_3046,Manoj Chowdary,22A91A4467,manoj.chowdary48@apedu.ac.in,3rd Year,CSE (Data Science),D,5,65.2,61,46,75,78,66,71,63,61,53,14,69,62,65,Medium Risk
AP2024_3047,Yamini Murthy,22A91A0168,yamini.murthy49@apedu.ac.in,3rd Year,Civil Engineering,C,5,75.4,41,57,58,42,51,71,80,53,46,18,68,68,74,Medium Risk
AP2024_3048,Sireesha Kumar,24A91A0169,sireesha.kumar50@apedu.ac.in,1st Year,Civil Engineering,B,2,90.1,71,61,79,63,73,83,94,67,62,22,81,64,88,Low Risk
AP2024_3049,Tarun Sastry,21A91A1270,tarun.sastry51@apedu.ac.in,4th Year,Information Technology,B,8,70.0,67,41,41,29,45,46,59,42,43,16,51,57,61,High Risk
AP2024_3050,Aditya Prasad,22A91A0371,aditya.prasad52@apedu.ac.in,3rd Year,Mechanical Engineering,D,5,57.0,63,81,69,59,48,71,62,56,61,15,63,65,60,High Risk
AP2024_3051,Aditya Kulkarni,24A91A0172,aditya.kulkarni53@apedu.ac.in,1st Year,Civil Engineering,D,2,76.6,99,84,87,90,72,81,72,70,87,14,58,91,69,Low Risk
AP2024_3052,Deepika Sharma,24A91A4473,deepika.sharma54@apedu.ac.in,1st Year,CSE (Data Science),A,1,78.3,64,75,73,63,61,59,64,68,61,13,89,66,77,Low Risk
AP2024_3053,Ramesh Bhatt,21A91A0374,ramesh.bhatt55@apedu.ac.in,4th Year,Mechanical Engineering,B,7,60.3,58,68,68,71,57,58,55,62,62,16,59,73,58,Medium Risk
AP2024_3054,Sneha Bhatt,21A91A0375,sneha.bhatt56@apedu.ac.in,4th Year,Mechanical Engineering,A,7,59.9,48,46,59,59,52,51,46,65,48,13,52,62,53,Medium Risk
AP2024_3055,Ramesh Yadav,21A91A4476,ramesh.yadav57@apedu.ac.in,4th Year,CSE (Data Science),D,7,62.4,40,45,31,24,56,51,65,51,39,16,59,46,62,High Risk
AP2024_3056,Srikanth Verma,23A91A0477,srikanth.verma58@apedu.ac.in,2nd Year,ECE,C,4,63.8,71,57,81,65,71,71,72,61,70,18,83,82,72,Medium Risk
AP2024_3057,Divya Gupta,24A91A0478,divya.gupta59@apedu.ac.in,1st Year,ECE,D,1,63.4,77,77,62,81,66,68,62,79,69,16,54,83,60,Medium Risk
AP2024_3058,Mahesh Verma,21A91A4479,mahesh.verma60@apedu.ac.in,4th Year,CSE (Data Science),D,7,38.0,66,65,46,47,65,42,25,52,57,4,26,63,30,High Risk
AP2024_3059,Sandhya Yadav,24A91A4480,sandhya.yadav61@apedu.ac.in,1st Year,CSE (Data Science),B,2,71.1,44,56,28,31,49,57,72,54,47,17,74,54,72,High Risk
AP2024_3060,Mahesh Naidu,24A91A0181,mahesh.naidu62@apedu.ac.in,1st Year,Civil Engineering,D,1,72.9,67,64,78,67,61,63,76,76,58,21,75,64,74,Medium Risk
AP2024_3061,Manasa Naidu,21A91A4282,manasa.naidu63@apedu.ac.in,4th Year,CSE (AI & ML),A,8,69.3,70,43,58,53,51,39,70,66,58,14,71,72,70,Medium Risk
AP2024_3062,Lavanya Sastry,24A91A0183,lavanya.sastry64@apedu.ac.in,1st Year,Civil Engineering,A,2,68.0,76,79,77,68,59,59,61,54,48,15,52,76,61,Medium Risk
AP2024_3063,Srikanth Prasad,21A91A4284,srikanth.prasad65@apedu.ac.in,4th Year,CSE (AI & ML),A,8,44.4,56,49,71,58,62,54,49,56,50,12,52,65,48,High Risk
AP2024_3064,Rohit Raju,24A91A0385,rohit.raju66@apedu.ac.in,1st Year,Mechanical Engineering,D,1,62.7,82,60,66,69,44,72,70,71,46,18,51,71,61,Medium Risk
AP2024_3065,Charan Varma,23A91A0486,charan.varma67@apedu.ac.in,2nd Year,ECE,C,4,62.3,63,81,86,76,60,74,50,72,76,16,52,68,55,Medium Risk
AP2024_3066,Harika Patel,24A91A1287,harika.patel68@apedu.ac.in,1st Year,Information Technology,B,2,72.6,46,55,74,69,55,51,71,66,54,15,59,67,68,Medium Risk
AP2024_3067,Kavya Patel,22A91A0388,kavya.patel69@apedu.ac.in,3rd Year,Mechanical Engineering,D,6,90.8,93,92,91,72,68,77,87,78,73,20,85,88,87,Low Risk
AP2024_3068,Kavya Bhatt,22A91A4489,kavya.bhatt70@apedu.ac.in,3rd Year,CSE (Data Science),B,5,60.4,47,43,74,65,62,42,55,50,45,20,49,61,55,Medium Risk
AP2024_3069,Akhil Gupta,24A91A0390,akhil.gupta71@apedu.ac.in,1st Year,Mechanical Engineering,C,1,72.5,58,52,62,52,60,54,73,54,48,16,59,54,68,Medium Risk
AP2024_3070,Tejaswi Gupta,23A91A1201,tejaswi.gupta72@apedu.ac.in,2nd Year,Information Technology,D,4,56.8,56,48,67,57,65,71,55,59,51,14,43,68,52,High Risk
AP2024_3071,Tejaswi Varma,23A91A0202,tejaswi.varma73@apedu.ac.in,2nd Year,EEE,D,3,76.9,65,56,57,53,58,59,82,59,58,18,77,65,78,Medium Risk
AP2024_3072,Kavya Yadav,23A91A0403,kavya.yadav74@apedu.ac.in,2nd Year,ECE,C,3,84.4,91,63,67,74,62,65,77,68,70,14,80,72,80,Low Risk
AP2024_3073,Rohit Bhatt,24A91A0304,rohit.bhatt75@apedu.ac.in,1st Year,Mechanical Engineering,D,2,97.8,79,65,64,49,75,68,90,76,62,21,82,79,90,Low Risk
AP2024_3074,Sravani Chary,23A91A4405,sravani.chary76@apedu.ac.in,2nd Year,CSE (Data Science),C,4,50.9,53,59,61,40,46,57,55,47,57,11,41,48,49,High Risk
AP2024_3075,Akhil Kumar,21A91A4406,akhil.kumar77@apedu.ac.in,4th Year,CSE (Data Science),D,8,85.3,52,68,47,55,69,59,89,66,56,21,85,76,86,Medium Risk
AP2024_3076,Aditya Sastry,21A91A4207,aditya.sastry78@apedu.ac.in,4th Year,CSE (AI & ML),C,7,67.8,75,71,76,73,61,63,72,63,69,17,58,79,66,Medium Risk
AP2024_3077,Pranavi Gupta,23A91A4408,pranavi.gupta79@apedu.ac.in,2nd Year,CSE (Data Science),C,3,73.9,77,68,87,68,75,74,59,75,61,17,66,84,67,Low Risk
AP2024_3078,Ramesh Chowdary,23A91A1209,ramesh.chowdary80@apedu.ac.in,2nd Year,Information Technology,D,4,61.2,90,65,81,64,79,82,69,78,75,15,66,93,64,Medium Risk
AP2024_3079,Naresh Yadav,24A91A0410,naresh.yadav81@apedu.ac.in,1st Year,ECE,C,1,68.7,83,66,76,59,64,67,62,70,69,15,63,77,64,Medium Risk
AP2024_3080,Karthik Prasad,24A91A4211,karthik.prasad82@apedu.ac.in,1st Year,CSE (AI & ML),C,2,91.0,62,60,62,66,58,70,78,71,64,19,74,66,82,Low Risk
AP2024_3081,Yamini Joshi,24A91A1212,yamini.joshi83@apedu.ac.in,1st Year,Information Technology,B,1,77.1,99,98,100,82,93,72,72,84,94,21,78,87,75,Low Risk
AP2024_3082,Nikhil Raju,23A91A0413,nikhil.raju84@apedu.ac.in,2nd Year,ECE,D,3,96.0,69,64,75,53,90,75,96,73,62,20,78,78,90,Low Risk
AP2024_3083,Aditya Rao,22A91A4214,aditya.rao85@apedu.ac.in,3rd Year,CSE (AI & ML),B,6,83.5,66,72,69,98,77,72,80,71,71,21,82,82,81,Low Risk
AP2024_3084,Pooja Varma,22A91A0415,pooja.varma86@apedu.ac.in,3rd Year,ECE,B,5,67.9,44,44,44,51,66,45,75,54,51,14,63,62,68,Medium Risk
AP2024_3085,Nikhil Bhatt,21A91A4216,nikhil.bhatt87@apedu.ac.in,4th Year,CSE (AI & ML),A,8,45.1,39,39,47,43,30,59,46,55,37,12,56,52,48,High Risk
AP2024_3086,Sireesha Yadav,24A91A1217,sireesha.yadav88@apedu.ac.in,1st Year,Information Technology,A,1,67.3,60,79,79,57,66,62,76,68,62,16,63,66,68,Medium Risk
AP2024_3087,Lavanya Naidu,21A91A4218,lavanya.naidu89@apedu.ac.in,4th Year,CSE (AI & ML),B,7,77.6,80,58,83,67,58,71,78,71,59,17,72,74,76,Medium Risk
AP2024_3088,Ramesh Sastry,22A91A0119,ramesh.sastry90@apedu.ac.in,3rd Year,Civil Engineering,A,5,81.4,69,65,73,62,73,74,75,80,62,19,72,82,76,Low Risk
AP2024_3089,Lavanya Yadav,23A91A0520,lavanya.yadav91@apedu.ac.in,2nd Year,CSE,C,4,76.3,75,74,79,86,70,64,63,67,79,15,63,65,68,Low Risk
AP2024_3090,Deepika Chary,22A91A4421,deepika.chary92@apedu.ac.in,3rd Year,CSE (Data Science),C,6,58.8,64,47,44,53,70,59,57,63,36,18,55,64,57,Medium Risk
AP2024_3091,Sandhya Sastry,22A91A0222,sandhya.sastry93@apedu.ac.in,3rd Year,EEE,B,6,42.0,63,62,77,61,68,59,43,55,45,10,36,63,40,High Risk
AP2024_3092,Charan Raju,22A91A4223,charan.raju94@apedu.ac.in,3rd Year,CSE (AI & ML),B,6,62.4,64,54,47,59,40,66,54,60,52,16,64,60,60,High Risk
AP2024_3093,Ravi Reddy,22A91A1224,ravi.reddy95@apedu.ac.in,3rd Year,Information Technology,B,6,55.1,65,58,57,54,67,50,46,61,50,12,52,61,51,High Risk
AP2024_3094,Aditya Naidu,21A91A4225,aditya.naidu96@apedu.ac.in,4th Year,CSE (AI & ML),D,8,99.5,64,72,71,64,70,71,99,74,67,26,98,65,98,Low Risk
AP2024_3095,Charan Yadav,23A91A4226,charan.yadav97@apedu.ac.in,2nd Year,CSE (AI & ML),B,3,61.9,51,48,48,58,66,48,59,52,50,15,68,61,62,Medium Risk
AP2024_3096,Manoj Gupta,22A91A1227,manoj.gupta98@apedu.ac.in,3rd Year,Information Technology,A,6,83.0,49,46,42,41,27,50,67,52,36,18,76,53,76,High Risk
AP2024_3097,Pavan Chary,23A91A0328,pavan.chary99@apedu.ac.in,2nd Year,Mechanical Engineering,B,3,76.2,80,46,65,73,73,71,69,78,69,13,61,79,69,Low Risk
AP2024_3098,Bhavya Prasad,23A91A4429,bhavya.prasad100@apedu.ac.in,2nd Year,CSE (Data Science),C,3,57.6,61,58,71,71,54,53,61,70,51,17,65,73,60,High Risk
AP2024_3099,Akhil Sastry,21A91A0430,akhil.sastry101@apedu.ac.in,4th Year,ECE,C,8,38.0,46,59,54,47,53,51,45,54,45,13,46,57,42,High Risk
AP2024_3100,Sravani Gupta,22A91A0231,sravani.gupta102@apedu.ac.in,3rd Year,EEE,C,5,56.3,59,50,60,64,70,56,57,62,57,16,66,59,59,High Risk
AP2024_3101,Keerthi Patel,21A91A0132,keerthi.patel103@apedu.ac.in,4th Year,Civil Engineering,D,8,80.0,74,62,95,72,71,63,67,68,63,11,57,85,69,Low Risk
AP2024_3102,Deepika Reddy,21A91A0133,deepika.reddy104@apedu.ac.in,4th Year,Civil Engineering,C,7,76.2,94,70,64,54,74,79,74,70,68,24,70,88,73,Low Risk
AP2024_3103,Divya Babu,22A91A0434,divya.babu105@apedu.ac.in,3rd Year,ECE,B,5,81.2,62,78,82,76,59,61,87,79,65,22,74,84,80,Low Risk
AP2024_3104,Kavya Gupta,22A91A0335,kavya.gupta106@apedu.ac.in,3rd Year,Mechanical Engineering,D,5,68.0,44,56,39,34,70,62,63,65,50,16,72,60,67,Medium Risk
AP2024_3105,Manasa Patel,23A91A1236,manasa.patel107@apedu.ac.in,2nd Year,Information Technology,C,3,56.7,48,58,59,45,35,57,56,56,52,4,42,72,52,High Risk
AP2024_3106,Harika Naidu,23A91A0337,harika.naidu108@apedu.ac.in,2nd Year,Mechanical Engineering,D,3,51.1,64,42,57,58,63,56,55,49,57,16,53,66,52,High Risk
AP2024_3107,Swathi Sastry,24A91A1238,swathi.sastry109@apedu.ac.in,1st Year,Information Technology,B,2,82.7,61,50,31,31,63,63,94,66,44,23,92,58,88,Medium Risk
AP2024_3108,Varun Chary,21A91A4239,varun.chary110@apedu.ac.in,4th Year,CSE (AI & ML),A,7,76.8,46,47,57,28,57,60,69,58,34,18,84,63,76,Medium Risk
AP2024_3109,Charan Raju,22A91A0240,charan.raju111@apedu.ac.in,3rd Year,EEE,A,6,78.5,77,82,85,71,61,72,79,78,73,21,79,69,78,Low Risk
AP2024_3110,Sravani Varma,24A91A0141,sravani.varma112@apedu.ac.in,1st Year,Civil Engineering,B,2,83.6,53,72,57,66,54,61,80,54,62,20,86,75,83,Medium Risk
AP2024_3111,Rohit Bhatt,22A91A4242,rohit.bhatt113@apedu.ac.in,3rd Year,CSE (AI & ML),D,5,68.5,65,64,57,54,45,52,67,53,45,14,62,53,66,Medium Risk
AP2024_3112,Nikhil Patel,22A91A0543,nikhil.patel114@apedu.ac.in,3rd Year,CSE,B,6,78.0,79,49,63,42,72,60,89,73,52,16,80,74,81,Medium Risk
AP2024_3113,Pooja Somayajulu,22A91A1244,pooja.somayajulu115@apedu.ac.in,3rd Year,Information Technology,B,6,66.7,31,36,32,21,48,65,64,46,29,17,56,49,62,High Risk
AP2024_3114,Aditya Patel,21A91A1245,aditya.patel116@apedu.ac.in,4th Year,Information Technology,C,7,76.5,75,75,76,68,80,59,63,76,73,20,62,91,68,Low Risk
AP2024_3115,Charan Sharma,22A91A0546,charan.sharma117@apedu.ac.in,3rd Year,CSE,B,6,38.0,50,46,58,56,49,39,31,54,58,6,36,66,35,High Risk
AP2024_3116,Suresh Yadav,21A91A0147,suresh.yadav118@apedu.ac.in,4th Year,Civil Engineering,D,8,78.3,85,74,75,59,79,67,75,81,71,19,73,86,75,Low Risk
AP2024_3117,Ananya Mishra,24A91A0548,ananya.mishra119@apedu.ac.in,1st Year,CSE,D,2,51.8,77,50,68,61,71,68,59,57,54,16,61,73,56,High Risk
AP2024_3118,Karthik Mishra,22A91A0249,karthik.mishra120@apedu.ac.in,3rd Year,EEE,C,6,79.5,64,53,53,42,63,56,69,64,61,18,76,68,75,Medium Risk
AP2024_3119,Pooja Naidu,24A91A4450,pooja.naidu121@apedu.ac.in,1st Year,CSE (Data Science),A,1,93.8,62,78,84,66,63,72,90,69,63,19,83,67,89,Low Risk
AP2024_3120,Naresh Babu,23A91A0151,naresh.babu122@apedu.ac.in,2nd Year,Civil Engineering,C,3,54.2,43,38,49,59,40,52,50,59,50,9,44,46,49,High Risk
AP2024_3121,Mahesh Babu,23A91A4252,mahesh.babu123@apedu.ac.in,2nd Year,CSE (AI & ML),B,4,58.8,50,57,55,51,61,56,65,70,59,14,75,63,65,Medium Risk
AP2024_3122,Naresh Patel,21A91A0553,naresh.patel124@apedu.ac.in,4th Year,CSE,D,8,54.7,38,33,47,55,45,60,56,48,49,15,52,55,54,High Risk
AP2024_3123,Naresh Gupta,24A91A0554,naresh.gupta125@apedu.ac.in,1st Year,CSE,A,2,73.1,89,44,56,42,54,70,64,70,56,18,65,67,67,Medium Risk
AP2024_3124,Pranavi Patel,21A91A0255,pranavi.patel126@apedu.ac.in,4th Year,EEE,B,7,75.5,88,48,55,51,75,70,71,73,48,18,78,77,74,Low Risk
AP2024_3125,Swathi Kulkarni,22A91A0456,swathi.kulkarni127@apedu.ac.in,3rd Year,ECE,C,6,77.2,72,59,47,37,52,69,72,67,46,17,79,70,76,Medium Risk
AP2024_3126,Naresh Varma,23A91A0457,naresh.varma128@apedu.ac.in,2nd Year,ECE,C,3,58.8,78,74,72,66,70,78,64,84,63,15,69,90,63,Medium Risk
AP2024_3127,Aditya Chowdary,24A91A4458,aditya.chowdary129@apedu.ac.in,1st Year,CSE (Data Science),C,1,53.6,45,27,48,57,60,54,61,48,38,19,60,47,57,High Risk
AP2024_3128,Pooja Patel,22A91A0459,pooja.patel130@apedu.ac.in,3rd Year,ECE,B,5,69.1,90,74,86,84,77,70,72,68,77,18,54,83,65,Medium Risk
AP2024_3129,Pavan Goud,21A91A0460,pavan.goud131@apedu.ac.in,4th Year,ECE,B,8,67.2,74,59,70,73,64,72,81,67,62,20,69,72,71,Medium Risk
AP2024_3130,Keerthi Reddy,23A91A4261,keerthi.reddy132@apedu.ac.in,2nd Year,CSE (AI & ML),D,4,78.3,70,69,100,99,86,81,73,98,80,19,76,89,76,Low Risk
AP2024_3131,Venkata Babu,23A91A0562,venkata.babu133@apedu.ac.in,2nd Year,CSE,D,4,65.1,67,55,68,64,61,47,76,60,62,18,63,65,67,Medium Risk
AP2024_3132,Lavanya Prasad,23A91A0163,lavanya.prasad134@apedu.ac.in,2nd Year,Civil Engineering,A,3,80.8,72,70,60,45,58,58,81,64,55,21,78,61,80,Medium Risk
AP2024_3133,Rahul Goud,24A91A0464,rahul.goud135@apedu.ac.in,1st Year,ECE,A,1,38.0,57,60,56,47,67,60,35,54,62,11,25,57,33,High Risk
AP2024_3134,Ravi Chary,22A91A0165,ravi.chary136@apedu.ac.in,3rd Year,Civil Engineering,B,6,72.8,88,77,82,65,63,79,65,72,70,13,45,86,62,Medium Risk
AP2024_3135,Manoj Naidu,22A91A0266,manoj.naidu137@apedu.ac.in,3rd Year,EEE,A,6,59.4,68,56,65,46,67,61,52,53,56,11,45,56,52,High Risk
AP2024_3136,Mahesh Reddy,24A91A0167,mahesh.reddy138@apedu.ac.in,1st Year,Civil Engineering,D,2,70.2,64,46,58,53,45,55,63,69,43,12,62,59,65,Medium Risk
AP2024_3137,Harika Kumar,22A91A4268,harika.kumar139@apedu.ac.in,3rd Year,CSE (AI & ML),D,6,47.5,57,62,81,71,69,60,51,57,58,9,39,58,45,High Risk
AP2024_3138,Pavan Verma,24A91A1269,pavan.verma140@apedu.ac.in,1st Year,Information Technology,A,2,74.6,66,63,57,35,63,69,76,65,58,17,66,60,72,Medium Risk
AP2024_3139,Varun Yadav,22A91A4470,varun.yadav141@apedu.ac.in,3rd Year,CSE (Data Science),B,5,68.5,44,56,73,66,75,69,85,67,56,18,88,73,79,Medium Risk
AP2024_3140,Aditya Bhatt,24A91A4471,aditya.bhatt142@apedu.ac.in,1st Year,CSE (Data Science),B,1,90.3,76,71,71,67,66,71,78,73,55,17,81,78,83,Low Risk
AP2024_3141,Sravani Rao,24A91A0272,sravani.rao143@apedu.ac.in,1st Year,EEE,C,1,89.3,57,55,62,54,66,62,83,60,63,23,85,70,86,Medium Risk
AP2024_3142,Gayatri Murthy,23A91A4473,gayatri.murthy144@apedu.ac.in,2nd Year,CSE (Data Science),B,4,54.1,43,59,40,30,55,50,55,59,42,13,44,60,51,High Risk
AP2024_3143,Akhil Varma,23A91A4274,akhil.varma145@apedu.ac.in,2nd Year,CSE (AI & ML),B,4,79.0,64,54,54,42,58,48,83,67,48,20,70,58,77,Medium Risk
AP2024_3144,Venkata Sastry,23A91A0175,venkata.sastry146@apedu.ac.in,2nd Year,Civil Engineering,C,4,89.0,72,55,65,58,54,82,85,68,59,24,85,61,86,Low Risk
AP2024_3145,Kavya Chary,22A91A0576,kavya.chary147@apedu.ac.in,3rd Year,CSE,C,5,55.8,49,50,20,31,45,39,53,50,32,10,62,49,56,High Risk
AP2024_3146,Venkata Sastry,24A91A0177,venkata.sastry148@apedu.ac.in,1st Year,Civil Engineering,A,1,64.1,87,70,65,67,66,76,71,69,60,20,75,84,69,Medium Risk
AP2024_3147,Chaitanya Prasad,23A91A4278,chaitanya.prasad149@apedu.ac.in,2nd Year,CSE (AI & ML),A,3,74.6,47,74,47,41,45,73,77,64,43,15,69,64,73,Medium Risk
AP2024_3148,Keerthi Verma,24A91A4279,keerthi.verma150@apedu.ac.in,1st Year,CSE (AI & ML),A,2,51.6,58,56,60,49,56,67,55,54,60,15,48,67,51,High Risk
AP2024_3149,Sravani Babu,21A91A4480,sravani.babu151@apedu.ac.in,4th Year,CSE (Data Science),A,8,57.7,57,55,70,71,56,63,59,61,56,16,49,65,55,High Risk
AP2024_3150,Pavan Sastry,21A91A4481,pavan.sastry152@apedu.ac.in,4th Year,CSE (Data Science),C,8,73.7,59,68,33,44,40,39,68,52,52,14,63,60,68,Medium Risk
AP2024_3151,Chaitanya Kumar,24A91A1282,chaitanya.kumar153@apedu.ac.in,1st Year,Information Technology,B,2,94.2,54,58,75,66,61,52,94,59,52,23,95,66,94,Medium Risk
AP2024_3152,Divya Verma,23A91A0483,divya.verma154@apedu.ac.in,2nd Year,ECE,A,3,71.3,55,37,50,44,43,64,69,75,49,17,65,58,68,Medium Risk
AP2024_3153,Harika Somayajulu,21A91A4284,harika.somayajulu155@apedu.ac.in,4th Year,CSE (AI & ML),B,8,76.0,41,45,43,37,47,41,90,59,43,20,74,50,79,High Risk
AP2024_3154,Pranavi Raju,23A91A0385,pranavi.raju156@apedu.ac.in,2nd Year,Mechanical Engineering,D,4,83.4,51,66,62,54,63,48,79,57,45,22,82,65,81,Medium Risk
AP2024_3155,Swathi Mishra,22A91A0386,swathi.mishra157@apedu.ac.in,3rd Year,Mechanical Engineering,D,5,67.2,35,42,45,33,43,35,60,48,37,13,59,53,62,High Risk
AP2024_3156,Srikanth Kulkarni,23A91A0187,srikanth.kulkarni158@apedu.ac.in,2nd Year,Civil Engineering,A,3,67.8,44,64,68,42,58,58,61,61,46,11,60,60,63,Medium Risk
AP2024_3157,Bhavya Goud,24A91A0588,bhavya.goud159@apedu.ac.in,1st Year,CSE,B,1,82.7,43,40,58,49,64,57,71,61,47,16,65,61,73,Medium Risk
AP2024_3158,Sneha Prasad,22A91A1289,sneha.prasad160@apedu.ac.in,3rd Year,Information Technology,D,5,97.0,73,91,62,51,65,71,95,84,47,22,98,83,96,Low Risk
AP2024_3159,Keerthi Sharma,21A91A0490,keerthi.sharma161@apedu.ac.in,4th Year,ECE,D,8,91.7,72,40,80,77,76,73,86,65,77,23,88,65,88,Low Risk
AP2024_3160,Gayatri Raju,21A91A0201,gayatri.raju162@apedu.ac.in,4th Year,EEE,C,7,91.7,61,76,100,90,78,70,92,79,85,20,92,73,91,Low Risk
AP2024_3161,Charan Goud,22A91A1202,charan.goud163@apedu.ac.in,3rd Year,Information Technology,D,6,53.2,69,63,59,48,55,70,66,66,56,9,47,65,55,High Risk
AP2024_3162,Harika Kulkarni,22A91A4203,harika.kulkarni164@apedu.ac.in,3rd Year,CSE (AI & ML),C,6,74.3,59,54,49,40,54,55,63,61,48,13,73,68,70,Medium Risk
AP2024_3163,Ganesh Yadav,24A91A4204,ganesh.yadav165@apedu.ac.in,1st Year,CSE (AI & ML),B,1,74.9,59,76,70,61,58,63,67,64,51,17,65,69,69,Medium Risk
AP2024_3164,Mahesh Chowdary,24A91A4405,mahesh.chowdary166@apedu.ac.in,1st Year,CSE (Data Science),C,2,54.5,50,48,38,31,42,55,53,52,48,11,50,50,52,High Risk
AP2024_3165,Pavan Babu,21A91A4406,pavan.babu167@apedu.ac.in,4th Year,CSE (Data Science),D,7,54.4,65,66,59,37,56,58,56,49,47,14,61,60,56,High Risk
AP2024_3166,Sandhya Sharma,23A91A0507,sandhya.sharma168@apedu.ac.in,2nd Year,CSE,B,3,54.4,91,98,75,78,69,88,54,71,79,16,74,83,60,High Risk
AP2024_3167,Keerthi Mishra,23A91A0308,keerthi.mishra169@apedu.ac.in,2nd Year,Mechanical Engineering,B,3,67.2,61,41,60,48,76,75,77,63,58,21,76,78,72,Medium Risk
AP2024_3168,Akhil Goud,22A91A4209,akhil.goud170@apedu.ac.in,3rd Year,CSE (AI & ML),B,5,72.9,37,55,50,46,54,43,57,58,50,12,62,57,64,Medium Risk
AP2024_3169,Gayatri Verma,23A91A0410,gayatri.verma171@apedu.ac.in,2nd Year,ECE,C,4,78.5,46,49,57,35,54,43,70,43,55,18,68,50,72,Medium Risk
AP2024_3170,Ananya Prasad,22A91A0111,ananya.prasad172@apedu.ac.in,3rd Year,Civil Engineering,D,6,67.2,37,79,44,44,62,54,60,57,50,18,64,58,64,Medium Risk
AP2024_3171,Mahesh Patel,23A91A0512,mahesh.patel173@apedu.ac.in,2nd Year,CSE,A,4,64.8,50,64,37,46,49,54,56,67,40,16,56,55,59,Medium Risk
AP2024_3172,Kavya Somayajulu,22A91A4213,kavya.somayajulu174@apedu.ac.in,3rd Year,CSE (AI & ML),A,5,73.0,64,92,80,62,67,64,80,67,68,15,78,72,76,Low Risk
AP2024_3173,Deepika Varma,23A91A4414,deepika.varma175@apedu.ac.in,2nd Year,CSE (Data Science),B,4,75.4,70,73,78,81,83,64,71,70,63,18,66,78,71,Low Risk
AP2024_3174,Tarun Goud,21A91A0415,tarun.goud176@apedu.ac.in,4th Year,ECE,B,8,63.5,43,53,54,52,54,66,59,53,52,13,62,56,61,Medium Risk
AP2024_3175,Keerthi Naidu,23A91A4416,keerthi.naidu177@apedu.ac.in,2nd Year,CSE (Data Science),D,4,91.8,75,78,80,66,65,75,80,80,64,20,93,84,88,Low Risk
AP2024_3176,Suresh Bhatt,23A91A1217,suresh.bhatt178@apedu.ac.in,2nd Year,Information Technology,B,3,93.4,54,69,69,52,66,48,87,71,66,24,90,70,90,Medium Risk
AP2024_3177,Varun Patel,24A91A0218,varun.patel179@apedu.ac.in,1st Year,EEE,A,1,69.4,62,34,75,43,56,64,60,66,56,11,68,68,66,Medium Risk
AP2024_3178,Ramesh Sastry,23A91A0219,ramesh.sastry180@apedu.ac.in,2nd Year,EEE,A,4,63.7,68,54,59,59,63,59,61,66,62,13,56,67,60,Medium Risk
AP2024_3179,Chaitanya Chary,21A91A4220,chaitanya.chary181@apedu.ac.in,4th Year,CSE (AI & ML),C,7,59.1,68,59,51,49,60,61,62,62,60,17,65,60,61,Medium Risk
AP2024_3180,Varun Rao,21A91A4221,varun.rao182@apedu.ac.in,4th Year,CSE (AI & ML),D,8,56.6,79,72,69,54,77,56,61,62,75,16,48,74,55,High Risk
AP2024_3181,Ganesh Bhatt,23A91A0222,ganesh.bhatt183@apedu.ac.in,2nd Year,EEE,B,4,74.5,60,57,45,45,41,63,59,63,47,13,60,56,65,Medium Risk
AP2024_3182,Akhil Chowdary,24A91A0423,akhil.chowdary184@apedu.ac.in,1st Year,ECE,D,2,69.7,68,59,62,55,63,64,67,64,48,17,69,66,68,Medium Risk
AP2024_3183,Ganesh Murthy,24A91A0224,ganesh.murthy185@apedu.ac.in,1st Year,EEE,C,1,76.5,65,47,53,34,50,46,75,59,33,17,78,63,76,Medium Risk
AP2024_3184,Kavya Yadav,22A91A0225,kavya.yadav186@apedu.ac.in,3rd Year,EEE,C,6,86.1,74,64,51,53,35,51,75,52,44,17,61,68,75,Medium Risk
AP2024_3185,Rahul Reddy,24A91A0426,rahul.reddy187@apedu.ac.in,1st Year,ECE,D,2,64.3,82,67,59,63,67,65,68,82,63,16,75,74,68,Medium Risk
AP2024_3186,Pranavi Bhatt,21A91A4227,pranavi.bhatt188@apedu.ac.in,4th Year,CSE (AI & ML),D,8,69.3,48,58,44,38,52,43,74,64,50,16,70,62,70,Medium Risk
AP2024_3187,Yamini Chary,21A91A0528,yamini.chary189@apedu.ac.in,4th Year,CSE,A,8,57.4,78,61,72,62,54,59,64,75,55,16,69,58,62,High Risk
AP2024_3188,Swathi Yadav,24A91A4229,swathi.yadav190@apedu.ac.in,1st Year,CSE (AI & ML),B,1,99.5,72,69,65,70,89,82,93,76,66,26,89,84,94,Low Risk
AP2024_3189,Srikanth Bhatt,21A91A0530,srikanth.bhatt191@apedu.ac.in,4th Year,CSE,C,8,72.3,66,74,70,64,59,68,67,78,68,16,66,74,68,Low Risk
AP2024_3190,Lavanya Babu,24A91A0131,lavanya.babu192@apedu.ac.in,1st Year,Civil Engineering,A,2,68.7,57,54,56,35,48,59,65,65,42,17,70,61,67,Medium Risk
AP2024_3191,Manoj Bhatt,23A91A0332,manoj.bhatt193@apedu.ac.in,2nd Year,Mechanical Engineering,A,3,69.5,50,46,43,41,65,69,83,68,48,17,72,65,74,Medium Risk
AP2024_3192,Tejaswi Murthy,24A91A0233,tejaswi.murthy194@apedu.ac.in,1st Year,EEE,C,2,76.4,91,86,98,86,78,77,73,88,86,15,74,91,74,Low Risk
AP2024_3193,Keerthi Kumar,23A91A1234,keerthi.kumar195@apedu.ac.in,2nd Year,Information Technology,A,4,65.8,22,44,33,36,31,45,70,37,32,14,57,43,64,High Risk
AP2024_3194,Sireesha Babu,22A91A0435,sireesha.babu196@apedu.ac.in,3rd Year,ECE,C,5,47.2,76,71,75,64,67,52,47,64,59,14,38,71,44,High Risk
AP2024_3195,Tarun Kumar,23A91A4236,tarun.kumar197@apedu.ac.in,2nd Year,CSE (AI & ML),C,4,81.7,64,65,78,75,72,73,82,80,67,22,77,69,80,Low Risk
AP2024_3196,Keerthi Chary,23A91A0237,keerthi.chary198@apedu.ac.in,2nd Year,EEE,A,4,53.5,46,26,43,43,43,43,53,48,43,11,46,32,51,High Risk
AP2024_3197,Rahul Yadav,21A91A1238,rahul.yadav199@apedu.ac.in,4th Year,Information Technology,B,8,79.8,65,52,82,63,70,55,88,61,65,19,87,57,84,Low Risk
AP2024_3198,Manasa Sharma,22A91A0339,manasa.sharma200@apedu.ac.in,3rd Year,Mechanical Engineering,C,6,85.1,51,48,61,45,56,54,92,72,52,21,93,65,89,Medium Risk
AP2024_3199,Lavanya Kumar,23A91A0340,lavanya.kumar201@apedu.ac.in,2nd Year,Mechanical Engineering,A,3,78.6,50,37,53,58,44,62,63,71,44,15,53,60,66,Medium Risk
AP2024_3200,Suresh Sharma,22A91A4441,suresh.sharma202@apedu.ac.in,3rd Year,CSE (Data Science),D,6,74.1,46,57,53,27,63,66,65,50,51,17,73,64,71,Medium Risk
AP2024_3201,Gayatri Somayajulu,24A91A4242,gayatri.somayajulu203@apedu.ac.in,1st Year,CSE (AI & ML),A,1,86.2,70,57,55,47,46,44,89,57,53,23,90,62,88,Medium Risk
AP2024_3202,Ramesh Kulkarni,21A91A4443,ramesh.kulkarni204@apedu.ac.in,4th Year,CSE (Data Science),C,8,85.9,55,48,42,27,67,70,86,68,53,18,93,60,88,Medium Risk
AP2024_3203,Chaitanya Kumar,21A91A0144,chaitanya.kumar205@apedu.ac.in,4th Year,Civil Engineering,A,7,72.4,58,49,55,55,48,47,74,66,46,10,63,59,70,Medium Risk
AP2024_3204,Tejaswi Chary,24A91A0445,tejaswi.chary206@apedu.ac.in,1st Year,ECE,D,2,80.3,58,62,70,59,53,67,76,64,46,18,78,62,78,Medium Risk
AP2024_3205,Karthik Verma,23A91A0546,karthik.verma207@apedu.ac.in,2nd Year,CSE,D,4,91.4,84,79,65,61,75,89,81,82,66,19,89,72,87,Low Risk
AP2024_3206,Pranavi Somayajulu,23A91A0447,pranavi.somayajulu208@apedu.ac.in,2nd Year,ECE,D,3,71.9,85,66,85,71,69,67,75,78,64,19,87,83,77,Medium Risk
AP2024_3207,Manoj Varma,24A91A0448,manoj.varma209@apedu.ac.in,1st Year,ECE,A,2,83.6,52,52,55,53,57,58,85,69,61,22,87,65,85,Medium Risk
AP2024_3208,Gayatri Sastry,21A91A0449,gayatri.sastry210@apedu.ac.in,4th Year,ECE,D,8,48.3,77,68,48,29,65,64,46,70,64,13,60,68,51,High Risk
AP2024_3209,Aditya Mishra,21A91A0250,aditya.mishra211@apedu.ac.in,4th Year,EEE,C,8,50.7,76,69,72,63,66,61,50,58,62,12,53,67,51,High Risk
AP2024_3210,Kavya Murthy,22A91A0451,kavya.murthy212@apedu.ac.in,3rd Year,ECE,C,6,67.1,47,57,42,38,59,65,61,65,40,16,73,62,67,Medium Risk
AP2024_3211,Chaitanya Kumar,24A91A0352,chaitanya.kumar213@apedu.ac.in,1st Year,Mechanical Engineering,B,1,63.0,62,57,76,78,55,76,67,69,54,14,70,72,66,Medium Risk
AP2024_3212,Chaitanya Bhatt,23A91A1253,chaitanya.bhatt214@apedu.ac.in,2nd Year,Information Technology,C,3,39.3,51,47,52,62,51,52,38,53,43,8,43,59,40,High Risk
AP2024_3213,Harika Chary,23A91A0454,harika.chary215@apedu.ac.in,2nd Year,ECE,D,4,69.4,82,53,78,71,69,69,63,68,65,18,60,72,64,Medium Risk
AP2024_3214,Varun Bhatt,24A91A1255,varun.bhatt216@apedu.ac.in,1st Year,Information Technology,D,2,51.2,49,52,62,52,43,52,56,64,51,11,46,59,51,High Risk
AP2024_3215,Swathi Murthy,24A91A0556,swathi.murthy217@apedu.ac.in,1st Year,CSE,D,1,62.5,57,58,74,66,57,47,59,60,57,18,68,63,63,Medium Risk
AP2024_3216,Yamini Yadav,24A91A1257,yamini.yadav218@apedu.ac.in,1st Year,Information Technology,B,2,72.9,45,57,56,43,62,73,74,70,55,17,61,64,69,Medium Risk
AP2024_3217,Pooja Kulkarni,22A91A0258,pooja.kulkarni219@apedu.ac.in,3rd Year,EEE,C,5,62.7,85,60,52,56,65,48,61,83,60,19,62,75,61,Medium Risk
AP2024_3218,Venkata Somayajulu,21A91A4459,venkata.somayajulu220@apedu.ac.in,4th Year,CSE (Data Science),D,8,78.7,67,48,50,51,70,75,66,58,59,19,72,66,72,Medium Risk
AP2024_3219,Manoj Kulkarni,21A91A0260,manoj.kulkarni221@apedu.ac.in,4th Year,EEE,C,8,74.5,71,65,59,65,53,62,63,66,58,17,59,66,66,Medium Risk
AP2024_3220,Pranavi Bhatt,21A91A0361,pranavi.bhatt222@apedu.ac.in,4th Year,Mechanical Engineering,A,7,69.4,78,59,80,72,64,72,79,73,60,11,62,72,70,Medium Risk
AP2024_3221,Gayatri Rao,22A91A4262,gayatri.rao223@apedu.ac.in,3rd Year,CSE (AI & ML),A,5,69.1,44,50,54,50,46,51,58,69,47,18,65,55,64,Medium Risk
AP2024_3222,Akhil Murthy,23A91A0463,akhil.murthy224@apedu.ac.in,2nd Year,ECE,B,3,44.2,80,70,62,54,67,66,55,56,54,13,62,70,52,High Risk
AP2024_3223,Aditya Reddy,21A91A0364,aditya.reddy225@apedu.ac.in,4th Year,Mechanical Engineering,A,7,67.6,52,38,56,54,56,54,72,63,57,22,66,71,68,Medium Risk
AP2024_3224,Harika Prasad,21A91A0165,harika.prasad226@apedu.ac.in,4th Year,Civil Engineering,D,8,57.6,55,52,48,48,52,44,67,69,49,19,67,57,63,High Risk
AP2024_3225,Divya Patel,23A91A0266,divya.patel227@apedu.ac.in,2nd Year,EEE,C,3,77.3,56,66,56,34,54,67,77,66,37,22,82,60,78,Medium Risk
AP2024_3226,Aditya Somayajulu,21A91A1267,aditya.somayajulu228@apedu.ac.in,4th Year,Information Technology,A,8,63.8,55,49,43,44,44,58,60,56,47,14,47,49,57,High Risk
AP2024_3227,Aditya Raju,21A91A0468,aditya.raju229@apedu.ac.in,4th Year,ECE,C,7,61.5,51,57,69,66,51,66,59,68,45,16,60,56,60,Medium Risk
AP2024_3228,Rahul Patel,21A91A0269,rahul.patel230@apedu.ac.in,4th Year,EEE,A,7,86.8,91,70,93,82,64,89,89,78,74,23,91,86,88,Low Risk
AP2024_3229,Ramesh Rao,24A91A4270,ramesh.rao231@apedu.ac.in,1st Year,CSE (AI & ML),B,2,99.5,78,57,48,57,65,58,100,73,54,26,89,60,96,Medium Risk
AP2024_3230,Sai Mishra,24A91A0371,sai.mishra232@apedu.ac.in,1st Year,Mechanical Engineering,D,1,61.7,80,73,61,63,62,55,63,69,59,17,70,64,64,Medium Risk
AP2024_3231,Pavan Reddy,22A91A4472,pavan.reddy233@apedu.ac.in,3rd Year,CSE (Data Science),B,5,77.6,50,38,68,52,67,66,70,63,36,21,80,63,76,Medium Risk
AP2024_3232,Gayatri Sastry,23A91A0373,gayatri.sastry234@apedu.ac.in,2nd Year,Mechanical Engineering,A,3,73.0,58,34,68,69,47,52,67,70,46,17,76,60,72,Medium Risk
AP2024_3233,Rohit Chary,22A91A1274,rohit.chary235@apedu.ac.in,3rd Year,Information Technology,B,5,91.3,72,83,56,56,64,71,77,57,64,24,83,79,84,Low Risk
AP2024_3234,Sandhya Varma,21A91A0575,sandhya.varma236@apedu.ac.in,4th Year,CSE,A,7,72.4,65,65,80,69,66,68,74,61,60,17,68,64,71,Medium Risk
AP2024_3235,Pavan Gupta,24A91A4476,pavan.gupta237@apedu.ac.in,1st Year,CSE (Data Science),B,2,59.5,71,52,76,70,73,57,58,65,59,16,52,69,56,Medium Risk
AP2024_3236,Harika Sastry,23A91A0377,harika.sastry238@apedu.ac.in,2nd Year,Mechanical Engineering,D,3,68.6,57,42,60,50,37,55,67,62,47,16,63,61,66,Medium Risk
AP2024_3237,Yamini Prasad,21A91A4278,yamini.prasad239@apedu.ac.in,4th Year,CSE (AI & ML),C,7,56.7,50,52,59,57,55,52,54,59,66,12,53,53,54,High Risk
AP2024_3238,Nikhil Kumar,23A91A1279,nikhil.kumar240@apedu.ac.in,2nd Year,Information Technology,B,3,66.0,48,63,34,42,50,48,68,60,49,17,67,61,66,Medium Risk
AP2024_3239,Tarun Rao,22A91A1280,tarun.rao241@apedu.ac.in,3rd Year,Information Technology,A,5,74.5,63,50,58,45,48,39,63,49,50,14,73,49,70,Medium Risk
AP2024_3240,Akhil Naidu,22A91A0481,akhil.naidu242@apedu.ac.in,3rd Year,ECE,C,6,64.1,77,73,81,76,55,57,56,70,58,14,61,75,60,Medium Risk
AP2024_3241,Sireesha Varma,21A91A0282,sireesha.varma243@apedu.ac.in,4th Year,EEE,D,7,66.1,33,54,20,24,56,44,59,53,46,15,51,49,59,High Risk
AP2024_3242,Tarun Murthy,21A91A1283,tarun.murthy244@apedu.ac.in,4th Year,Information Technology,A,7,56.6,58,58,73,75,63,63,61,66,66,14,63,75,59,High Risk
AP2024_3243,Ravi Chowdary,22A91A0184,ravi.chowdary245@apedu.ac.in,3rd Year,Civil Engineering,C,6,68.6,58,82,80,57,63,55,55,66,66,12,68,74,64,Medium Risk
AP2024_3244,Ravi Gupta,24A91A0485,ravi.gupta246@apedu.ac.in,1st Year,ECE,A,1,61.9,58,49,53,38,44,42,74,69,49,14,61,57,65,Medium Risk
AP2024_3245,Pavan Bhatt,23A91A0586,pavan.bhatt247@apedu.ac.in,2nd Year,CSE,A,4,58.3,47,64,37,23,52,46,60,54,43,14,53,44,57,High Risk
AP2024_3246,Ananya Gupta,21A91A0387,ananya.gupta248@apedu.ac.in,4th Year,Mechanical Engineering,A,7,65.0,64,65,57,63,52,83,69,70,47,20,53,69,62,Medium Risk
AP2024_3247,Ganesh Mishra,23A91A0588,ganesh.mishra249@apedu.ac.in,2nd Year,CSE,B,4,72.2,77,73,76,59,62,75,64,75,60,15,61,66,66,Low Risk
AP2024_3248,Harika Babu,23A91A0389,harika.babu250@apedu.ac.in,2nd Year,Mechanical Engineering,A,3,50.3,54,58,68,64,49,56,35,47,43,12,52,54,46,High Risk
AP2024_3249,Manoj Sastry,23A91A0590,manoj.sastry251@apedu.ac.in,2nd Year,CSE,D,3,65.9,81,68,82,85,82,96,57,92,82,15,59,98,61,Medium Risk
AP2024_3250,Manoj Somayajulu,24A91A0501,manoj.somayajulu252@apedu.ac.in,1st Year,CSE,B,2,79.8,57,68,66,50,66,49,77,67,59,21,82,73,79,Medium Risk
AP2024_3251,Charan Goud,21A91A0302,charan.goud253@apedu.ac.in,4th Year,Mechanical Engineering,D,7,72.0,66,82,76,79,56,57,65,69,66,17,63,78,67,Medium Risk
AP2024_3252,Karthik Varma,23A91A0203,karthik.varma254@apedu.ac.in,2nd Year,EEE,D,3,72.1,60,51,58,56,65,68,73,74,46,18,69,69,71,Medium Risk
AP2024_3253,Naresh Somayajulu,22A91A0204,naresh.somayajulu255@apedu.ac.in,3rd Year,EEE,D,5,71.8,62,75,60,60,55,57,60,75,62,13,47,57,60,Medium Risk
AP2024_3254,Sai Murthy,21A91A0205,sai.murthy256@apedu.ac.in,4th Year,EEE,B,8,46.1,72,54,62,35,67,60,50,55,63,15,47,58,47,High Risk
AP2024_3255,Ravi Raju,24A91A0506,ravi.raju257@apedu.ac.in,1st Year,CSE,D,2,85.7,82,58,85,75,60,81,88,71,75,20,84,80,85,Low Risk
AP2024_3256,Divya Kulkarni,23A91A4207,divya.kulkarni258@apedu.ac.in,2nd Year,CSE (AI & ML),A,3,68.2,58,58,57,66,69,59,74,65,52,15,74,64,71,Medium Risk
AP2024_3257,Sneha Sastry,24A91A0308,sneha.sastry259@apedu.ac.in,1st Year,Mechanical Engineering,B,1,70.6,80,80,80,76,79,76,75,80,71,18,66,87,70,Medium Risk
AP2024_3258,Kavya Kulkarni,21A91A0209,kavya.kulkarni260@apedu.ac.in,4th Year,EEE,C,8,72.4,71,48,57,45,67,79,79,58,58,19,77,60,75,Medium Risk
AP2024_3259,Naresh Raju,24A91A0110,naresh.raju261@apedu.ac.in,1st Year,Civil Engineering,B,1,75.4,63,52,80,71,54,59,71,78,67,17,78,75,74,Low Risk
AP2024_3260,Rahul Joshi,21A91A4411,rahul.joshi262@apedu.ac.in,4th Year,CSE (Data Science),A,7,90.1,77,62,71,58,65,74,89,65,49,21,93,69,90,Low Risk
AP2024_3261,Sravani Sastry,24A91A0412,sravani.sastry263@apedu.ac.in,1st Year,ECE,A,1,69.6,89,85,70,65,68,61,67,86,71,17,59,79,65,Medium Risk
AP2024_3262,Manasa Goud,24A91A0413,manasa.goud264@apedu.ac.in,1st Year,ECE,D,1,72.3,70,67,59,50,62,57,76,67,53,18,59,81,69,Medium Risk
AP2024_3263,Gayatri Kumar,21A91A1214,gayatri.kumar265@apedu.ac.in,4th Year,Information Technology,A,7,98.1,39,33,46,32,40,52,89,57,34,24,91,52,93,High Risk
AP2024_3264,Sandhya Sharma,23A91A0515,sandhya.sharma266@apedu.ac.in,2nd Year,CSE,A,4,68.3,80,98,79,63,58,81,62,74,85,14,67,89,66,Medium Risk
AP2024_3265,Rohit Patel,22A91A0316,rohit.patel267@apedu.ac.in,3rd Year,Mechanical Engineering,D,5,63.9,61,50,57,60,44,58,68,70,48,17,70,65,66,Medium Risk
AP2024_3266,Bhavya Yadav,24A91A0117,bhavya.yadav268@apedu.ac.in,1st Year,Civil Engineering,B,2,58.1,57,37,43,49,38,58,67,52,35,17,60,57,61,High Risk
AP2024_3267,Tejaswi Mishra,24A91A4418,tejaswi.mishra269@apedu.ac.in,1st Year,CSE (Data Science),B,1,80.8,67,54,72,49,45,54,69,52,64,18,73,64,74,Medium Risk
AP2024_3268,Charan Kulkarni,21A91A1219,charan.kulkarni270@apedu.ac.in,4th Year,Information Technology,A,7,59.1,43,67,56,38,53,59,52,57,51,7,51,58,54,High Risk
AP2024_3269,Nikhil Chary,22A91A4420,nikhil.chary271@apedu.ac.in,3rd Year,CSE (Data Science),C,5,85.3,57,47,42,26,49,61,86,64,32,22,87,54,86,Medium Risk
AP2024_3270,Ananya Chowdary,24A91A0521,ananya.chowdary272@apedu.ac.in,1st Year,CSE,B,2,61.6,39,50,43,51,47,39,53,55,50,17,52,62,56,High Risk
AP2024_3271,Sireesha Kumar,24A91A4222,sireesha.kumar273@apedu.ac.in,1st Year,CSE (AI & ML),B,1,53.2,55,55,88,83,54,77,57,67,58,12,52,70,53,High Risk
AP2024_3272,Sai Prasad,24A91A0123,sai.prasad274@apedu.ac.in,1st Year,Civil Engineering,A,1,57.2,56,60,39,52,41,70,62,54,40,13,60,66,59,High Risk
AP2024_3273,Pranavi Yadav,24A91A0524,pranavi.yadav275@apedu.ac.in,1st Year,CSE,D,1,56.3,63,52,51,36,50,46,52,54,45,16,54,67,54,High Risk
AP2024_3274,Naresh Yadav,21A91A0125,naresh.yadav276@apedu.ac.in,4th Year,Civil Engineering,D,8,99.5,85,70,81,76,67,82,87,84,70,22,90,85,92,Low Risk
AP2024_3275,Nikhil Kulkarni,21A91A0326,nikhil.kulkarni277@apedu.ac.in,4th Year,Mechanical Engineering,D,8,72.2,52,45,56,53,49,78,68,58,46,19,72,52,70,Medium Risk
AP2024_3276,Sravani Varma,21A91A0427,sravani.varma278@apedu.ac.in,4th Year,ECE,B,8,49.2,60,47,51,70,32,38,36,62,45,8,39,57,42,High Risk
AP2024_3277,Tejaswi Yadav,23A91A0228,tejaswi.yadav279@apedu.ac.in,2nd Year,EEE,B,4,72.6,64,88,74,72,67,56,73,75,68,19,71,74,72,Medium Risk
AP2024_3278,Srikanth Reddy,21A91A4429,srikanth.reddy280@apedu.ac.in,4th Year,CSE (Data Science),A,8,85.4,75,77,75,63,75,75,88,74,55,20,87,78,86,Low Risk
AP2024_3279,Mahesh Murthy,23A91A4430,mahesh.murthy281@apedu.ac.in,2nd Year,CSE (Data Science),C,4,67.0,65,72,66,77,67,65,55,67,59,17,65,74,62,Medium Risk
AP2024_3280,Manoj Prasad,21A91A1231,manoj.prasad282@apedu.ac.in,4th Year,Information Technology,D,8,66.3,61,77,54,59,55,59,47,66,60,12,53,61,56,Medium Risk
AP2024_3281,Lavanya Prasad,21A91A0332,lavanya.prasad283@apedu.ac.in,4th Year,Mechanical Engineering,C,8,69.0,68,79,74,74,56,70,67,75,64,18,66,71,67,Medium Risk
AP2024_3282,Tarun Varma,23A91A0433,tarun.varma284@apedu.ac.in,2nd Year,ECE,B,3,85.9,71,69,52,33,63,67,89,70,52,20,90,65,88,Medium Risk
AP2024_3283,Naresh Sharma,22A91A0134,naresh.sharma285@apedu.ac.in,3rd Year,Civil Engineering,C,6,63.5,52,57,72,54,58,79,74,64,59,17,75,75,70,Medium Risk
AP2024_3284,Pavan Sharma,21A91A1235,pavan.sharma286@apedu.ac.in,4th Year,Information Technology,A,7,88.2,61,69,70,63,72,88,81,77,51,19,74,91,81,Low Risk
AP2024_3285,Chaitanya Yadav,21A91A0136,chaitanya.yadav287@apedu.ac.in,4th Year,Civil Engineering,A,8,80.5,59,67,69,53,65,60,77,66,55,22,81,61,79,Medium Risk
AP2024_3286,Bhavya Sharma,22A91A0137,bhavya.sharma288@apedu.ac.in,3rd Year,Civil Engineering,D,5,63.8,50,45,33,38,46,44,56,47,33,13,62,43,60,High Risk
AP2024_3287,Aditya Babu,24A91A0138,aditya.babu289@apedu.ac.in,1st Year,Civil Engineering,B,1,73.3,76,61,56,52,45,72,73,55,51,16,71,61,72,Medium Risk
AP2024_3288,Varun Kulkarni,23A91A0439,varun.kulkarni290@apedu.ac.in,2nd Year,ECE,B,4,93.8,64,52,66,71,68,69,100,71,67,26,86,76,93,Low Risk
AP2024_3289,Deepika Patel,21A91A4440,deepika.patel291@apedu.ac.in,4th Year,CSE (Data Science),D,7,64.7,73,53,78,61,79,48,48,63,63,12,58,65,57,Medium Risk
AP2024_3290,Sireesha Chary,24A91A4241,sireesha.chary292@apedu.ac.in,1st Year,CSE (AI & ML),A,1,68.9,58,76,77,68,51,64,73,63,65,17,64,74,68,Medium Risk
AP2024_3291,Venkata Reddy,24A91A4242,venkata.reddy293@apedu.ac.in,1st Year,CSE (AI & ML),C,2,68.3,63,60,60,47,62,63,60,54,47,15,60,59,63,Medium Risk
AP2024_3292,Keerthi Sharma,23A91A0243,keerthi.sharma294@apedu.ac.in,2nd Year,EEE,A,3,79.1,49,60,61,55,51,52,80,61,53,19,72,59,77,Medium Risk
AP2024_3293,Srikanth Chary,22A91A1244,srikanth.chary295@apedu.ac.in,3rd Year,Information Technology,C,6,83.5,83,74,73,59,58,64,75,75,59,17,77,70,79,Low Risk
AP2024_3294,Aditya Gupta,22A91A4445,aditya.gupta296@apedu.ac.in,3rd Year,CSE (Data Science),B,5,72.5,52,71,69,69,72,76,70,67,70,15,61,66,68,Low Risk
AP2024_3295,Sneha Murthy,24A91A4446,sneha.murthy297@apedu.ac.in,1st Year,CSE (Data Science),D,2,66.2,55,46,72,61,54,60,68,63,53,14,64,66,66,Medium Risk
AP2024_3296,Varun Somayajulu,23A91A4447,varun.somayajulu298@apedu.ac.in,2nd Year,CSE (Data Science),D,3,79.9,72,62,65,63,68,70,71,61,65,15,71,68,74,Low Risk
AP2024_3297,Harika Rao,23A91A1248,harika.rao299@apedu.ac.in,2nd Year,Information Technology,D,4,85.4,59,45,68,48,48,66,85,63,49,21,86,70,85,Medium Risk
AP2024_3298,Sravani Goud,24A91A1249,sravani.goud300@apedu.ac.in,1st Year,Information Technology,B,2,71.0,63,70,45,65,44,50,63,64,51,16,53,59,63,Medium Risk
AP2024_3299,Lavanya Reddy,21A91A0350,lavanya.reddy301@apedu.ac.in,4th Year,Mechanical Engineering,A,8,99.5,86,84,73,73,89,89,100,82,66,23,98,87,99,Low Risk
AP2024_3300,Srikanth Naidu,23A91A0251,srikanth.naidu302@apedu.ac.in,2nd Year,EEE,D,3,93.1,61,41,67,46,62,73,85,74,53,18,82,75,87,Medium Risk
AP2024_3301,Rohit Chowdary,23A91A0252,rohit.chowdary303@apedu.ac.in,2nd Year,EEE,A,4,84.5,59,48,48,49,60,67,83,64,48,25,74,59,80,Medium Risk
AP2024_3302,Keerthi Chary,21A91A0153,keerthi.chary304@apedu.ac.in,4th Year,Civil Engineering,B,7,78.2,56,53,62,68,57,73,80,69,57,19,80,68,79,Medium Risk
AP2024_3303,Srikanth Raju,23A91A0554,srikanth.raju305@apedu.ac.in,2nd Year,CSE,D,4,82.1,66,60,57,39,68,68,70,57,59,14,70,57,74,Medium Risk
AP2024_3304,Sireesha Goud,24A91A0255,sireesha.goud306@apedu.ac.in,1st Year,EEE,C,1,92.5,69,64,70,78,65,52,86,76,66,20,77,72,85,Low Risk
AP2024_3305,Lavanya Murthy,22A91A0256,lavanya.murthy307@apedu.ac.in,3rd Year,EEE,D,5,69.6,56,31,34,27,39,44,76,54,48,18,71,50,71,High Risk
AP2024_3306,Rahul Patel,24A91A0557,rahul.patel308@apedu.ac.in,1st Year,CSE,A,1,74.5,51,51,72,53,57,59,90,72,49,21,76,61,79,Medium Risk
AP2024_3307,Pavan Prasad,23A91A0158,pavan.prasad309@apedu.ac.in,2nd Year,Civil Engineering,D,4,63.2,79,53,65,59,59,78,58,56,58,11,59,67,60,Medium Risk
AP2024_3308,Karthik Somayajulu,22A91A0359,karthik.somayajulu310@apedu.ac.in,3rd Year,Mechanical Engineering,C,6,88.7,83,81,67,58,88,66,96,86,72,22,79,76,87,Low Risk
AP2024_3309,Sandhya Murthy,21A91A4460,sandhya.murthy311@apedu.ac.in,4th Year,CSE (Data Science),C,8,61.4,60,49,72,66,57,52,45,39,51,11,57,66,55,Medium Risk
AP2024_3310,Kavya Joshi,23A91A0261,kavya.joshi312@apedu.ac.in,2nd Year,EEE,C,4,56.4,56,49,51,39,40,54,57,55,42,11,58,50,57,High Risk
AP2024_3311,Rahul Babu,24A91A4262,rahul.babu313@apedu.ac.in,1st Year,CSE (AI & ML),A,2,38.0,79,52,76,67,73,62,53,61,60,7,29,62,39,High Risk
AP2024_3312,Divya Chowdary,23A91A4463,divya.chowdary314@apedu.ac.in,2nd Year,CSE (Data Science),C,3,69.6,73,68,67,67,63,60,67,72,70,20,72,71,69,Medium Risk
AP2024_3313,Pooja Varma,23A91A4264,pooja.varma315@apedu.ac.in,2nd Year,CSE (AI & ML),A,3,79.2,69,49,69,50,61,60,66,69,52,16,62,66,70,Medium Risk
AP2024_3314,Sai Patel,24A91A1265,sai.patel316@apedu.ac.in,1st Year,Information Technology,C,1,47.7,51,41,74,65,50,63,39,57,51,12,51,66,46,High Risk
AP2024_3315,Harika Chary,24A91A4466,harika.chary317@apedu.ac.in,1st Year,CSE (Data Science),B,1,62.9,48,53,71,54,49,53,62,67,55,14,56,63,60,Medium Risk
AP2024_3316,Rahul Goud,24A91A0567,rahul.goud318@apedu.ac.in,1st Year,CSE,D,1,84.7,66,43,46,32,73,56,90,60,42,19,86,70,86,Medium Risk
AP2024_3317,Pranavi Sharma,24A91A0168,pranavi.sharma319@apedu.ac.in,1st Year,Civil Engineering,C,1,73.0,69,78,73,69,51,77,79,71,63,21,76,76,75,Low Risk
AP2024_3318,Akhil Sharma,21A91A1269,akhil.sharma320@apedu.ac.in,4th Year,Information Technology,B,7,65.8,52,62,69,72,70,73,58,64,55,15,67,79,63,Medium Risk
AP2024_3319,Sravani Gupta,24A91A4470,sravani.gupta321@apedu.ac.in,1st Year,CSE (Data Science),A,2,57.4,76,80,84,52,73,70,76,81,65,17,65,83,65,High Risk
AP2024_3320,Rahul Goud,23A91A4471,rahul.goud322@apedu.ac.in,2nd Year,CSE (Data Science),B,4,60.9,64,69,64,63,66,56,57,64,59,18,63,72,60,Medium Risk
AP2024_3321,Suresh Somayajulu,24A91A4472,suresh.somayajulu323@apedu.ac.in,1st Year,CSE (Data Science),C,1,98.0,69,67,71,70,59,77,93,64,62,25,94,67,95,Low Risk
AP2024_3322,Pranavi Goud,21A91A0173,pranavi.goud324@apedu.ac.in,4th Year,Civil Engineering,C,8,53.7,55,55,62,53,41,54,54,52,48,12,54,61,53,High Risk
AP2024_3323,Manoj Murthy,22A91A0474,manoj.murthy325@apedu.ac.in,3rd Year,ECE,A,6,74.2,63,63,69,75,70,75,62,77,64,17,64,71,67,Medium Risk
AP2024_3324,Kavya Gupta,23A91A0575,kavya.gupta326@apedu.ac.in,2nd Year,CSE,A,3,69.1,60,58,59,54,68,62,54,57,53,12,51,62,59,Medium Risk
AP2024_3325,Ravi Kumar,24A91A4276,ravi.kumar327@apedu.ac.in,1st Year,CSE (AI & ML),D,2,71.1,62,68,51,66,57,54,73,53,51,16,73,50,72,Medium Risk
AP2024_3326,Sai Kulkarni,24A91A0377,sai.kulkarni328@apedu.ac.in,1st Year,Mechanical Engineering,A,2,72.7,65,54,49,47,63,64,81,51,48,19,79,64,77,Medium Risk
AP2024_3327,Naresh Raju,22A91A0378,naresh.raju329@apedu.ac.in,3rd Year,Mechanical Engineering,D,6,71.2,63,63,57,50,59,59,68,64,43,11,68,58,69,Medium Risk
AP2024_3328,Srikanth Sastry,22A91A0379,srikanth.sastry330@apedu.ac.in,3rd Year,Mechanical Engineering,B,6,88.9,53,69,70,66,65,70,72,77,61,17,85,76,82,Low Risk
AP2024_3329,Pranavi Bhatt,23A91A0380,pranavi.bhatt331@apedu.ac.in,2nd Year,Mechanical Engineering,D,3,88.0,65,61,59,54,65,61,72,62,55,16,68,60,77,Medium Risk
AP2024_3330,Mahesh Babu,22A91A1281,mahesh.babu332@apedu.ac.in,3rd Year,Information Technology,D,6,68.5,54,81,73,56,59,56,66,61,61,13,58,70,64,Medium Risk
AP2024_3331,Lavanya Varma,23A91A0182,lavanya.varma333@apedu.ac.in,2nd Year,Civil Engineering,A,4,49.1,59,56,59,58,59,57,44,65,63,11,44,57,46,High Risk
AP2024_3332,Divya Patel,21A91A0183,divya.patel334@apedu.ac.in,4th Year,Civil Engineering,C,7,81.3,60,64,78,74,59,64,84,72,54,20,82,67,82,Low Risk
AP2024_3333,Sai Murthy,23A91A4484,sai.murthy335@apedu.ac.in,2nd Year,CSE (Data Science),B,3,74.6,73,63,61,56,55,60,75,70,70,14,64,65,71,Medium Risk
AP2024_3334,Harika Reddy,21A91A4485,harika.reddy336@apedu.ac.in,4th Year,CSE (Data Science),C,8,77.7,52,47,66,59,62,71,80,66,49,18,74,58,77,Medium Risk
AP2024_3335,Charan Sharma,24A91A0186,charan.sharma337@apedu.ac.in,1st Year,Civil Engineering,B,2,65.9,53,37,49,54,56,61,70,53,42,19,63,59,66,High Risk
AP2024_3336,Pavan Joshi,22A91A0487,pavan.joshi338@apedu.ac.in,3rd Year,ECE,D,5,78.3,73,75,67,69,56,81,91,71,62,22,76,81,81,Low Risk
AP2024_3337,Ramesh Sastry,21A91A4488,ramesh.sastry339@apedu.ac.in,4th Year,CSE (Data Science),D,8,82.8,55,63,65,67,73,59,85,71,58,21,91,69,85,Low Risk
AP2024_3338,Ananya Kumar,24A91A0389,ananya.kumar340@apedu.ac.in,1st Year,Mechanical Engineering,D,1,77.6,72,54,61,44,66,68,72,60,58,17,83,57,77,Medium Risk
AP2024_3339,Ramesh Gupta,23A91A1290,ramesh.gupta341@apedu.ac.in,2nd Year,Information Technology,B,3,54.7,55,58,54,51,46,45,60,57,46,16,44,59,53,High Risk
AP2024_3340,Deepika Sastry,24A91A4401,deepika.sastry342@apedu.ac.in,1st Year,CSE (Data Science),C,2,68.0,57,63,66,49,62,48,73,60,61,13,59,66,66,Medium Risk
AP2024_3341,Pavan Kulkarni,21A91A4402,pavan.kulkarni343@apedu.ac.in,4th Year,CSE (Data Science),C,7,80.8,57,51,45,38,49,61,81,64,45,20,77,62,79,Medium Risk
AP2024_3342,Charan Kumar,23A91A1203,charan.kumar344@apedu.ac.in,2nd Year,Information Technology,A,4,81.1,69,75,50,52,70,73,75,54,59,15,69,70,75,Low Risk
AP2024_3343,Venkata Babu,22A91A0404,venkata.babu345@apedu.ac.in,3rd Year,ECE,B,6,67.4,61,53,47,42,56,37,76,61,48,22,73,51,71,Medium Risk
AP2024_3344,Sireesha Somayajulu,23A91A1205,sireesha.somayajulu346@apedu.ac.in,2nd Year,Information Technology,C,4,80.9,77,78,66,69,72,67,86,80,56,17,96,76,86,Low Risk
AP2024_3345,Yamini Patel,22A91A4406,yamini.patel347@apedu.ac.in,3rd Year,CSE (Data Science),C,5,79.8,70,51,65,62,65,62,71,49,65,17,70,75,74,Low Risk
AP2024_3346,Naresh Verma,23A91A1207,naresh.verma348@apedu.ac.in,2nd Year,Information Technology,D,3,79.1,66,56,61,57,57,51,79,62,45,22,81,68,79,Medium Risk
AP2024_3347,Venkata Patel,24A91A4408,venkata.patel349@apedu.ac.in,1st Year,CSE (Data Science),C,2,82.1,75,85,71,64,69,67,77,71,64,19,69,74,76,Low Risk
AP2024_3348,Rahul Mishra,21A91A0209,rahul.mishra350@apedu.ac.in,4th Year,EEE,A,8,85.4,67,50,56,67,53,52,76,69,55,18,73,76,78,Medium Risk
AP2024_3349,Lavanya Prasad,23A91A4410,lavanya.prasad351@apedu.ac.in,2nd Year,CSE (Data Science),C,4,79.0,86,60,79,76,78,60,78,81,69,22,69,76,75,Low Risk
AP2024_3350,Ananya Sastry,23A91A0511,ananya.sastry352@apedu.ac.in,2nd Year,CSE,C,3,77.5,81,60,62,64,72,56,71,76,66,14,78,75,75,Low Risk
AP2024_3351,Keerthi Chary,21A91A0212,keerthi.chary353@apedu.ac.in,4th Year,EEE,C,7,87.1,48,55,76,59,57,59,84,67,55,20,77,58,83,Medium Risk
AP2024_3352,Ravi Patel,23A91A4213,ravi.patel354@apedu.ac.in,2nd Year,CSE (AI & ML),C,3,58.7,65,38,50,38,51,46,57,56,46,13,60,53,58,High Risk
AP2024_3353,Ananya Sharma,22A91A0114,ananya.sharma355@apedu.ac.in,3rd Year,Civil Engineering,D,5,82.9,84,86,86,86,74,87,93,89,84,23,87,75,87,Low Risk
AP2024_3354,Sai Gupta,22A91A4415,sai.gupta356@apedu.ac.in,3rd Year,CSE (Data Science),C,5,74.6,60,66,72,62,72,61,75,72,54,19,84,80,77,Low Risk
AP2024_3355,Venkata Reddy,21A91A0316,venkata.reddy357@apedu.ac.in,4th Year,Mechanical Engineering,D,7,66.1,80,58,65,65,53,64,56,65,55,11,67,68,63,Medium Risk
AP2024_3356,Rohit Babu,21A91A1217,rohit.babu358@apedu.ac.in,4th Year,Information Technology,C,7,48.3,56,66,76,51,59,60,50,56,52,14,54,66,50,High Risk
AP2024_3357,Harika Raju,21A91A0418,harika.raju359@apedu.ac.in,4th Year,ECE,D,8,71.7,71,47,54,57,56,65,63,66,52,20,72,60,69,Medium Risk
AP2024_3358,Tejaswi Goud,23A91A0519,tejaswi.goud360@apedu.ac.in,2nd Year,CSE,A,4,77.1,78,84,81,67,80,71,72,69,74,20,79,78,76,Low Risk
AP2024_3359,Ananya Patel,21A91A4420,ananya.patel361@apedu.ac.in,4th Year,CSE (Data Science),C,8,59.0,52,59,58,39,42,51,61,64,51,11,47,57,55,Medium Risk
AP2024_3360,Manasa Joshi,24A91A0321,manasa.joshi362@apedu.ac.in,1st Year,Mechanical Engineering,D,2,71.4,50,51,48,31,52,57,72,65,45,20,71,52,71,Medium Risk
AP2024_3361,Aditya Patel,24A91A0322,aditya.patel363@apedu.ac.in,1st Year,Mechanical Engineering,A,2,82.6,74,64,72,65,61,48,72,64,62,18,91,64,81,Low Risk
AP2024_3362,Sandhya Rao,23A91A4223,sandhya.rao364@apedu.ac.in,2nd Year,CSE (AI & ML),A,4,77.1,36,46,41,29,29,43,75,53,35,18,79,47,77,High Risk
AP2024_3363,Divya Varma,24A91A0424,divya.varma365@apedu.ac.in,1st Year,ECE,A,1,73.6,42,63,61,55,57,50,58,68,50,15,54,66,63,Medium Risk
AP2024_3364,Srikanth Kumar,22A91A0125,srikanth.kumar366@apedu.ac.in,3rd Year,Civil Engineering,C,5,73.5,50,54,67,58,61,52,68,53,59,17,77,61,72,Medium Risk
AP2024_3365,Pooja Sastry,21A91A0126,pooja.sastry367@apedu.ac.in,4th Year,Civil Engineering,D,7,78.1,70,87,76,74,74,65,81,72,78,22,78,73,78,Low Risk
AP2024_3366,Rohit Joshi,24A91A1227,rohit.joshi368@apedu.ac.in,1st Year,Information Technology,B,1,80.6,61,62,44,48,50,66,89,59,43,23,78,55,82,Medium Risk
AP2024_3367,Suresh Raju,23A91A0528,suresh.raju369@apedu.ac.in,2nd Year,CSE,A,3,85.3,46,50,64,41,57,65,76,62,43,16,77,67,80,Medium Risk
AP2024_3368,Ananya Yadav,23A91A0529,ananya.yadav370@apedu.ac.in,2nd Year,CSE,A,4,69.0,68,57,53,62,67,51,71,64,62,18,74,67,71,Medium Risk
AP2024_3369,Pranavi Verma,23A91A0330,pranavi.verma371@apedu.ac.in,2nd Year,Mechanical Engineering,C,3,82.2,66,45,68,68,57,55,77,59,52,15,69,55,76,Medium Risk
AP2024_3370,Manasa Yadav,21A91A0231,manasa.yadav372@apedu.ac.in,4th Year,EEE,D,7,56.0,46,46,75,65,56,57,45,73,46,11,56,62,52,High Risk
AP2024_3371,Venkata Kulkarni,21A91A0532,venkata.kulkarni373@apedu.ac.in,4th Year,CSE,B,7,56.1,57,72,65,58,59,52,59,67,62,13,42,67,52,High Risk
AP2024_3372,Swathi Rao,23A91A1233,swathi.rao374@apedu.ac.in,2nd Year,Information Technology,A,3,69.5,66,54,73,68,81,56,70,77,68,18,69,74,69,Medium Risk
AP2024_3373,Keerthi Somayajulu,24A91A4434,keerthi.somayajulu375@apedu.ac.in,1st Year,CSE (Data Science),D,2,72.4,53,72,60,43,59,65,78,59,49,18,77,63,75,Medium Risk
AP2024_3374,Manoj Varma,24A91A0235,manoj.varma376@apedu.ac.in,1st Year,EEE,C,2,50.9,67,54,55,50,62,62,51,60,53,11,60,65,53,High Risk
AP2024_3375,Sandhya Prasad,23A91A0236,sandhya.prasad377@apedu.ac.in,2nd Year,EEE,C,3,53.0,62,65,59,44,56,52,63,58,60,20,60,65,58,High Risk
AP2024_3376,Bhavya Patel,22A91A4237,bhavya.patel378@apedu.ac.in,3rd Year,CSE (AI & ML),C,6,76.3,72,55,65,52,63,69,77,74,52,22,68,73,74,Low Risk
AP2024_3377,Lavanya Reddy,21A91A0438,lavanya.reddy379@apedu.ac.in,4th Year,ECE,B,8,86.5,71,73,65,51,49,60,87,70,59,20,82,71,85,Medium Risk
AP2024_3378,Suresh Rao,21A91A0439,suresh.rao380@apedu.ac.in,4th Year,ECE,B,7,74.5,63,54,64,56,57,72,61,71,44,16,70,71,69,Medium Risk
AP2024_3379,Naresh Gupta,23A91A0340,naresh.gupta381@apedu.ac.in,2nd Year,Mechanical Engineering,D,4,59.6,74,73,64,48,48,54,60,65,54,19,69,70,62,Medium Risk
AP2024_3380,Ananya Yadav,23A91A0441,ananya.yadav382@apedu.ac.in,2nd Year,ECE,A,4,71.3,42,50,43,24,44,57,70,45,36,16,78,50,72,High Risk
AP2024_3381,Pavan Reddy,23A91A0342,pavan.reddy383@apedu.ac.in,2nd Year,Mechanical Engineering,B,3,96.5,60,58,51,58,63,65,92,70,51,26,97,65,95,Medium Risk
AP2024_3382,Ravi Prasad,22A91A0143,ravi.prasad384@apedu.ac.in,3rd Year,Civil Engineering,B,6,56.4,50,46,62,56,57,41,49,53,43,12,65,61,56,High Risk
AP2024_3383,Ravi Sastry,22A91A4244,ravi.sastry385@apedu.ac.in,3rd Year,CSE (AI & ML),A,5,69.4,59,59,70,71,41,51,72,69,59,17,65,53,68,Medium Risk
AP2024_3384,Sai Reddy,24A91A0245,sai.reddy386@apedu.ac.in,1st Year,EEE,A,1,63.6,58,60,77,67,72,63,70,61,64,16,65,74,65,Medium Risk
AP2024_3385,Pavan Babu,21A91A4246,pavan.babu387@apedu.ac.in,4th Year,CSE (AI & ML),A,7,70.7,62,69,78,74,58,78,72,64,64,17,61,63,68,Medium Risk
AP2024_3386,Srikanth Sharma,23A91A0347,srikanth.sharma388@apedu.ac.in,2nd Year,Mechanical Engineering,A,4,77.6,79,68,62,71,59,68,84,74,59,16,77,75,79,Medium Risk
AP2024_3387,Varun Murthy,24A91A0548,varun.murthy389@apedu.ac.in,1st Year,CSE,A,2,79.3,62,65,54,50,58,69,83,67,54,19,79,62,80,Medium Risk
AP2024_3388,Pavan Varma,22A91A0449,pavan.varma390@apedu.ac.in,3rd Year,ECE,A,6,68.2,90,38,69,52,67,59,65,60,55,18,67,71,66,Medium Risk
AP2024_3389,Venkata Sastry,23A91A4250,venkata.sastry391@apedu.ac.in,2nd Year,CSE (AI & ML),A,3,71.7,48,58,45,37,54,66,79,58,45,20,78,56,75,Medium Risk
AP2024_3390,Nikhil Babu,22A91A0551,nikhil.babu392@apedu.ac.in,3rd Year,CSE,D,6,61.3,82,63,79,74,80,71,67,61,71,16,58,75,62,Medium Risk
AP2024_3391,Pooja Somayajulu,23A91A4252,pooja.somayajulu393@apedu.ac.in,2nd Year,CSE (AI & ML),D,3,65.7,89,81,97,88,70,62,71,79,79,17,51,81,62,Medium Risk
AP2024_3392,Manasa Reddy,24A91A0153,manasa.reddy394@apedu.ac.in,1st Year,Civil Engineering,D,2,97.0,66,76,64,62,71,60,100,69,59,24,98,72,98,Low Risk
AP2024_3393,Deepika Goud,24A91A4254,deepika.goud395@apedu.ac.in,1st Year,CSE (AI & ML),C,1,85.6,73,47,85,71,58,64,80,72,69,17,92,85,85,Low Risk
AP2024_3394,Tejaswi Sastry,23A91A0555,tejaswi.sastry396@apedu.ac.in,2nd Year,CSE,C,4,67.5,60,46,54,50,51,58,50,59,45,14,57,60,59,Medium Risk
AP2024_3395,Bhavya Verma,21A91A0556,bhavya.verma397@apedu.ac.in,4th Year,CSE,D,7,72.2,54,46,52,57,58,62,74,79,44,24,87,67,77,Medium Risk
AP2024_3396,Yamini Somayajulu,21A91A0557,yamini.somayajulu398@apedu.ac.in,4th Year,CSE,C,7,61.7,74,63,51,33,50,51,55,62,50,16,58,50,58,High Risk
AP2024_3397,Srikanth Naidu,22A91A1258,srikanth.naidu399@apedu.ac.in,3rd Year,Information Technology,B,6,80.2,49,54,72,75,56,61,64,60,56,19,68,68,71,Medium Risk
AP2024_3398,Srikanth Kulkarni,22A91A0359,srikanth.kulkarni400@apedu.ac.in,3rd Year,Mechanical Engineering,C,5,77.8,99,74,85,80,69,83,83,78,70,13,80,88,80,Low Risk
AP2024_3399,Deepika Goud,21A91A1260,deepika.goud401@apedu.ac.in,4th Year,Information Technology,C,8,62.6,61,48,56,40,58,54,57,49,42,18,69,42,62,Medium Risk
AP2024_3400,Tejaswi Varma,21A91A0361,tejaswi.varma402@apedu.ac.in,4th Year,Mechanical Engineering,D,8,62.8,64,34,35,39,43,46,54,56,42,14,54,54,57,High Risk
AP2024_3401,Rahul Chary,22A91A0362,rahul.chary403@apedu.ac.in,3rd Year,Mechanical Engineering,C,5,75.9,61,43,66,51,58,56,70,66,57,20,74,55,73,Medium Risk
AP2024_3402,Mahesh Babu,23A91A0363,mahesh.babu404@apedu.ac.in,2nd Year,Mechanical Engineering,B,3,50.3,57,55,67,58,63,56,52,57,67,15,45,51,49,High Risk
AP2024_3403,Ramesh Patel,23A91A0464,ramesh.patel405@apedu.ac.in,2nd Year,ECE,D,3,64.8,57,66,86,57,75,76,71,66,61,14,53,73,63,Medium Risk
AP2024_3404,Rahul Murthy,24A91A4265,rahul.murthy406@apedu.ac.in,1st Year,CSE (AI & ML),A,1,67.4,63,52,58,45,45,51,56,60,57,17,59,61,61,Medium Risk
AP2024_3405,Kavya Joshi,23A91A0366,kavya.joshi407@apedu.ac.in,2nd Year,Mechanical Engineering,D,3,77.8,84,76,72,76,66,69,74,66,71,17,79,82,77,Low Risk
AP2024_3406,Suresh Patel,22A91A0167,suresh.patel408@apedu.ac.in,3rd Year,Civil Engineering,B,6,83.8,66,70,74,71,70,76,93,81,66,22,81,78,85,Low Risk
AP2024_3407,Naresh Kumar,21A91A0468,naresh.kumar409@apedu.ac.in,4th Year,ECE,D,7,77.1,63,79,44,39,63,70,82,78,51,20,81,74,79,Medium Risk
AP2024_3408,Rohit Somayajulu,23A91A4269,rohit.somayajulu410@apedu.ac.in,2nd Year,CSE (AI & ML),D,3,82.1,99,96,100,69,78,90,90,89,86,19,65,91,79,Low Risk
AP2024_3409,Rohit Naidu,22A91A0170,rohit.naidu411@apedu.ac.in,3rd Year,Civil Engineering,C,5,80.5,56,56,54,54,58,60,86,51,49,24,79,63,81,Medium Risk
AP2024_3410,Manoj Joshi,24A91A0571,manoj.joshi412@apedu.ac.in,1st Year,CSE,A,1,66.6,83,54,74,83,65,79,64,68,68,19,65,68,65,Medium Risk
AP2024_3411,Venkata Gupta,24A91A4472,venkata.gupta413@apedu.ac.in,1st Year,CSE (Data Science),A,1,51.0,82,78,85,81,77,59,44,72,81,8,26,77,41,High Risk
AP2024_3412,Pooja Raju,21A91A0173,pooja.raju414@apedu.ac.in,4th Year,Civil Engineering,C,7,63.0,61,44,46,39,54,69,55,63,54,10,57,68,58,Medium Risk
AP2024_3413,Tarun Reddy,22A91A0174,tarun.reddy415@apedu.ac.in,3rd Year,Civil Engineering,C,6,71.8,61,58,63,52,61,59,83,60,58,22,78,59,77,Medium Risk
AP2024_3414,Manoj Gupta,21A91A0575,manoj.gupta416@apedu.ac.in,4th Year,CSE,D,8,71.9,50,51,33,26,36,57,66,44,46,20,74,50,70,High Risk
AP2024_3415,Karthik Sastry,22A91A0576,karthik.sastry417@apedu.ac.in,3rd Year,CSE,C,6,70.9,62,52,48,40,67,43,64,65,48,11,53,53,63,Medium Risk
AP2024_3416,Sravani Prasad,24A91A0377,sravani.prasad418@apedu.ac.in,1st Year,Mechanical Engineering,D,2,72.3,85,68,81,66,89,59,63,72,74,15,63,85,66,Low Risk
AP2024_3417,Venkata Prasad,24A91A4278,venkata.prasad419@apedu.ac.in,1st Year,CSE (AI & ML),D,2,87.4,76,61,74,48,52,55,87,59,56,23,87,73,87,Medium Risk
AP2024_3418,Kavya Joshi,24A91A0479,kavya.joshi420@apedu.ac.in,1st Year,ECE,A,1,84.0,64,54,74,76,61,72,82,81,50,19,79,74,81,Low Risk
AP2024_3419,Mahesh Prasad,22A91A1280,mahesh.prasad421@apedu.ac.in,3rd Year,Information Technology,A,5,66.4,94,82,70,58,65,79,71,74,76,21,71,82,69,Medium Risk
AP2024_3420,Sireesha Gupta,21A91A0181,sireesha.gupta422@apedu.ac.in,4th Year,Civil Engineering,A,7,77.2,53,57,82,63,58,68,71,61,55,14,62,59,70,Medium Risk
AP2024_3421,Sai Kulkarni,23A91A1282,sai.kulkarni423@apedu.ac.in,2nd Year,Information Technology,A,3,68.9,81,76,100,82,67,84,64,67,73,14,55,78,63,Medium Risk
AP2024_3422,Sandhya Goud,21A91A0183,sandhya.goud424@apedu.ac.in,4th Year,Civil Engineering,A,8,86.7,77,77,93,86,92,84,85,79,76,21,86,80,85,Low Risk
AP2024_3423,Kavya Bhatt,24A91A4484,kavya.bhatt425@apedu.ac.in,1st Year,CSE (Data Science),D,2,87.0,46,52,26,25,59,57,83,59,34,20,77,49,82,High Risk
AP2024_3424,Tejaswi Goud,24A91A0385,tejaswi.goud426@apedu.ac.in,1st Year,Mechanical Engineering,D,2,62.6,57,55,53,63,69,74,62,65,49,15,74,61,65,Medium Risk
AP2024_3425,Suresh Kulkarni,23A91A0486,suresh.kulkarni427@apedu.ac.in,2nd Year,ECE,D,3,73.0,48,65,67,43,68,65,72,81,56,15,74,77,73,Medium Risk
AP2024_3426,Ravi Verma,24A91A4487,ravi.verma428@apedu.ac.in,1st Year,CSE (Data Science),D,2,49.8,78,63,63,49,60,54,51,65,54,15,53,82,51,High Risk
AP2024_3427,Karthik Gupta,23A91A0388,karthik.gupta429@apedu.ac.in,2nd Year,Mechanical Engineering,D,3,70.5,74,64,69,68,81,78,64,68,72,16,82,88,71,Medium Risk
AP2024_3428,Pranavi Somayajulu,21A91A4289,pranavi.somayajulu430@apedu.ac.in,4th Year,CSE (AI & ML),B,7,48.7,71,79,76,64,67,53,56,73,67,10,51,74,51,High Risk
AP2024_3429,Divya Varma,24A91A1290,divya.varma431@apedu.ac.in,1st Year,Information Technology,C,2,79.7,54,60,62,47,48,51,69,67,51,22,70,56,73,Medium Risk
AP2024_3430,Ganesh Reddy,22A91A0101,ganesh.reddy432@apedu.ac.in,3rd Year,Civil Engineering,D,5,63.2,56,80,64,51,67,60,66,71,48,19,61,63,63,Medium Risk
AP2024_3431,Karthik Raju,21A91A4202,karthik.raju433@apedu.ac.in,4th Year,CSE (AI & ML),A,8,78.4,73,67,68,72,58,70,81,72,61,16,78,81,79,Low Risk
AP2024_3432,Rahul Raju,22A91A0103,rahul.raju434@apedu.ac.in,3rd Year,Civil Engineering,B,6,73.8,71,71,97,74,72,74,65,68,76,15,66,85,68,Low Risk
AP2024_3433,Divya Chowdary,24A91A4204,divya.chowdary435@apedu.ac.in,1st Year,CSE (AI & ML),B,1,65.5,52,39,71,64,48,60,57,52,54,17,76,56,66,Medium Risk
AP2024_3434,Bhavya Babu,22A91A1205,bhavya.babu436@apedu.ac.in,3rd Year,Information Technology,A,6,78.9,82,72,69,69,76,78,75,71,61,16,63,74,72,Low Risk
AP2024_3435,Aditya Bhatt,21A91A0506,aditya.bhatt437@apedu.ac.in,4th Year,CSE,B,7,89.0,77,51,69,75,72,86,82,93,61,24,88,76,86,Low Risk
AP2024_3436,Bhavya Varma,22A91A0107,bhavya.varma438@apedu.ac.in,3rd Year,Civil Engineering,A,5,66.6,76,47,57,45,62,58,66,62,59,13,61,71,64,Medium Risk
AP2024_3437,Srikanth Rao,24A91A0208,srikanth.rao439@apedu.ac.in,1st Year,EEE,A,1,76.1,65,41,64,51,58,71,71,59,48,17,60,67,69,Medium Risk
AP2024_3438,Pavan Varma,22A91A1209,pavan.varma440@apedu.ac.in,3rd Year,Information Technology,B,5,88.9,68,56,60,56,61,65,79,61,60,20,78,68,82,Medium Risk
AP2024_3439,Bhavya Kulkarni,21A91A1210,bhavya.kulkarni441@apedu.ac.in,4th Year,Information Technology,B,8,77.0,56,66,58,52,59,60,79,66,49,22,72,66,76,Medium Risk
AP2024_3440,Harika Goud,21A91A4411,harika.goud442@apedu.ac.in,4th Year,CSE (Data Science),B,7,58.3,76,74,73,65,69,73,48,81,62,16,53,85,53,Medium Risk
AP2024_3441,Sandhya Varma,24A91A4212,sandhya.varma443@apedu.ac.in,1st Year,CSE (AI & ML),B,2,67.1,73,73,56,48,56,72,66,61,57,18,55,65,63,Medium Risk
AP2024_3442,Nikhil Yadav,21A91A0413,nikhil.yadav444@apedu.ac.in,4th Year,ECE,C,8,60.4,67,60,76,60,64,66,67,77,57,18,57,69,61,Medium Risk
AP2024_3443,Deepika Rao,21A91A0314,deepika.rao445@apedu.ac.in,4th Year,Mechanical Engineering,D,7,71.8,74,65,62,59,55,60,67,81,53,16,68,74,69,Medium Risk
AP2024_3444,Venkata Sharma,22A91A1215,venkata.sharma446@apedu.ac.in,3rd Year,Information Technology,B,6,59.6,57,58,53,76,53,42,60,55,68,10,57,53,58,Medium Risk
AP2024_3445,Divya Sastry,21A91A0416,divya.sastry447@apedu.ac.in,4th Year,ECE,C,7,98.8,80,61,87,82,68,77,100,82,72,28,98,74,98,Low Risk
AP2024_3446,Ravi Naidu,21A91A0117,ravi.naidu448@apedu.ac.in,4th Year,Civil Engineering,A,7,93.9,51,44,35,38,49,61,84,57,46,20,72,49,84,Medium Risk
AP2024_3447,Yamini Naidu,23A91A0318,yamini.naidu449@apedu.ac.in,2nd Year,Mechanical Engineering,C,3,57.8,61,72,57,64,72,59,53,68,61,11,51,68,54,High Risk
AP2024_3448,Tarun Raju,21A91A0219,tarun.raju450@apedu.ac.in,4th Year,EEE,C,8,78.0,67,61,71,78,78,64,79,76,61,20,79,77,78,Low Risk
AP2024_3449,Pavan Sastry,21A91A4420,pavan.sastry451@apedu.ac.in,4th Year,CSE (Data Science),D,8,97.8,79,68,73,36,83,67,92,85,60,24,98,95,96,Low Risk
AP2024_3450,Charan Naidu,21A91A4221,charan.naidu452@apedu.ac.in,4th Year,CSE (AI & ML),C,8,92.8,75,72,96,81,84,77,92,86,76,24,88,93,91,Low Risk
AP2024_3451,Varun Raju,22A91A0322,varun.raju453@apedu.ac.in,3rd Year,Mechanical Engineering,C,5,56.8,40,52,76,64,45,57,53,56,57,11,62,59,57,High Risk
AP2024_3452,Nikhil Bhatt,23A91A0223,nikhil.bhatt454@apedu.ac.in,2nd Year,EEE,B,4,45.8,84,67,67,69,67,69,50,59,63,14,55,58,49,High Risk
AP2024_3453,Charan Mishra,21A91A0224,charan.mishra455@apedu.ac.in,4th Year,EEE,D,8,72.8,60,58,67,62,46,71,77,63,56,16,79,68,75,Medium Risk
AP2024_3454,Bhavya Chary,23A91A0425,bhavya.chary456@apedu.ac.in,2nd Year,ECE,C,4,68.1,39,36,39,41,34,57,60,49,47,16,72,58,66,High Risk
AP2024_3455,Chaitanya Joshi,22A91A1226,chaitanya.joshi457@apedu.ac.in,3rd Year,Information Technology,B,5,92.2,40,54,49,45,47,67,93,77,50,24,97,61,93,Medium Risk
AP2024_3456,Suresh Gupta,23A91A0327,suresh.gupta458@apedu.ac.in,2nd Year,Mechanical Engineering,B,3,64.6,97,65,80,50,77,59,72,86,60,22,63,82,66,Medium Risk
AP2024_3457,Ravi Kumar,23A91A1228,ravi.kumar459@apedu.ac.in,2nd Year,Information Technology,C,4,71.6,68,58,94,84,64,59,64,73,69,20,72,83,69,Medium Risk
AP2024_3458,Naresh Babu,22A91A0229,naresh.babu460@apedu.ac.in,3rd Year,EEE,A,5,73.3,74,55,80,87,67,66,63,72,57,14,54,67,64,Low Risk
AP2024_3459,Kavya Chowdary,21A91A0530,kavya.chowdary461@apedu.ac.in,4th Year,CSE,A,8,83.1,63,47,53,41,37,68,85,79,43,21,77,55,81,Medium Risk
AP2024_3460,Bhavya Raju,21A91A0231,bhavya.raju462@apedu.ac.in,4th Year,EEE,D,8,90.0,71,77,89,63,71,57,74,69,64,17,83,78,83,Low Risk
AP2024_3461,Bhavya Raju,24A91A1232,bhavya.raju463@apedu.ac.in,1st Year,Information Technology,A,2,73.1,78,67,64,62,69,66,73,70,66,14,68,71,71,Low Risk
AP2024_3462,Sravani Murthy,21A91A4233,sravani.murthy464@apedu.ac.in,4th Year,CSE (AI & ML),B,8,77.9,34,50,53,23,52,40,64,63,41,15,67,53,70,High Risk
AP2024_3463,Aditya Chowdary,22A91A0534,aditya.chowdary465@apedu.ac.in,3rd Year,CSE,A,5,64.4,45,54,70,61,63,55,69,68,64,20,61,62,64,Medium Risk
AP2024_3464,Varun Chowdary,22A91A4235,varun.chowdary466@apedu.ac.in,3rd Year,CSE (AI & ML),D,5,72.4,58,78,54,58,56,67,71,57,57,21,60,68,68,Medium Risk
AP2024_3465,Manoj Rao,24A91A4236,manoj.rao467@apedu.ac.in,1st Year,CSE (AI & ML),C,1,82.5,53,47,38,35,50,44,76,53,52,20,75,59,78,High Risk
AP2024_3466,Gayatri Raju,22A91A0437,gayatri.raju468@apedu.ac.in,3rd Year,ECE,B,6,95.5,93,68,66,65,75,87,87,82,66,23,91,78,91,Low Risk
AP2024_3467,Pranavi Chary,22A91A0438,pranavi.chary469@apedu.ac.in,3rd Year,ECE,B,6,63.7,71,75,73,68,57,58,68,66,62,16,59,65,63,Medium Risk
AP2024_3468,Venkata Joshi,22A91A4439,venkata.joshi470@apedu.ac.in,3rd Year,CSE (Data Science),D,5,87.4,63,58,68,67,59,66,79,73,56,20,79,76,82,Low Risk
AP2024_3469,Manoj Joshi,24A91A4240,manoj.joshi471@apedu.ac.in,1st Year,CSE (AI & ML),C,1,87.6,73,51,73,78,57,59,70,75,51,23,78,70,79,Low Risk
AP2024_3470,Ravi Chowdary,24A91A0141,ravi.chowdary472@apedu.ac.in,1st Year,Civil Engineering,B,1,52.9,71,55,83,59,63,63,59,60,45,15,63,62,57,High Risk
AP2024_3471,Nikhil Babu,23A91A0442,nikhil.babu473@apedu.ac.in,2nd Year,ECE,C,3,84.2,70,40,70,57,62,69,76,78,50,21,84,79,81,Medium Risk
AP2024_3472,Harika Reddy,23A91A0143,harika.reddy474@apedu.ac.in,2nd Year,Civil Engineering,D,4,59.9,54,51,49,48,52,55,65,60,41,17,57,59,60,Medium Risk
AP2024_3473,Lavanya Sharma,23A91A4244,lavanya.sharma475@apedu.ac.in,2nd Year,CSE (AI & ML),D,3,80.1,60,52,70,67,66,68,76,71,50,16,69,70,75,Medium Risk
AP2024_3474,Lavanya Babu,23A91A0145,lavanya.babu476@apedu.ac.in,2nd Year,Civil Engineering,A,4,80.0,43,83,68,72,54,78,69,65,57,16,70,62,73,Low Risk
AP2024_3475,Chaitanya Raju,23A91A0146,chaitanya.raju477@apedu.ac.in,2nd Year,Civil Engineering,C,4,66.4,74,71,84,72,66,68,61,71,71,17,61,74,63,Medium Risk
AP2024_3476,Sireesha Reddy,21A91A1247,sireesha.reddy478@apedu.ac.in,4th Year,Information Technology,B,8,70.6,64,72,71,76,56,66,73,77,70,17,64,68,69,Medium Risk
AP2024_3477,Srikanth Varma,24A91A4448,srikanth.varma479@apedu.ac.in,1st Year,CSE (Data Science),D,2,42.0,22,24,20,42,27,42,49,25,37,10,59,33,49,High Risk
AP2024_3478,Manoj Sharma,22A91A0149,manoj.sharma480@apedu.ac.in,3rd Year,Civil Engineering,C,6,66.1,88,67,85,74,66,82,56,85,77,15,70,78,64,Medium Risk
AP2024_3479,Nikhil Somayajulu,22A91A0150,nikhil.somayajulu481@apedu.ac.in,3rd Year,Civil Engineering,D,5,85.7,70,54,70,60,69,69,82,79,63,21,72,64,80,Low Risk
AP2024_3480,Venkata Kulkarni,23A91A1251,venkata.kulkarni482@apedu.ac.in,2nd Year,Information Technology,A,3,62.7,90,88,74,67,72,82,58,68,75,13,62,83,61,Medium Risk
AP2024_3481,Manasa Bhatt,22A91A0152,manasa.bhatt483@apedu.ac.in,3rd Year,Civil Engineering,A,6,60.6,77,59,67,65,69,67,48,60,53,15,55,72,55,Medium Risk
AP2024_3482,Ravi Murthy,21A91A4253,ravi.murthy484@apedu.ac.in,4th Year,CSE (AI & ML),D,8,94.5,79,58,49,45,57,67,83,78,50,23,94,72,90,Medium Risk
AP2024_3483,Kavya Kumar,23A91A0354,kavya.kumar485@apedu.ac.in,2nd Year,Mechanical Engineering,C,4,46.6,52,71,69,65,52,49,43,61,59,9,41,64,43,High Risk
AP2024_3484,Sravani Goud,23A91A0455,sravani.goud486@apedu.ac.in,2nd Year,ECE,A,3,72.0,73,65,66,51,59,63,58,66,52,16,72,61,67,Medium Risk
AP2024_3485,Manasa Kumar,24A91A4256,manasa.kumar487@apedu.ac.in,1st Year,CSE (AI & ML),B,1,62.1,63,49,67,49,61,48,58,70,59,13,64,66,61,Medium Risk
AP2024_3486,Rahul Chary,24A91A4257,rahul.chary488@apedu.ac.in,1st Year,CSE (AI & ML),C,2,65.8,70,70,47,57,61,63,65,63,54,14,66,64,65,Medium Risk
AP2024_3487,Lavanya Varma,22A91A0158,lavanya.varma489@apedu.ac.in,3rd Year,Civil Engineering,C,5,75.9,79,75,94,78,74,72,81,82,71,18,70,87,75,Low Risk
AP2024_3488,Aditya Verma,21A91A4459,aditya.verma490@apedu.ac.in,4th Year,CSE (Data Science),A,8,64.8,62,46,73,51,55,40,55,53,57,15,55,54,58,Medium Risk
AP2024_3489,Pranavi Naidu,24A91A0260,pranavi.naidu491@apedu.ac.in,1st Year,EEE,D,1,74.2,59,57,71,71,57,58,77,68,47,20,69,66,73,Low Risk
AP2024_3490,Ganesh Goud,23A91A0461,ganesh.goud492@apedu.ac.in,2nd Year,ECE,A,3,86.4,48,54,49,44,57,66,79,66,46,19,68,75,78,Medium Risk
AP2024_3491,Pooja Chowdary,22A91A4262,pooja.chowdary493@apedu.ac.in,3rd Year,CSE (AI & ML),D,5,91.3,88,88,77,68,81,88,90,82,79,21,97,78,92,Low Risk
AP2024_3492,Yamini Kumar,23A91A4463,yamini.kumar494@apedu.ac.in,2nd Year,CSE (Data Science),B,3,70.9,64,78,86,92,72,84,71,77,73,18,74,91,71,Medium Risk
AP2024_3493,Sai Patel,23A91A0564,sai.patel495@apedu.ac.in,2nd Year,CSE,A,4,71.3,74,63,82,71,58,82,68,68,67,18,75,78,71,Medium Risk
AP2024_3494,Tarun Varma,23A91A1265,tarun.varma496@apedu.ac.in,2nd Year,Information Technology,B,3,77.6,76,58,65,56,78,54,69,74,51,15,70,73,72,Low Risk
AP2024_3495,Divya Verma,22A91A1266,divya.verma497@apedu.ac.in,3rd Year,Information Technology,B,6,94.9,55,58,64,58,67,67,86,69,53,21,82,80,88,Medium Risk
AP2024_3496,Mahesh Goud,24A91A4467,mahesh.goud498@apedu.ac.in,1st Year,CSE (Data Science),A,1,88.8,74,61,66,69,68,61,72,87,56,23,85,73,82,Low Risk
AP2024_3497,Pooja Prasad,23A91A0268,pooja.prasad499@apedu.ac.in,2nd Year,EEE,D,3,89.7,54,51,49,56,42,63,77,69,55,23,74,56,81,Medium Risk
AP2024_3498,Akhil Sastry,21A91A1269,akhil.sastry500@apedu.ac.in,4th Year,Information Technology,C,8,64.7,78,83,85,77,79,74,76,73,74,22,86,89,74,Medium Risk
AP2024_3499,Ramesh Bhatt,21A91A0170,ramesh.bhatt501@apedu.ac.in,4th Year,Civil Engineering,B,8,84.9,66,63,66,58,70,62,72,67,62,21,68,74,75,Low Risk
AP2024_3500,Sandhya Sastry,23A91A0471,sandhya.sastry502@apedu.ac.in,2nd Year,ECE,A,3,64.5,59,58,71,61,44,42,58,54,58,11,67,58,63,Medium Risk
AP2024_3501,Ramesh Kumar,22A91A0172,ramesh.kumar503@apedu.ac.in,3rd Year,Civil Engineering,D,5,81.0,62,69,43,54,46,57,91,69,51,20,84,65,84,Medium Risk
AP2024_3502,Manasa Gupta,22A91A0373,manasa.gupta504@apedu.ac.in,3rd Year,Mechanical Engineering,D,5,81.8,60,71,67,51,64,81,79,76,57,21,90,78,83,Low Risk
AP2024_3503,Bhavya Reddy,23A91A4474,bhavya.reddy505@apedu.ac.in,2nd Year,CSE (Data Science),D,4,49.5,50,62,61,43,51,77,52,48,41,11,47,64,49,High Risk
AP2024_3504,Swathi Varma,22A91A0475,swathi.varma506@apedu.ac.in,3rd Year,ECE,B,6,99.5,73,56,73,79,63,73,96,72,65,23,98,64,98,Low Risk
AP2024_3505,Venkata Verma,21A91A1276,venkata.verma507@apedu.ac.in,4th Year,Information Technology,D,8,65.0,73,44,60,53,66,42,59,64,71,15,58,69,61,Medium Risk
AP2024_3506,Mahesh Somayajulu,21A91A0477,mahesh.somayajulu508@apedu.ac.in,4th Year,ECE,D,8,42.4,67,60,66,62,51,55,38,56,64,12,44,65,41,High Risk
AP2024_3507,Divya Murthy,24A91A4478,divya.murthy509@apedu.ac.in,1st Year,CSE (Data Science),A,1,59.6,70,67,66,46,68,53,67,68,47,15,63,71,62,Medium Risk
AP2024_3508,Tejaswi Kumar,24A91A1279,tejaswi.kumar510@apedu.ac.in,1st Year,Information Technology,D,2,63.6,78,79,72,76,68,61,56,79,74,16,63,76,61,Medium Risk
AP2024_3509,Ganesh Naidu,22A91A1280,ganesh.naidu511@apedu.ac.in,3rd Year,Information Technology,A,6,61.7,38,54,48,44,42,51,70,56,43,17,72,57,67,Medium Risk
AP2024_3510,Sravani Naidu,22A91A0481,sravani.naidu512@apedu.ac.in,3rd Year,ECE,C,6,84.7,45,61,52,38,58,35,79,59,60,16,63,49,76,Medium Risk
AP2024_3511,Sandhya Goud,24A91A4482,sandhya.goud513@apedu.ac.in,1st Year,CSE (Data Science),C,1,52.9,43,32,43,48,48,55,53,58,47,20,57,47,54,High Risk
AP2024_3512,Ananya Reddy,23A91A0583,ananya.reddy514@apedu.ac.in,2nd Year,CSE,D,4,51.9,72,55,47,41,52,50,50,63,52,11,49,65,50,High Risk
AP2024_3513,Tarun Patel,21A91A0384,tarun.patel515@apedu.ac.in,4th Year,Mechanical Engineering,C,8,79.7,93,86,81,79,88,72,78,82,82,19,81,91,79,Low Risk
AP2024_3514,Srikanth Rao,24A91A1285,srikanth.rao516@apedu.ac.in,1st Year,Information Technology,D,2,92.2,69,44,66,65,65,61,80,69,47,15,82,73,85,Medium Risk
AP2024_3515,Sandhya Rao,24A91A0186,sandhya.rao517@apedu.ac.in,1st Year,Civil Engineering,C,1,74.7,67,75,56,47,52,60,68,56,59,20,70,48,71,Medium Risk
AP2024_3516,Lavanya Yadav,22A91A4487,lavanya.yadav518@apedu.ac.in,3rd Year,CSE (Data Science),B,5,57.3,37,54,53,55,39,42,74,53,42,18,70,59,66,High Risk
AP2024_3517,Rahul Chary,21A91A0188,rahul.chary519@apedu.ac.in,4th Year,Civil Engineering,B,8,71.0,57,74,75,67,66,70,74,70,54,19,70,64,71,Medium Risk
AP2024_3518,Karthik Rao,22A91A4489,karthik.rao520@apedu.ac.in,3rd Year,CSE (Data Science),B,5,51.8,50,43,57,32,41,47,53,52,41,15,61,51,54,High Risk
AP2024_3519,Deepika Bhatt,23A91A4490,deepika.bhatt521@apedu.ac.in,2nd Year,CSE (Data Science),D,4,75.9,49,47,46,47,52,66,80,61,48,24,75,64,76,Medium Risk
AP2024_3520,Yamini Bhatt,22A91A0501,yamini.bhatt522@apedu.ac.in,3rd Year,CSE,A,5,67.7,74,44,68,59,66,60,68,68,62,23,74,78,69,Medium Risk
AP2024_3521,Sneha Rao,22A91A4202,sneha.rao523@apedu.ac.in,3rd Year,CSE (AI & ML),B,6,67.6,54,59,63,52,41,50,72,50,58,16,66,53,68,Medium Risk
AP2024_3522,Mahesh Goud,21A91A4203,mahesh.goud524@apedu.ac.in,4th Year,CSE (AI & ML),D,7,91.1,71,61,59,50,70,75,86,69,53,22,84,71,87,Low Risk
AP2024_3523,Charan Chary,22A91A0204,charan.chary525@apedu.ac.in,3rd Year,EEE,C,6,51.8,62,65,61,51,47,51,49,60,54,7,38,68,46,High Risk
AP2024_3524,Sireesha Mishra,23A91A0405,sireesha.mishra526@apedu.ac.in,2nd Year,ECE,B,4,63.3,63,59,68,65,62,64,59,64,54,13,52,61,58,Medium Risk
AP2024_3525,Venkata Murthy,21A91A0306,venkata.murthy527@apedu.ac.in,4th Year,Mechanical Engineering,C,8,77.2,56,41,71,70,67,55,69,60,59,14,68,72,71,Medium Risk
AP2024_3526,Ravi Prasad,24A91A0207,ravi.prasad528@apedu.ac.in,1st Year,EEE,A,2,96.9,52,56,55,46,65,61,87,62,51,21,87,66,90,Medium Risk
AP2024_3527,Rohit Joshi,23A91A0408,rohit.joshi529@apedu.ac.in,2nd Year,ECE,D,3,70.5,76,53,79,81,79,73,79,73,62,15,79,72,75,Medium Risk
AP2024_3528,Rohit Chowdary,22A91A0109,rohit.chowdary530@apedu.ac.in,3rd Year,Civil Engineering,D,6,75.8,58,63,64,63,59,58,75,62,62,19,61,65,71,Medium Risk
AP2024_3529,Naresh Patel,22A91A0410,naresh.patel531@apedu.ac.in,3rd Year,ECE,B,5,87.5,66,60,44,40,65,66,88,79,46,25,85,69,86,Medium Risk
AP2024_3530,Gayatri Sastry,24A91A0511,gayatri.sastry532@apedu.ac.in,1st Year,CSE,D,2,83.1,99,78,78,89,65,79,79,81,84,21,83,90,81,Low Risk
AP2024_3531,Tarun Murthy,23A91A1212,tarun.murthy533@apedu.ac.in,2nd Year,Information Technology,A,4,82.3,53,59,62,48,65,74,74,65,47,18,72,66,76,Medium Risk
AP2024_3532,Charan Kumar,24A91A0413,charan.kumar534@apedu.ac.in,1st Year,ECE,D,2,75.6,67,57,62,65,35,43,70,59,51,15,56,55,68,Medium Risk
AP2024_3533,Ravi Prasad,23A91A0114,ravi.prasad535@apedu.ac.in,2nd Year,Civil Engineering,B,4,89.7,82,74,80,72,64,64,81,77,71,21,88,81,86,Low Risk
AP2024_3534,Tejaswi Verma,23A91A4415,tejaswi.verma536@apedu.ac.in,2nd Year,CSE (Data Science),C,4,74.9,58,81,75,69,75,71,66,71,72,14,67,80,69,Low Risk
AP2024_3535,Swathi Prasad,24A91A4216,swathi.prasad537@apedu.ac.in,1st Year,CSE (AI & ML),A,1,69.2,61,50,49,36,48,56,67,57,54,17,61,47,66,Medium Risk
AP2024_3536,Sai Varma,21A91A4217,sai.varma538@apedu.ac.in,4th Year,CSE (AI & ML),B,8,84.7,64,39,87,60,70,52,84,65,55,19,82,64,83,Low Risk
AP2024_3537,Ananya Reddy,21A91A0518,ananya.reddy539@apedu.ac.in,4th Year,CSE,B,7,88.9,86,78,88,91,70,85,89,76,76,21,86,83,88,Low Risk
AP2024_3538,Tejaswi Kumar,22A91A0519,tejaswi.kumar540@apedu.ac.in,3rd Year,CSE,B,5,49.1,51,55,70,81,56,63,48,54,59,12,45,67,47,High Risk
AP2024_3539,Pavan Patel,24A91A4220,pavan.patel541@apedu.ac.in,1st Year,CSE (AI & ML),A,1,73.2,69,69,76,69,72,69,72,75,66,18,65,71,70,Low Risk
AP2024_3540,Gayatri Reddy,23A91A0121,gayatri.reddy542@apedu.ac.in,2nd Year,Civil Engineering,D,3,68.9,66,51,82,65,82,55,72,63,64,16,58,66,66,Medium Risk
AP2024_3541,Harika Raju,22A91A0222,harika.raju543@apedu.ac.in,3rd Year,EEE,B,5,70.3,31,53,70,45,59,48,67,46,43,14,76,50,71,Medium Risk
AP2024_3542,Pooja Babu,22A91A4223,pooja.babu544@apedu.ac.in,3rd Year,CSE (AI & ML),D,5,59.0,92,59,56,63,73,57,62,63,73,9,55,76,58,Medium Risk
AP2024_3543,Ramesh Verma,22A91A0124,ramesh.verma545@apedu.ac.in,3rd Year,Civil Engineering,C,5,83.3,62,60,69,57,80,74,81,78,64,21,76,83,80,Low Risk
AP2024_3544,Sneha Somayajulu,21A91A0325,sneha.somayajulu546@apedu.ac.in,4th Year,Mechanical Engineering,C,8,53.5,71,45,62,58,36,54,58,51,50,15,58,53,56,High Risk
AP2024_3545,Tejaswi Yadav,21A91A0426,tejaswi.yadav547@apedu.ac.in,4th Year,ECE,C,8,86.1,70,62,71,74,69,79,75,71,68,19,77,82,80,Low Risk
AP2024_3546,Sireesha Sharma,23A91A4427,sireesha.sharma548@apedu.ac.in,2nd Year,CSE (Data Science),B,4,69.7,60,65,74,66,64,71,74,74,61,19,61,70,68,Medium Risk
AP2024_3547,Karthik Naidu,24A91A4428,karthik.naidu549@apedu.ac.in,1st Year,CSE (Data Science),A,1,62.2,62,48,50,49,40,48,57,55,41,19,56,63,58,Medium Risk
AP2024_3548,Lavanya Varma,23A91A0229,lavanya.varma550@apedu.ac.in,2nd Year,EEE,C,3,72.9,36,42,39,24,38,46,66,48,29,19,63,46,67,High Risk
AP2024_3549,Sireesha Bhatt,23A91A0130,sireesha.bhatt551@apedu.ac.in,2nd Year,Civil Engineering,D,4,63.4,50,40,69,41,53,39,61,60,56,12,65,63,63,Medium Risk
AP2024_3550,Suresh Yadav,22A91A1231,suresh.yadav552@apedu.ac.in,3rd Year,Information Technology,A,5,58.4,57,82,59,50,58,57,63,61,55,12,59,74,59,Medium Risk
AP2024_3551,Srikanth Goud,21A91A0332,srikanth.goud553@apedu.ac.in,4th Year,Mechanical Engineering,A,7,75.5,74,61,74,55,60,66,83,71,63,21,75,71,77,Medium Risk
AP2024_3552,Ananya Rao,22A91A4433,ananya.rao554@apedu.ac.in,3rd Year,CSE (Data Science),D,6,73.0,72,53,75,68,69,75,63,65,61,17,76,74,70,Low Risk
AP2024_3553,Mahesh Kulkarni,21A91A1234,mahesh.kulkarni555@apedu.ac.in,4th Year,Information Technology,B,8,83.8,45,42,67,44,59,56,86,77,47,19,93,71,87,Medium Risk
AP2024_3554,Sireesha Somayajulu,21A91A4435,sireesha.somayajulu556@apedu.ac.in,4th Year,CSE (Data Science),A,8,49.1,84,49,64,68,50,58,49,64,57,11,38,66,45,High Risk
AP2024_3555,Sneha Raju,21A91A1236,sneha.raju557@apedu.ac.in,4th Year,Information Technology,C,7,95.0,53,46,49,45,59,72,72,47,57,20,79,59,83,Medium Risk
AP2024_3556,Rohit Rao,23A91A1237,rohit.rao558@apedu.ac.in,2nd Year,Information Technology,C,3,82.7,66,58,68,78,66,56,72,77,68,17,66,68,74,Low Risk
AP2024_3557,Bhavya Goud,21A91A0538,bhavya.goud559@apedu.ac.in,4th Year,CSE,C,7,55.4,64,75,68,72,78,68,52,74,57,11,57,71,54,High Risk
AP2024_3558,Charan Chary,22A91A0539,charan.chary560@apedu.ac.in,3rd Year,CSE,A,6,90.4,41,54,39,47,37,59,87,57,44,21,82,48,86,Medium Risk
AP2024_3559,Sravani Mishra,23A91A4440,sravani.mishra561@apedu.ac.in,2nd Year,CSE (Data Science),C,3,72.1,47,53,53,54,48,57,80,62,44,17,63,58,71,Medium Risk
AP2024_3560,Sandhya Raju,21A91A0141,sandhya.raju562@apedu.ac.in,4th Year,Civil Engineering,A,7,74.7,59,63,58,50,74,44,67,62,56,13,63,67,68,Medium Risk
AP2024_3561,Mahesh Bhatt,22A91A0542,mahesh.bhatt563@apedu.ac.in,3rd Year,CSE,C,6,82.5,80,57,65,65,70,63,80,72,62,18,79,77,80,Low Risk
AP2024_3562,Charan Reddy,21A91A1243,charan.reddy564@apedu.ac.in,4th Year,Information Technology,D,7,76.7,59,68,80,76,60,64,64,70,55,19,58,72,67,Low Risk
AP2024_3563,Mahesh Chary,23A91A0444,mahesh.chary565@apedu.ac.in,2nd Year,ECE,D,4,73.5,46,50,71,56,59,56,70,65,48,18,72,62,71,Medium Risk
AP2024_3564,Kavya Gupta,24A91A0245,kavya.gupta566@apedu.ac.in,1st Year,EEE,D,1,62.2,60,83,66,69,78,59,53,72,76,13,56,72,57,Medium Risk
AP2024_3565,Kavya Reddy,23A91A0446,kavya.reddy567@apedu.ac.in,2nd Year,ECE,D,3,70.4,39,40,32,37,43,62,67,58,40,13,62,61,66,High Risk
AP2024_3566,Nikhil Prasad,24A91A0547,nikhil.prasad568@apedu.ac.in,1st Year,CSE,A,2,72.5,80,68,55,45,80,46,53,58,54,12,61,71,63,Medium Risk
AP2024_3567,Varun Joshi,21A91A0248,varun.joshi569@apedu.ac.in,4th Year,EEE,A,7,73.7,75,66,79,61,72,72,69,70,68,16,73,81,72,Medium Risk
AP2024_3568,Ravi Bhatt,23A91A4249,ravi.bhatt570@apedu.ac.in,2nd Year,CSE (AI & ML),B,4,56.3,94,65,91,91,80,51,58,66,78,10,42,91,52,High Risk
AP2024_3569,Manasa Joshi,22A91A0450,manasa.joshi571@apedu.ac.in,3rd Year,ECE,A,5,73.5,74,67,61,63,47,67,78,76,66,22,85,68,78,Low Risk
AP2024_3570,Ganesh Naidu,22A91A1251,ganesh.naidu572@apedu.ac.in,3rd Year,Information Technology,A,5,56.5,65,74,65,62,55,56,51,55,51,13,57,70,54,High Risk
AP2024_3571,Harika Varma,22A91A0252,harika.varma573@apedu.ac.in,3rd Year,EEE,C,5,67.4,58,71,61,62,70,62,58,70,61,18,65,71,63,Medium Risk
AP2024_3572,Deepika Goud,21A91A4453,deepika.goud574@apedu.ac.in,4th Year,CSE (Data Science),C,7,63.3,64,56,71,67,48,48,63,52,61,15,57,67,61,Medium Risk
AP2024_3573,Harika Gupta,22A91A4254,harika.gupta575@apedu.ac.in,3rd Year,CSE (AI & ML),B,5,57.1,69,59,64,55,44,53,51,62,54,15,51,68,53,High Risk
AP2024_3574,Suresh Reddy,23A91A0255,suresh.reddy576@apedu.ac.in,2nd Year,EEE,B,3,57.6,48,56,68,62,48,47,57,47,57,15,55,57,56,High Risk
AP2024_3575,Suresh Babu,22A91A1256,suresh.babu577@apedu.ac.in,3rd Year,Information Technology,A,5,60.3,48,51,77,79,67,67,61,63,57,19,54,66,58,Medium Risk
AP2024_3576,Sravani Kulkarni,22A91A0357,sravani.kulkarni578@apedu.ac.in,3rd Year,Mechanical Engineering,A,5,83.7,51,52,56,44,58,51,81,57,41,17,77,61,80,Medium Risk
AP2024_3577,Keerthi Goud,21A91A0258,keerthi.goud579@apedu.ac.in,4th Year,EEE,A,7,60.6,70,76,90,78,54,55,73,66,66,19,65,65,65,Medium Risk
AP2024_3578,Gayatri Naidu,24A91A4459,gayatri.naidu580@apedu.ac.in,1st Year,CSE (Data Science),C,1,84.9,88,68,79,83,77,75,87,76,74,23,85,82,85,Low Risk
AP2024_3579,Sneha Mishra,23A91A0360,sneha.mishra581@apedu.ac.in,2nd Year,Mechanical Engineering,A,4,62.2,82,98,74,70,76,89,53,84,76,14,50,76,55,Medium Risk
AP2024_3580,Charan Prasad,21A91A0161,charan.prasad582@apedu.ac.in,4th Year,Civil Engineering,B,7,71.7,66,57,89,71,65,54,71,61,57,16,64,66,69,Medium Risk
AP2024_3581,Sneha Sharma,21A91A0462,sneha.sharma583@apedu.ac.in,4th Year,ECE,D,7,83.3,78,89,89,67,94,63,74,77,76,20,74,91,77,Low Risk
AP2024_3582,Yamini Babu,21A91A0363,yamini.babu584@apedu.ac.in,4th Year,Mechanical Engineering,B,8,85.0,72,79,62,58,59,63,84,80,63,19,84,77,84,Low Risk
AP2024_3583,Karthik Rao,21A91A0564,karthik.rao585@apedu.ac.in,4th Year,CSE,C,7,65.9,71,49,55,45,68,65,56,69,53,16,59,65,60,Medium Risk
AP2024_3584,Venkata Kulkarni,22A91A0165,venkata.kulkarni586@apedu.ac.in,3rd Year,Civil Engineering,A,6,64.1,59,56,51,35,50,59,75,51,42,17,66,59,67,High Risk
AP2024_3585,Sireesha Babu,24A91A4266,sireesha.babu587@apedu.ac.in,1st Year,CSE (AI & ML),A,1,50.9,62,71,54,49,64,45,60,58,64,14,55,69,54,High Risk
AP2024_3586,Swathi Varma,21A91A0367,swathi.varma588@apedu.ac.in,4th Year,Mechanical Engineering,A,8,85.4,84,67,72,81,75,71,90,72,70,25,89,82,87,Low Risk
AP2024_3587,Gayatri Rao,22A91A0268,gayatri.rao589@apedu.ac.in,3rd Year,EEE,D,5,60.7,42,49,65,56,43,48,54,54,38,12,48,62,54,Medium Risk
AP2024_3588,Tejaswi Rao,24A91A0269,tejaswi.rao590@apedu.ac.in,1st Year,EEE,B,1,87.1,74,75,72,71,72,80,81,72,71,19,84,72,84,Low Risk
AP2024_3589,Kavya Prasad,23A91A0370,kavya.prasad591@apedu.ac.in,2nd Year,Mechanical Engineering,D,4,49.7,60,60,62,37,51,46,48,60,43,7,37,55,45,High Risk
AP2024_3590,Pooja Mishra,22A91A1271,pooja.mishra592@apedu.ac.in,3rd Year,Information Technology,C,5,87.7,67,61,34,49,53,56,94,80,41,22,82,79,87,Medium Risk
AP2024_3591,Pavan Murthy,24A91A0272,pavan.murthy593@apedu.ac.in,1st Year,EEE,C,1,72.6,77,55,70,67,65,60,68,83,56,14,58,75,66,Low Risk
AP2024_3592,Aditya Somayajulu,24A91A4273,aditya.somayajulu594@apedu.ac.in,1st Year,CSE (AI & ML),C,1,83.0,87,90,100,81,76,77,82,92,91,21,76,87,80,Low Risk
AP2024_3593,Suresh Chowdary,22A91A0374,suresh.chowdary595@apedu.ac.in,3rd Year,Mechanical Engineering,A,6,75.5,55,53,67,42,49,60,78,60,49,16,75,66,76,Medium Risk
AP2024_3594,Aditya Bhatt,23A91A0475,aditya.bhatt596@apedu.ac.in,2nd Year,ECE,A,3,68.8,66,69,66,69,50,54,65,62,55,14,64,63,66,Medium Risk
AP2024_3595,Varun Gupta,24A91A0276,varun.gupta597@apedu.ac.in,1st Year,EEE,A,2,53.4,67,73,79,87,70,77,56,75,77,15,59,71,55,High Risk
AP2024_3596,Tarun Rao,22A91A4277,tarun.rao598@apedu.ac.in,3rd Year,CSE (AI & ML),C,6,67.6,67,46,36,58,68,57,64,57,54,17,78,74,69,Medium Risk
AP2024_3597,Varun Rao,23A91A4278,varun.rao599@apedu.ac.in,2nd Year,CSE (AI & ML),A,3,61.7,43,51,39,32,44,55,72,67,43,16,55,52,62,High Risk
AP2024_3598,Harika Sastry,24A91A0379,harika.sastry600@apedu.ac.in,1st Year,Mechanical Engineering,D,2,69.8,70,79,72,44,73,70,73,75,53,22,78,87,73,Medium Risk
AP2024_3599,Chaitanya Chowdary,22A91A0480,chaitanya.chowdary601@apedu.ac.in,3rd Year,ECE,A,5,75.4,69,69,53,57,71,61,66,63,55,14,48,72,64,Low Risk
AP2024_3600,Charan Goud,23A91A0581,charan.goud602@apedu.ac.in,2nd Year,CSE,D,3,70.5,63,54,78,63,48,52,66,63,57,13,60,74,66,Medium Risk
AP2024_3601,Manoj Somayajulu,23A91A0482,manoj.somayajulu603@apedu.ac.in,2nd Year,ECE,D,3,81.9,93,80,100,87,79,79,80,80,78,21,77,93,79,Low Risk
AP2024_3602,Sai Kulkarni,22A91A1283,sai.kulkarni604@apedu.ac.in,3rd Year,Information Technology,B,5,68.9,50,51,36,24,45,54,70,63,36,20,66,53,68,High Risk
AP2024_3603,Ananya Murthy,23A91A0484,ananya.murthy605@apedu.ac.in,2nd Year,ECE,C,4,90.6,59,72,76,65,82,69,82,87,71,23,90,78,87,Low Risk
AP2024_3604,Keerthi Varma,21A91A0285,keerthi.varma606@apedu.ac.in,4th Year,EEE,C,8,55.3,73,67,55,55,65,57,57,58,48,11,54,59,55,High Risk
AP2024_3605,Nikhil Chary,24A91A0286,nikhil.chary607@apedu.ac.in,1st Year,EEE,D,2,87.8,53,77,86,80,46,72,78,71,47,24,91,57,85,Low Risk
AP2024_3606,Sai Chowdary,21A91A0287,sai.chowdary608@apedu.ac.in,4th Year,EEE,B,7,55.6,60,71,74,64,71,57,49,69,70,13,51,63,52,High Risk
AP2024_3607,Naresh Goud,24A91A4488,naresh.goud609@apedu.ac.in,1st Year,CSE (Data Science),A,1,69.9,99,98,83,71,73,79,63,81,73,16,74,76,69,Medium Risk
AP2024_3608,Pranavi Verma,24A91A0189,pranavi.verma610@apedu.ac.in,1st Year,Civil Engineering,B,1,66.1,61,61,53,49,68,53,72,58,53,19,72,61,69,Medium Risk
AP2024_3609,Manoj Raju,24A91A0490,manoj.raju611@apedu.ac.in,1st Year,ECE,A,1,74.9,70,71,64,55,76,53,59,55,54,18,68,57,68,Medium Risk
AP2024_3610,Sai Murthy,24A91A0401,sai.murthy612@apedu.ac.in,1st Year,ECE,D,2,61.7,70,55,65,58,63,68,69,70,58,16,71,78,66,Medium Risk
AP2024_3611,Rohit Varma,24A91A0302,rohit.varma613@apedu.ac.in,1st Year,Mechanical Engineering,D,2,66.3,82,74,99,99,77,86,52,78,62,12,60,82,60,Medium Risk
AP2024_3612,Manasa Kulkarni,22A91A0403,manasa.kulkarni614@apedu.ac.in,3rd Year,ECE,B,6,77.2,81,72,91,90,83,71,81,84,80,20,91,83,82,Low Risk
AP2024_3613,Manoj Prasad,22A91A0404,manoj.prasad615@apedu.ac.in,3rd Year,ECE,D,5,71.9,58,54,50,49,43,67,71,55,46,19,62,67,68,Medium Risk
AP2024_3614,Ravi Raju,21A91A0205,ravi.raju616@apedu.ac.in,4th Year,EEE,A,7,66.6,50,47,61,45,63,57,57,57,50,16,61,54,62,Medium Risk
AP2024_3615,Ganesh Babu,23A91A0506,ganesh.babu617@apedu.ac.in,2nd Year,CSE,D,3,80.7,52,54,27,40,56,67,79,62,39,16,77,56,79,Medium Risk
AP2024_3616,Akhil Gupta,23A91A4207,akhil.gupta618@apedu.ac.in,2nd Year,CSE (AI & ML),C,4,53.7,72,68,56,54,47,79,60,68,58,17,56,73,56,High Risk
AP2024_3617,Rohit Gupta,22A91A0108,rohit.gupta619@apedu.ac.in,3rd Year,Civil Engineering,A,5,56.0,39,31,49,45,55,58,61,45,34,16,72,63,62,High Risk
AP2024_3618,Sravani Mishra,24A91A0309,sravani.mishra620@apedu.ac.in,1st Year,Mechanical Engineering,C,2,65.6,68,59,51,61,53,69,63,61,54,20,64,72,64,Medium Risk
AP2024_3619,Pranavi Babu,23A91A1210,pranavi.babu621@apedu.ac.in,2nd Year,Information Technology,D,4,78.4,85,79,65,58,84,91,86,66,53,17,78,78,80,Low Risk
AP2024_3620,Varun Goud,21A91A1211,varun.goud622@apedu.ac.in,4th Year,Information Technology,B,7,52.5,61,87,76,66,62,67,56,74,62,17,68,69,58,High Risk
AP2024_3621,Venkata Verma,21A91A0412,venkata.verma623@apedu.ac.in,4th Year,ECE,B,8,62.1,52,68,78,71,43,52,53,55,67,10,62,61,59,Medium Risk
AP2024_3622,Suresh Raju,22A91A4213,suresh.raju624@apedu.ac.in,3rd Year,CSE (AI & ML),C,6,68.8,60,40,38,38,65,65,60,67,44,12,63,57,64,Medium Risk
AP2024_3623,Akhil Gupta,21A91A4214,akhil.gupta625@apedu.ac.in,4th Year,CSE (AI & ML),A,7,61.4,79,55,82,69,76,67,61,69,69,13,62,75,61,Medium Risk
AP2024_3624,Nikhil Gupta,22A91A4415,nikhil.gupta626@apedu.ac.in,3rd Year,CSE (Data Science),D,5,66.8,68,78,66,69,64,77,62,61,50,11,58,72,62,Medium Risk
AP2024_3625,Akhil Reddy,23A91A0316,akhil.reddy627@apedu.ac.in,2nd Year,Mechanical Engineering,D,3,84.4,77,86,82,88,85,80,85,79,79,22,85,79,84,Low Risk
AP2024_3626,Naresh Patel,24A91A0417,naresh.patel628@apedu.ac.in,1st Year,ECE,B,2,79.0,54,55,60,48,52,63,82,74,42,20,77,74,79,Medium Risk
AP2024_3627,Harika Gupta,21A91A0218,harika.gupta629@apedu.ac.in,4th Year,EEE,B,8,53.3,46,49,57,50,53,37,67,56,45,12,71,58,62,High Risk
AP2024_3628,Tarun Kulkarni,22A91A0119,tarun.kulkarni630@apedu.ac.in,3rd Year,Civil Engineering,D,5,74.1,69,46,64,61,58,66,64,59,62,16,61,73,67,Medium Risk
AP2024_3629,Gayatri Sharma,23A91A0520,gayatri.sharma631@apedu.ac.in,2nd Year,CSE,C,4,80.0,80,68,77,73,66,78,85,65,73,17,79,86,81,Low Risk
AP2024_3630,Keerthi Sastry,23A91A1221,keerthi.sastry632@apedu.ac.in,2nd Year,Information Technology,B,4,60.2,60,76,72,55,69,67,59,72,63,14,57,72,58,Medium Risk
AP2024_3631,Ganesh Joshi,24A91A4222,ganesh.joshi633@apedu.ac.in,1st Year,CSE (AI & ML),B,1,88.2,85,70,72,83,61,77,87,76,62,21,85,75,86,Low Risk
AP2024_3632,Pranavi Murthy,24A91A1223,pranavi.murthy634@apedu.ac.in,1st Year,Information Technology,D,1,68.1,77,76,57,55,74,64,69,72,61,17,79,73,71,Medium Risk
AP2024_3633,Chaitanya Naidu,24A91A4424,chaitanya.naidu635@apedu.ac.in,1st Year,CSE (Data Science),B,2,46.0,83,81,87,83,56,52,53,75,75,11,46,73,48,High Risk
AP2024_3634,Manoj Sharma,22A91A0525,manoj.sharma636@apedu.ac.in,3rd Year,CSE,C,5,61.3,69,41,49,56,52,66,64,57,58,18,53,56,59,Medium Risk
AP2024_3635,Sai Bhatt,21A91A0226,sai.bhatt637@apedu.ac.in,4th Year,EEE,D,7,53.7,67,56,82,67,67,65,45,77,51,15,57,72,52,High Risk
AP2024_3636,Manoj Naidu,22A91A4227,manoj.naidu638@apedu.ac.in,3rd Year,CSE (AI & ML),A,5,80.6,38,63,38,35,29,56,83,62,27,21,85,56,82,High Risk
AP2024_3637,Kavya Chary,23A91A1228,kavya.chary639@apedu.ac.in,2nd Year,Information Technology,C,3,79.5,58,71,64,58,43,65,82,62,56,21,87,62,82,Medium Risk
AP2024_3638,Chaitanya Goud,24A91A0429,chaitanya.goud640@apedu.ac.in,1st Year,ECE,D,2,61.7,58,53,71,83,74,78,72,61,57,12,66,78,66,Medium Risk
AP2024_3639,Charan Chowdary,24A91A0230,charan.chowdary641@apedu.ac.in,1st Year,EEE,A,1,59.8,78,62,77,69,68,67,64,63,81,17,48,72,57,Medium Risk
AP2024_3640,Ganesh Somayajulu,22A91A1231,ganesh.somayajulu642@apedu.ac.in,3rd Year,Information Technology,B,6,64.1,68,71,68,70,76,69,48,78,81,11,45,86,53,Medium Risk
AP2024_3641,Venkata Chowdary,24A91A0432,venkata.chowdary643@apedu.ac.in,1st Year,ECE,B,2,88.6,81,57,75,73,82,63,74,72,71,18,71,74,78,Low Risk
AP2024_3642,Sneha Verma,24A91A0433,sneha.verma644@apedu.ac.in,1st Year,ECE,B,1,77.3,58,48,73,61,65,61,78,73,64,18,77,68,77,Medium Risk
AP2024_3643,Bhavya Varma,22A91A0534,bhavya.varma645@apedu.ac.in,3rd Year,CSE,D,6,67.3,71,85,67,64,86,55,66,61,67,15,78,72,70,Medium Risk
AP2024_3644,Pranavi Chary,23A91A4235,pranavi.chary646@apedu.ac.in,2nd Year,CSE (AI & ML),B,3,65.6,54,50,66,52,54,60,65,58,49,14,71,62,67,Medium Risk
AP2024_3645,Srikanth Yadav,22A91A4436,srikanth.yadav647@apedu.ac.in,3rd Year,CSE (Data Science),A,6,55.9,75,74,73,71,77,62,57,65,79,16,58,72,56,High Risk
AP2024_3646,Sneha Sastry,21A91A4437,sneha.sastry648@apedu.ac.in,4th Year,CSE (Data Science),C,7,91.0,72,51,71,60,62,74,79,68,59,17,69,64,80,Medium Risk
AP2024_3647,Karthik Joshi,23A91A4238,karthik.joshi649@apedu.ac.in,2nd Year,CSE (AI & ML),A,4,55.3,63,52,70,70,71,64,59,73,61,13,61,78,58,High Risk
AP2024_3648,Sneha Sharma,24A91A0139,sneha.sharma650@apedu.ac.in,1st Year,Civil Engineering,A,1,81.6,64,44,84,77,65,65,72,69,64,18,71,68,75,Low Risk
AP2024_3649,Ganesh Verma,23A91A0340,ganesh.verma651@apedu.ac.in,2nd Year,Mechanical Engineering,D,4,63.8,55,63,58,55,72,58,54,68,50,15,52,63,57,Medium Risk
AP2024_3650,Sneha Chary,23A91A0141,sneha.chary652@apedu.ac.in,2nd Year,Civil Engineering,B,4,83.9,50,45,31,26,34,40,76,51,46,20,87,46,82,High Risk
AP2024_3651,Gayatri Babu,22A91A0242,gayatri.babu653@apedu.ac.in,3rd Year,EEE,B,6,83.7,60,41,63,57,62,63,77,78,64,21,74,60,78,Medium Risk
AP2024_3652,Venkata Sharma,21A91A0143,venkata.sharma654@apedu.ac.in,4th Year,Civil Engineering,D,8,79.3,77,54,82,63,54,60,64,74,62,14,67,73,71,Low Risk
AP2024_3653,Rahul Bhatt,24A91A0544,rahul.bhatt655@apedu.ac.in,1st Year,CSE,B,1,45.8,64,51,80,65,49,68,61,65,52,15,50,84,51,High Risk
AP2024_3654,Chaitanya Chowdary,21A91A4445,chaitanya.chowdary656@apedu.ac.in,4th Year,CSE (Data Science),A,8,74.4,90,98,65,70,81,87,65,79,77,20,69,90,69,Low Risk
AP2024_3655,Akhil Goud,23A91A0446,akhil.goud657@apedu.ac.in,2nd Year,ECE,A,3,68.8,69,63,62,60,71,75,76,67,62,21,71,73,71,Medium Risk
AP2024_3656,Sandhya Chary,24A91A4247,sandhya.chary658@apedu.ac.in,1st Year,CSE (AI & ML),C,1,42.5,70,74,59,60,60,63,41,65,68,15,49,70,44,High Risk
AP2024_3657,Akhil Joshi,24A91A0248,akhil.joshi659@apedu.ac.in,1st Year,EEE,C,2,91.7,67,54,67,69,67,76,78,63,72,19,85,74,85,Low Risk
AP2024_3658,Yamini Varma,23A91A0149,yamini.varma660@apedu.ac.in,2nd Year,Civil Engineering,D,3,53.9,86,79,88,84,69,76,50,75,67,11,60,69,54,High Risk
AP2024_3659,Manoj Varma,23A91A4450,manoj.varma661@apedu.ac.in,2nd Year,CSE (Data Science),D,3,68.7,73,65,94,78,68,65,67,78,67,16,59,70,65,Medium Risk
AP2024_3660,Pooja Murthy,24A91A1251,pooja.murthy662@apedu.ac.in,1st Year,Information Technology,B,2,64.9,74,48,89,68,52,51,52,55,54,14,59,58,59,Medium Risk
AP2024_3661,Varun Patel,24A91A0552,varun.patel663@apedu.ac.in,1st Year,CSE,A,1,70.2,73,62,69,56,63,60,59,62,47,12,43,65,58,Medium Risk
AP2024_3662,Venkata Reddy,24A91A4453,venkata.reddy664@apedu.ac.in,1st Year,CSE (Data Science),A,2,86.8,74,61,54,54,51,80,92,60,49,21,88,73,88,Medium Risk
AP2024_3663,Rahul Somayajulu,23A91A4254,rahul.somayajulu665@apedu.ac.in,2nd Year,CSE (AI & ML),D,4,80.2,83,75,82,93,74,62,61,82,78,15,62,71,68,Low Risk
AP2024_3664,Chaitanya Yadav,22A91A0555,chaitanya.yadav666@apedu.ac.in,3rd Year,CSE,B,5,73.2,81,72,71,73,59,63,74,72,72,15,67,79,71,Medium Risk
AP2024_3665,Keerthi Patel,21A91A0256,keerthi.patel667@apedu.ac.in,4th Year,EEE,C,7,91.1,83,61,75,71,78,73,91,75,62,25,94,79,91,Low Risk
AP2024_3666,Kavya Goud,24A91A1257,kavya.goud668@apedu.ac.in,1st Year,Information Technology,C,1,89.2,72,56,63,59,68,59,77,63,55,23,76,71,81,Low Risk
AP2024_3667,Ravi Mishra,24A91A4458,ravi.mishra669@apedu.ac.in,1st Year,CSE (Data Science),C,1,76.1,54,39,57,49,47,53,63,58,46,17,82,62,73,Medium Risk
AP2024_3668,Sandhya Chary,24A91A0159,sandhya.chary670@apedu.ac.in,1st Year,Civil Engineering,D,2,65.1,58,64,56,57,56,68,63,60,54,15,63,64,63,Medium Risk
AP2024_3669,Karthik Mishra,21A91A0560,karthik.mishra671@apedu.ac.in,4th Year,CSE,A,8,80.0,32,60,40,40,44,54,80,47,49,16,79,49,79,Medium Risk
AP2024_3670,Ramesh Rao,24A91A0461,ramesh.rao672@apedu.ac.in,1st Year,ECE,D,2,89.6,75,61,73,69,59,72,91,53,56,19,91,69,90,Low Risk
AP2024_3671,Keerthi Yadav,22A91A0362,keerthi.yadav673@apedu.ac.in,3rd Year,Mechanical Engineering,C,5,80.5,82,70,45,32,73,61,74,54,60,18,56,70,71,Medium Risk
AP2024_3672,Akhil Varma,21A91A4263,akhil.varma674@apedu.ac.in,4th Year,CSE (AI & ML),B,8,71.5,85,54,66,54,75,68,74,61,43,16,67,78,70,Medium Risk
AP2024_3673,Deepika Varma,22A91A0364,deepika.varma675@apedu.ac.in,3rd Year,Mechanical Engineering,C,5,85.2,51,54,45,57,44,54,72,58,46,19,81,60,79,Medium Risk
AP2024_3674,Ananya Kumar,22A91A0165,ananya.kumar676@apedu.ac.in,3rd Year,Civil Engineering,A,5,77.8,75,54,95,86,76,67,75,74,60,18,82,86,78,Medium Risk
AP2024_3675,Yamini Somayajulu,24A91A0566,yamini.somayajulu677@apedu.ac.in,1st Year,CSE,D,2,54.7,70,50,91,66,47,61,61,61,57,13,55,69,56,High Risk
AP2024_3676,Manoj Verma,21A91A0367,manoj.verma678@apedu.ac.in,4th Year,Mechanical Engineering,A,8,73.8,76,55,78,73,66,62,76,74,78,17,75,78,74,Low Risk
AP2024_3677,Gayatri Yadav,23A91A4268,gayatri.yadav679@apedu.ac.in,2nd Year,CSE (AI & ML),A,3,66.5,51,48,69,56,57,52,53,59,58,14,57,67,59,Medium Risk
AP2024_3678,Varun Rao,24A91A0269,varun.rao680@apedu.ac.in,1st Year,EEE,A,2,73.5,75,58,68,62,58,68,70,70,61,12,66,74,70,Medium Risk
AP2024_3679,Yamini Mishra,24A91A0270,yamini.mishra681@apedu.ac.in,1st Year,EEE,B,2,55.7,53,49,64,69,60,49,49,51,55,14,40,49,48,High Risk
AP2024_3680,Yamini Sastry,21A91A0471,yamini.sastry682@apedu.ac.in,4th Year,ECE,D,7,85.0,40,52,39,26,26,44,69,38,37,13,69,41,75,High Risk
AP2024_3681,Bhavya Mishra,24A91A0272,bhavya.mishra683@apedu.ac.in,1st Year,EEE,B,2,65.2,63,56,61,48,45,57,53,63,50,13,56,64,58,Medium Risk
AP2024_3682,Rohit Kulkarni,24A91A0173,rohit.kulkarni684@apedu.ac.in,1st Year,Civil Engineering,C,1,88.8,56,41,69,78,59,57,90,73,51,24,79,60,86,Medium Risk
AP2024_3683,Sneha Mishra,22A91A0274,sneha.mishra685@apedu.ac.in,3rd Year,EEE,B,6,71.6,62,81,69,66,74,61,68,73,73,18,67,77,69,Medium Risk
AP2024_3684,Venkata Verma,21A91A0375,venkata.verma686@apedu.ac.in,4th Year,Mechanical Engineering,D,7,85.9,82,66,76,83,70,75,88,73,59,20,87,82,86,Low Risk
AP2024_3685,Manoj Chowdary,22A91A4276,manoj.chowdary687@apedu.ac.in,3rd Year,CSE (AI & ML),D,6,57.7,62,78,69,70,58,44,47,62,61,12,46,59,50,High Risk
AP2024_3686,Karthik Prasad,22A91A4477,karthik.prasad688@apedu.ac.in,3rd Year,CSE (Data Science),C,6,77.7,57,58,61,41,57,57,77,58,51,15,75,77,76,Medium Risk
AP2024_3687,Srikanth Gupta,24A91A0178,srikanth.gupta689@apedu.ac.in,1st Year,Civil Engineering,B,1,69.5,54,63,47,33,55,45,64,64,43,17,74,49,69,Medium Risk
AP2024_3688,Srikanth Patel,23A91A0479,srikanth.patel690@apedu.ac.in,2nd Year,ECE,A,4,60.7,54,46,50,40,40,46,58,52,45,10,50,61,56,High Risk
AP2024_3689,Rahul Sastry,21A91A0180,rahul.sastry691@apedu.ac.in,4th Year,Civil Engineering,C,8,83.4,49,56,54,43,36,47,78,72,45,17,65,64,76,Medium Risk
AP2024_3690,Tejaswi Mishra,24A91A4281,tejaswi.mishra692@apedu.ac.in,1st Year,CSE (AI & ML),C,1,47.4,47,65,73,41,52,41,45,42,60,8,44,59,45,High Risk
AP2024_3691,Nikhil Joshi,23A91A0382,nikhil.joshi693@apedu.ac.in,2nd Year,Mechanical Engineering,B,4,77.9,63,48,69,61,69,74,73,65,65,17,75,66,75,Medium Risk
AP2024_3692,Mahesh Chary,24A91A0583,mahesh.chary694@apedu.ac.in,1st Year,CSE,C,2,63.7,79,59,64,67,63,43,72,57,61,15,73,65,68,Medium Risk
AP2024_3693,Ananya Gupta,23A91A0484,ananya.gupta695@apedu.ac.in,2nd Year,ECE,B,3,81.2,81,60,66,59,74,76,66,73,48,22,88,71,78,Low Risk
AP2024_3694,Keerthi Sharma,22A91A4285,keerthi.sharma696@apedu.ac.in,3rd Year,CSE (AI & ML),D,6,76.0,59,48,67,63,58,62,76,69,59,19,71,62,74,Medium Risk
AP2024_3695,Pranavi Varma,24A91A4286,pranavi.varma697@apedu.ac.in,1st Year,CSE (AI & ML),D,1,74.9,92,76,58,67,77,68,68,83,65,21,79,75,74,Medium Risk
AP2024_3696,Akhil Babu,24A91A0487,akhil.babu698@apedu.ac.in,1st Year,ECE,B,1,74.9,60,62,62,46,44,56,79,61,29,18,78,50,77,Medium Risk
AP2024_3697,Swathi Naidu,23A91A0488,swathi.naidu699@apedu.ac.in,2nd Year,ECE,B,4,66.0,73,57,76,55,71,52,55,75,62,11,59,74,60,Medium Risk
AP2024_3698,Tarun Yadav,22A91A0589,tarun.yadav700@apedu.ac.in,3rd Year,CSE,D,5,64.5,73,62,75,63,78,61,69,75,63,22,64,72,65,Medium Risk
AP2024_3699,Karthik Naidu,24A91A0390,karthik.naidu701@apedu.ac.in,1st Year,Mechanical Engineering,D,2,58.3,45,50,54,53,46,68,47,60,47,9,46,64,51,Medium Risk
AP2024_3700,Harika Babu,21A91A0501,harika.babu702@apedu.ac.in,4th Year,CSE,B,7,61.4,56,75,55,53,36,62,64,66,55,16,64,55,62,Medium Risk
AP2024_3701,Manoj Reddy,24A91A0302,manoj.reddy703@apedu.ac.in,1st Year,Mechanical Engineering,D,1,93.6,78,83,69,71,61,71,88,83,70,20,88,74,90,Low Risk
AP2024_3702,Suresh Joshi,23A91A0403,suresh.joshi704@apedu.ac.in,2nd Year,ECE,D,3,64.8,62,51,67,71,56,56,58,52,55,13,73,65,65,Medium Risk
AP2024_3703,Charan Sastry,21A91A0204,charan.sastry705@apedu.ac.in,4th Year,EEE,A,8,69.7,64,56,71,58,68,66,70,60,58,12,66,75,68,Medium Risk
AP2024_3704,Deepika Reddy,23A91A0305,deepika.reddy706@apedu.ac.in,2nd Year,Mechanical Engineering,C,4,97.7,50,67,54,53,56,63,84,70,57,17,78,66,87,Medium Risk
AP2024_3705,Divya Rao,24A91A4206,divya.rao707@apedu.ac.in,1st Year,CSE (AI & ML),A,2,75.8,60,72,74,50,50,68,67,71,58,17,70,71,71,Low Risk
AP2024_3706,Akhil Yadav,22A91A0207,akhil.yadav708@apedu.ac.in,3rd Year,EEE,B,5,70.0,71,56,56,63,56,58,75,63,62,20,59,75,68,Medium Risk
AP2024_3707,Pranavi Prasad,21A91A0508,pranavi.prasad709@apedu.ac.in,4th Year,CSE,B,8,52.6,65,60,83,73,59,52,41,65,62,8,42,74,45,High Risk
AP2024_3708,Deepika Sharma,23A91A0409,deepika.sharma710@apedu.ac.in,2nd Year,ECE,B,3,77.0,59,56,64,49,47,68,60,76,57,16,81,64,73,Medium Risk
AP2024_3709,Pooja Verma,21A91A0310,pooja.verma711@apedu.ac.in,4th Year,Mechanical Engineering,C,8,70.8,71,87,83,84,77,86,67,79,77,16,74,85,70,Medium Risk
AP2024_3710,Deepika Naidu,24A91A0511,deepika.naidu712@apedu.ac.in,1st Year,CSE,C,2,99.5,53,62,68,74,58,66,100,72,55,27,98,81,99,Low Risk
AP2024_3711,Divya Mishra,21A91A0312,divya.mishra713@apedu.ac.in,4th Year,Mechanical Engineering,A,7,69.5,41,52,55,44,63,61,65,57,58,16,60,53,65,Medium Risk
AP2024_3712,Charan Verma,21A91A0113,charan.verma714@apedu.ac.in,4th Year,Civil Engineering,D,8,79.0,65,54,54,52,51,64,77,65,60,15,68,68,75,Medium Risk
AP2024_3713,Karthik Mishra,24A91A4414,karthik.mishra715@apedu.ac.in,1st Year,CSE (Data Science),D,1,86.0,70,65,87,69,66,59,88,83,69,22,85,77,86,Low Risk
AP2024_3714,Venkata Rao,23A91A0415,venkata.rao716@apedu.ac.in,2nd Year,ECE,C,3,80.0,48,54,70,71,45,67,82,69,63,23,76,77,79,Medium Risk
AP2024_3715,Manasa Prasad,24A91A0116,manasa.prasad717@apedu.ac.in,1st Year,Civil Engineering,B,1,58.6,61,35,35,23,41,47,55,55,40,12,57,49,57,High Risk
AP2024_3716,Mahesh Naidu,22A91A4217,mahesh.naidu718@apedu.ac.in,3rd Year,CSE (AI & ML),B,5,65.6,61,62,70,62,70,52,76,53,68,14,67,69,69,Medium Risk
AP2024_3717,Manoj Raju,22A91A0518,manoj.raju719@apedu.ac.in,3rd Year,CSE,D,6,63.1,49,49,51,42,45,50,64,48,42,15,69,54,65,Medium Risk
AP2024_3718,Sandhya Joshi,23A91A4219,sandhya.joshi720@apedu.ac.in,2nd Year,CSE (AI & ML),D,4,68.4,71,57,66,60,71,60,70,63,51,18,59,66,66,Medium Risk
AP2024_3719,Ravi Murthy,23A91A0220,ravi.murthy721@apedu.ac.in,2nd Year,EEE,C,3,79.7,71,44,56,57,60,52,63,68,43,19,66,66,70,Medium Risk
AP2024_3720,Karthik Chowdary,23A91A0521,karthik.chowdary722@apedu.ac.in,2nd Year,CSE,D,4,75.9,72,77,76,59,77,77,86,83,66,18,87,80,82,Low Risk
AP2024_3721,Bhavya Patel,22A91A1222,bhavya.patel723@apedu.ac.in,3rd Year,Information Technology,B,5,56.8,75,60,71,61,54,51,59,52,50,10,53,69,56,High Risk
AP2024_3722,Deepika Rao,23A91A0323,deepika.rao724@apedu.ac.in,2nd Year,Mechanical Engineering,A,3,87.4,84,78,65,40,53,59,78,78,55,18,75,74,80,Medium Risk
AP2024_3723,Ananya Chowdary,22A91A0524,ananya.chowdary725@apedu.ac.in,3rd Year,CSE,A,6,72.6,82,75,75,58,59,69,67,67,67,16,60,81,67,Medium Risk
AP2024_3724,Sandhya Kumar,24A91A0225,sandhya.kumar726@apedu.ac.in,1st Year,EEE,B,2,90.3,98,74,87,75,69,66,94,82,65,20,86,80,90,Low Risk
AP2024_3725,Venkata Somayajulu,21A91A4426,venkata.somayajulu727@apedu.ac.in,4th Year,CSE (Data Science),D,8,64.4,52,45,63,51,54,62,58,62,57,16,56,58,59,High Risk
AP2024_3726,Ramesh Somayajulu,21A91A0227,ramesh.somayajulu728@apedu.ac.in,4th Year,EEE,D,8,72.8,81,59,65,64,75,66,64,65,58,17,81,80,72,Medium Risk
AP2024_3727,Rahul Mishra,22A91A0328,rahul.mishra729@apedu.ac.in,3rd Year,Mechanical Engineering,D,5,87.2,54,85,60,38,61,71,73,66,67,21,87,71,82,Medium Risk
AP2024_3728,Naresh Verma,23A91A4229,naresh.verma730@apedu.ac.in,2nd Year,CSE (AI & ML),C,4,76.5,52,60,62,68,53,65,65,53,50,13,60,64,68,Medium Risk
AP2024_3729,Venkata Mishra,22A91A4430,venkata.mishra731@apedu.ac.in,3rd Year,CSE (Data Science),B,5,42.6,77,67,63,59,68,64,67,77,56,14,68,67,57,High Risk
AP2024_3730,Harika Goud,23A91A4431,harika.goud732@apedu.ac.in,2nd Year,CSE (Data Science),D,4,80.5,68,63,82,75,65,64,74,76,64,20,75,68,76,Low Risk
AP2024_3731,Tarun Bhatt,24A91A0532,tarun.bhatt733@apedu.ac.in,1st Year,CSE,D,2,67.6,55,56,57,46,67,80,61,64,49,16,59,74,63,Medium Risk
AP2024_3732,Rohit Prasad,24A91A0133,rohit.prasad734@apedu.ac.in,1st Year,Civil Engineering,A,2,50.6,61,47,68,63,59,49,50,64,48,14,53,76,51,High Risk
AP2024_3733,Lavanya Goud,23A91A0434,lavanya.goud735@apedu.ac.in,2nd Year,ECE,B,4,73.7,76,61,59,48,62,66,76,59,48,15,64,65,71,Medium Risk
AP2024_3734,Sireesha Kulkarni,22A91A4435,sireesha.kulkarni736@apedu.ac.in,3rd Year,CSE (Data Science),A,5,92.7,64,54,69,63,64,68,83,68,61,18,64,60,81,Low Risk
AP2024_3735,Tejaswi Reddy,22A91A4236,tejaswi.reddy737@apedu.ac.in,3rd Year,CSE (AI & ML),B,6,59.8,66,45,60,49,61,57,63,64,50,13,53,68,58,High Risk
AP2024_3736,Naresh Chary,21A91A0537,naresh.chary738@apedu.ac.in,4th Year,CSE,B,8,67.5,39,34,55,47,35,62,68,59,41,16,62,50,66,Medium Risk
AP2024_3737,Tarun Bhatt,22A91A0138,tarun.bhatt739@apedu.ac.in,3rd Year,Civil Engineering,C,5,43.1,85,80,76,71,71,70,61,73,76,13,46,83,49,High Risk
AP2024_3738,Rahul Joshi,21A91A0339,rahul.joshi740@apedu.ac.in,4th Year,Mechanical Engineering,D,8,75.8,60,54,51,60,64,57,71,76,56,14,61,73,69,Medium Risk
AP2024_3739,Pooja Sharma,24A91A0140,pooja.sharma741@apedu.ac.in,1st Year,Civil Engineering,A,2,76.9,55,52,40,26,66,53,75,70,49,16,55,56,69,Medium Risk
AP2024_3740,Rohit Sharma,22A91A4241,rohit.sharma742@apedu.ac.in,3rd Year,CSE (AI & ML),C,6,92.8,77,67,55,49,68,58,75,70,57,21,73,72,81,Medium Risk
AP2024_3741,Bhavya Raju,21A91A0442,bhavya.raju743@apedu.ac.in,4th Year,ECE,C,7,72.8,86,76,72,76,71,69,68,69,67,15,72,74,71,Low Risk
AP2024_3742,Sandhya Raju,24A91A4443,sandhya.raju744@apedu.ac.in,1st Year,CSE (Data Science),D,1,70.6,58,51,36,47,61,65,63,62,47,16,67,66,67,Medium Risk
AP2024_3743,Pranavi Reddy,24A91A0144,pranavi.reddy745@apedu.ac.in,1st Year,Civil Engineering,D,2,60.5,62,80,71,58,64,59,66,71,67,18,58,82,61,Medium Risk
AP2024_3744,Pooja Rao,24A91A0445,pooja.rao746@apedu.ac.in,1st Year,ECE,A,2,66.6,50,58,65,59,36,66,65,58,45,17,60,56,64,Medium Risk
AP2024_3745,Rahul Kulkarni,23A91A0546,rahul.kulkarni747@apedu.ac.in,2nd Year,CSE,A,4,50.7,49,51,25,34,33,45,52,52,48,14,49,52,50,High Risk
AP2024_3746,Pooja Prasad,24A91A4247,pooja.prasad748@apedu.ac.in,1st Year,CSE (AI & ML),C,2,91.7,71,56,68,54,60,68,88,74,58,24,91,77,90,Low Risk
AP2024_3747,Ramesh Naidu,22A91A1248,ramesh.naidu749@apedu.ac.in,3rd Year,Information Technology,D,5,86.7,79,85,81,78,84,72,81,83,68,19,88,88,85,Low Risk
AP2024_3748,Aditya Yadav,23A91A0149,aditya.yadav750@apedu.ac.in,2nd Year,Civil Engineering,B,4,89.1,71,77,69,64,56,65,88,62,53,18,78,71,85,Low Risk
AP2024_3749,Ananya Kumar,23A91A0250,ananya.kumar751@apedu.ac.in,2nd Year,EEE,A,4,76.2,71,58,51,59,55,51,64,71,59,18,69,66,70,Medium Risk
AP2024_3750,Ravi Babu,21A91A0151,ravi.babu752@apedu.ac.in,4th Year,Civil Engineering,B,8,75.3,56,72,66,72,72,80,81,67,69,23,70,77,75,Medium Risk
AP2024_3751,Ananya Somayajulu,21A91A0152,ananya.somayajulu753@apedu.ac.in,4th Year,Civil Engineering,D,7,89.0,79,69,83,81,78,76,82,84,64,21,89,73,86,Low Risk
AP2024_3752,Divya Chary,23A91A0553,divya.chary754@apedu.ac.in,2nd Year,CSE,A,4,88.4,43,33,55,48,42,60,92,56,45,25,97,55,92,Medium Risk
AP2024_3753,Ravi Yadav,21A91A0554,ravi.yadav755@apedu.ac.in,4th Year,CSE,B,8,81.1,99,85,100,93,86,90,68,91,77,19,57,81,69,Low Risk
AP2024_3754,Naresh Somayajulu,24A91A0555,naresh.somayajulu756@apedu.ac.in,1st Year,CSE,D,2,53.1,76,73,90,72,74,78,69,73,70,13,65,82,61,High Risk
AP2024_3755,Akhil Kulkarni,22A91A0456,akhil.kulkarni757@apedu.ac.in,3rd Year,ECE,B,5,67.9,88,63,67,75,70,73,61,71,71,16,66,70,65,Medium Risk
AP2024_3756,Bhavya Babu,23A91A4457,bhavya.babu758@apedu.ac.in,2nd Year,CSE (Data Science),C,3,70.9,65,54,74,67,54,50,61,55,60,17,62,60,65,Medium Risk
AP2024_3757,Keerthi Somayajulu,23A91A0358,keerthi.somayajulu759@apedu.ac.in,2nd Year,Mechanical Engineering,D,3,76.3,70,79,78,66,65,79,79,75,72,20,71,86,75,Low Risk
AP2024_3758,Harika Babu,24A91A0559,harika.babu760@apedu.ac.in,1st Year,CSE,B,2,70.8,58,59,51,50,64,63,73,61,51,21,68,57,70,Medium Risk
AP2024_3759,Sneha Kulkarni,24A91A4460,sneha.kulkarni761@apedu.ac.in,1st Year,CSE (Data Science),A,1,88.5,68,71,68,62,63,63,86,77,66,18,85,69,86,Low Risk
AP2024_3760,Manasa Chowdary,23A91A0461,manasa.chowdary762@apedu.ac.in,2nd Year,ECE,C,4,62.8,55,60,73,79,77,66,63,59,55,15,51,69,59,Medium Risk
AP2024_3761,Divya Babu,21A91A0162,divya.babu763@apedu.ac.in,4th Year,Civil Engineering,A,8,63.6,68,49,62,59,47,71,62,69,47,14,62,69,62,Medium Risk
AP2024_3762,Bhavya Sharma,21A91A0263,bhavya.sharma764@apedu.ac.in,4th Year,EEE,C,7,59.2,48,61,81,70,64,49,53,65,61,11,55,62,56,Medium Risk
AP2024_3763,Kavya Bhatt,24A91A0364,kavya.bhatt765@apedu.ac.in,1st Year,Mechanical Engineering,A,1,79.4,52,63,64,65,70,61,72,78,56,17,74,73,75,Medium Risk
AP2024_3764,Rohit Prasad,22A91A4265,rohit.prasad766@apedu.ac.in,3rd Year,CSE (AI & ML),D,5,67.1,47,65,60,59,71,68,68,65,53,15,66,69,67,Medium Risk
AP2024_3765,Varun Gupta,24A91A1266,varun.gupta767@apedu.ac.in,1st Year,Information Technology,B,1,60.9,59,60,63,58,55,52,63,57,64,17,58,62,60,Medium Risk
AP2024_3766,Kavya Chowdary,21A91A4267,kavya.chowdary768@apedu.ac.in,4th Year,CSE (AI & ML),B,8,67.7,64,50,64,56,61,59,61,68,58,15,63,75,64,Medium Risk
AP2024_3767,Mahesh Sastry,23A91A4268,mahesh.sastry769@apedu.ac.in,2nd Year,CSE (AI & ML),A,3,74.5,59,52,70,48,64,68,70,61,59,20,75,71,73,Medium Risk
AP2024_3768,Sneha Yadav,24A91A4469,sneha.yadav770@apedu.ac.in,1st Year,CSE (Data Science),A,2,68.5,59,58,42,33,45,50,68,50,49,15,63,61,66,Medium Risk
AP2024_3769,Bhavya Raju,21A91A0370,bhavya.raju771@apedu.ac.in,4th Year,Mechanical Engineering,D,7,72.5,65,67,74,82,60,62,65,62,61,15,55,64,65,Low Risk
AP2024_3770,Ramesh Babu,23A91A0471,ramesh.babu772@apedu.ac.in,2nd Year,ECE,B,4,75.7,68,54,45,52,51,47,79,67,55,16,65,62,73,Medium Risk
AP2024_3771,Suresh Mishra,23A91A0172,suresh.mishra773@apedu.ac.in,2nd Year,Civil Engineering,A,4,72.7,42,37,30,31,41,41,61,50,37,13,62,45,65,High Risk
AP2024_3772,Charan Verma,21A91A1273,charan.verma774@apedu.ac.in,4th Year,Information Technology,D,7,83.0,83,65,59,51,53,72,79,73,56,20,76,78,79,Medium Risk
AP2024_3773,Tarun Kulkarni,24A91A1274,tarun.kulkarni775@apedu.ac.in,1st Year,Information Technology,A,2,89.1,60,68,62,60,56,64,87,72,60,24,90,62,88,Medium Risk
AP2024_3774,Tarun Sastry,23A91A4475,tarun.sastry776@apedu.ac.in,2nd Year,CSE (Data Science),A,4,85.9,99,87,79,81,76,79,92,89,75,22,87,81,88,Low Risk
AP2024_3775,Srikanth Reddy,21A91A4276,srikanth.reddy777@apedu.ac.in,4th Year,CSE (AI & ML),B,7,81.3,45,50,65,47,62,63,68,75,47,19,69,62,73,Medium Risk
AP2024_3776,Aditya Verma,22A91A4477,aditya.verma778@apedu.ac.in,3rd Year,CSE (Data Science),A,6,63.9,61,70,90,75,65,71,73,70,67,22,74,93,69,Medium Risk
AP2024_3777,Tarun Kulkarni,22A91A0378,tarun.kulkarni779@apedu.ac.in,3rd Year,Mechanical Engineering,D,5,50.8,87,78,72,43,70,73,52,74,63,17,61,73,54,High Risk
AP2024_3778,Harika Kulkarni,22A91A4479,harika.kulkarni780@apedu.ac.in,3rd Year,CSE (Data Science),A,6,61.9,80,67,86,81,78,64,63,74,72,14,59,78,61,Medium Risk
AP2024_3779,Akhil Yadav,23A91A4480,akhil.yadav781@apedu.ac.in,2nd Year,CSE (Data Science),C,3,92.2,58,79,66,61,67,78,96,75,59,25,98,63,95,Low Risk
AP2024_3780,Naresh Prasad,21A91A0281,naresh.prasad782@apedu.ac.in,4th Year,EEE,B,7,58.3,55,56,63,68,50,70,62,68,56,13,56,59,58,Medium Risk
AP2024_3781,Ganesh Chary,22A91A4482,ganesh.chary783@apedu.ac.in,3rd Year,CSE (Data Science),B,5,76.2,88,93,93,85,79,80,85,87,79,22,75,78,78,Low Risk
AP2024_3782,Karthik Patel,24A91A0183,karthik.patel784@apedu.ac.in,1st Year,Civil Engineering,C,1,54.1,64,64,71,42,56,49,62,51,52,13,65,64,59,High Risk
AP2024_3783,Sandhya Gupta,23A91A0384,sandhya.gupta785@apedu.ac.in,2nd Year,Mechanical Engineering,A,4,71.7,69,47,76,73,54,58,69,69,62,18,69,64,70,Medium Risk
AP2024_3784,Rahul Gupta,22A91A1285,rahul.gupta786@apedu.ac.in,3rd Year,Information Technology,A,6,54.0,61,48,65,47,53,58,59,54,50,12,49,69,54,High Risk
AP2024_3785,Lavanya Naidu,22A91A0486,lavanya.naidu787@apedu.ac.in,3rd Year,ECE,D,5,69.8,71,49,66,65,56,64,76,62,54,20,64,75,69,Medium Risk
AP2024_3786,Lavanya Prasad,21A91A4487,lavanya.prasad788@apedu.ac.in,4th Year,CSE (Data Science),A,7,49.7,77,66,77,85,74,74,48,54,75,13,53,77,50,High Risk
AP2024_3787,Gayatri Babu,22A91A4288,gayatri.babu789@apedu.ac.in,3rd Year,CSE (AI & ML),A,6,62.9,65,50,78,51,54,60,66,70,60,16,56,52,61,Medium Risk
AP2024_3788,Mahesh Sastry,21A91A4489,mahesh.sastry790@apedu.ac.in,4th Year,CSE (Data Science),D,8,76.5,61,56,70,68,72,65,76,62,61,14,70,74,74,Low Risk
AP2024_3789,Sandhya Sastry,23A91A0390,sandhya.sastry791@apedu.ac.in,2nd Year,Mechanical Engineering,B,3,84.9,70,57,53,50,73,71,78,72,59,21,72,72,78,Low Risk
AP2024_3790,Ravi Rao,22A91A0101,ravi.rao792@apedu.ac.in,3rd Year,Civil Engineering,B,5,62.9,60,46,36,37,41,56,67,67,53,17,73,52,67,Medium Risk
AP2024_3791,Nikhil Kumar,24A91A0502,nikhil.kumar793@apedu.ac.in,1st Year,CSE,C,2,63.7,74,54,63,48,74,66,62,61,67,15,63,63,62,Medium Risk
AP2024_3792,Manasa Prasad,22A91A0503,manasa.prasad794@apedu.ac.in,3rd Year,CSE,A,6,59.1,56,56,73,69,62,66,51,46,61,16,43,58,51,Medium Risk
AP2024_3793,Suresh Goud,22A91A0304,suresh.goud795@apedu.ac.in,3rd Year,Mechanical Engineering,C,5,72.5,67,55,66,55,72,69,63,72,63,13,64,69,67,Medium Risk
AP2024_3794,Varun Raju,23A91A1205,varun.raju796@apedu.ac.in,2nd Year,Information Technology,D,4,94.5,57,60,50,38,58,64,90,72,52,22,89,66,91,Medium Risk
AP2024_3795,Bhavya Varma,22A91A4406,bhavya.varma797@apedu.ac.in,3rd Year,CSE (Data Science),B,6,74.4,71,60,62,66,65,66,69,75,62,16,76,66,73,Low Risk
AP2024_3796,Divya Kulkarni,22A91A0407,divya.kulkarni798@apedu.ac.in,3rd Year,ECE,B,6,48.7,59,39,70,55,65,55,51,59,56,13,55,64,51,High Risk
AP2024_3797,Chaitanya Bhatt,24A91A0108,chaitanya.bhatt799@apedu.ac.in,1st Year,Civil Engineering,B,2,66.4,81,64,83,82,61,67,68,71,68,18,63,73,65,Medium Risk
AP2024_3798,Kavya Naidu,22A91A0309,kavya.naidu800@apedu.ac.in,3rd Year,Mechanical Engineering,D,5,71.0,69,71,82,75,77,69,85,65,71,25,78,76,77,Medium Risk
AP2024_3799,Aditya Patel,21A91A4410,aditya.patel801@apedu.ac.in,4th Year,CSE (Data Science),D,7,71.1,60,77,90,80,74,75,66,75,77,17,68,71,68,Medium Risk
AP2024_3800,Swathi Verma,23A91A0311,swathi.verma802@apedu.ac.in,2nd Year,Mechanical Engineering,A,4,61.4,53,50,47,49,43,57,61,58,45,16,61,58,61,Medium Risk
AP2024_3801,Pranavi Mishra,24A91A0312,pranavi.mishra803@apedu.ac.in,1st Year,Mechanical Engineering,C,2,66.3,84,61,76,90,67,62,71,68,66,19,68,79,68,Medium Risk
AP2024_3802,Venkata Yadav,21A91A0113,venkata.yadav804@apedu.ac.in,4th Year,Civil Engineering,C,8,88.0,59,54,63,58,64,68,88,76,59,20,93,65,89,Medium Risk
AP2024_3803,Venkata Chary,22A91A0214,venkata.chary805@apedu.ac.in,3rd Year,EEE,C,6,65.7,68,66,81,69,73,74,57,79,54,16,49,66,58,Medium Risk
AP2024_3804,Pranavi Reddy,23A91A4215,pranavi.reddy806@apedu.ac.in,2nd Year,CSE (AI & ML),A,4,64.0,55,58,67,57,57,68,62,55,49,15,62,62,62,Medium Risk
AP2024_3805,Suresh Sastry,21A91A0516,suresh.sastry807@apedu.ac.in,4th Year,CSE,B,7,94.6,58,68,74,47,91,74,79,78,72,20,87,91,87,Low Risk
AP2024_3806,Akhil Somayajulu,22A91A0217,akhil.somayajulu808@apedu.ac.in,3rd Year,EEE,A,5,83.7,59,57,83,65,67,77,86,72,62,22,87,78,85,Low Risk
AP2024_3807,Rahul Kumar,23A91A0218,rahul.kumar809@apedu.ac.in,2nd Year,EEE,A,4,70.6,52,60,54,36,55,64,59,58,35,13,52,62,61,Medium Risk
AP2024_3808,Sireesha Gupta,21A91A0319,sireesha.gupta810@apedu.ac.in,4th Year,Mechanical Engineering,C,7,60.8,68,69,73,52,41,53,57,54,46,12,36,66,52,Medium Risk
AP2024_3809,Bhavya Chowdary,23A91A0320,bhavya.chowdary811@apedu.ac.in,2nd Year,Mechanical Engineering,B,3,70.0,66,71,60,69,63,82,71,72,64,17,66,78,69,Medium Risk
AP2024_3810,Deepika Sastry,24A91A0121,deepika.sastry812@apedu.ac.in,1st Year,Civil Engineering,D,1,80.1,68,61,69,63,72,75,76,71,66,20,75,73,77,Low Risk
AP2024_3811,Sireesha Rao,24A91A4422,sireesha.rao813@apedu.ac.in,1st Year,CSE (Data Science),A,2,80.5,70,59,54,42,59,80,64,60,58,13,79,69,75,Medium Risk
AP2024_3812,Tejaswi Naidu,24A91A4423,tejaswi.naidu814@apedu.ac.in,1st Year,CSE (Data Science),D,2,59.9,54,53,47,39,52,48,65,57,46,15,51,59,58,Medium Risk
AP2024_3813,Manasa Chary,24A91A0524,manasa.chary815@apedu.ac.in,1st Year,CSE,B,2,78.0,61,54,65,68,58,77,78,75,52,18,77,61,77,Low Risk
AP2024_3814,Sravani Reddy,22A91A4425,sravani.reddy816@apedu.ac.in,3rd Year,CSE (Data Science),B,6,72.0,90,79,100,83,83,69,66,79,74,12,63,91,67,Medium Risk
AP2024_3815,Sandhya Mishra,22A91A4426,sandhya.mishra817@apedu.ac.in,3rd Year,CSE (Data Science),B,6,86.0,81,76,69,74,68,72,93,83,71,21,79,78,85,Low Risk
AP2024_3816,Charan Joshi,21A91A0527,charan.joshi818@apedu.ac.in,4th Year,CSE,C,8,63.8,51,49,60,48,67,49,61,59,42,14,53,54,59,Medium Risk
AP2024_3817,Swathi Mishra,21A91A1228,swathi.mishra819@apedu.ac.in,4th Year,Information Technology,C,8,57.4,83,61,64,55,46,63,49,57,68,11,53,60,53,High Risk
AP2024_3818,Pavan Goud,23A91A0329,pavan.goud820@apedu.ac.in,2nd Year,Mechanical Engineering,C,4,67.2,78,75,68,63,70,86,75,65,66,14,67,64,69,Medium Risk
AP2024_3819,Varun Joshi,22A91A0330,varun.joshi821@apedu.ac.in,3rd Year,Mechanical Engineering,C,6,70.6,70,62,62,74,57,67,59,59,59,14,57,82,63,Medium Risk
AP2024_3820,Gayatri Gupta,23A91A0231,gayatri.gupta822@apedu.ac.in,2nd Year,EEE,A,3,62.4,70,66,70,82,66,62,71,66,55,12,72,62,67,Medium Risk
AP2024_3821,Rahul Somayajulu,21A91A0532,rahul.somayajulu823@apedu.ac.in,4th Year,CSE,B,8,73.8,80,84,82,74,81,63,78,66,76,19,71,75,74,Low Risk
AP2024_3822,Sai Rao,24A91A0233,sai.rao824@apedu.ac.in,1st Year,EEE,C,1,76.7,71,63,94,81,62,77,81,82,70,20,68,88,75,Low Risk
AP2024_3823,Pranavi Bhatt,23A91A0434,pranavi.bhatt825@apedu.ac.in,2nd Year,ECE,B,3,55.0,57,50,36,47,55,38,59,52,46,15,58,54,57,High Risk
AP2024_3824,Suresh Patel,22A91A0435,suresh.patel826@apedu.ac.in,3rd Year,ECE,A,5,74.2,73,75,62,62,62,72,75,73,62,19,70,68,73,Low Risk
AP2024_3825,Sireesha Patel,21A91A0436,sireesha.patel827@apedu.ac.in,4th Year,ECE,D,7,92.3,73,67,59,42,62,55,82,59,63,21,90,64,88,Medium Risk
AP2024_3826,Yamini Goud,24A91A0237,yamini.goud828@apedu.ac.in,1st Year,EEE,C,2,47.0,72,53,76,54,48,57,45,47,53,10,45,67,45,High Risk
AP2024_3827,Akhil Mishra,21A91A1238,akhil.mishra829@apedu.ac.in,4th Year,Information Technology,B,8,63.4,71,61,70,66,55,61,70,64,58,17,63,68,65,Medium Risk
AP2024_3828,Ravi Somayajulu,23A91A1239,ravi.somayajulu830@apedu.ac.in,2nd Year,Information Technology,D,4,84.3,71,74,70,53,75,73,79,78,63,23,87,71,83,Low Risk
AP2024_3829,Tejaswi Yadav,21A91A0540,tejaswi.yadav831@apedu.ac.in,4th Year,CSE,B,7,63.6,41,51,50,37,40,52,61,50,53,11,53,54,59,Medium Risk
AP2024_3830,Srikanth Mishra,23A91A0241,srikanth.mishra832@apedu.ac.in,2nd Year,EEE,B,4,86.1,60,66,62,46,61,79,82,64,47,17,76,65,81,Low Risk
AP2024_3831,Pooja Mishra,23A91A4242,pooja.mishra833@apedu.ac.in,2nd Year,CSE (AI & ML),B,3,77.3,70,60,58,45,56,58,69,61,54,18,64,67,70,Medium Risk
AP2024_3832,Bhavya Naidu,23A91A4443,bhavya.naidu834@apedu.ac.in,2nd Year,CSE (Data Science),A,3,72.5,46,45,62,59,58,66,59,48,57,14,65,60,66,Medium Risk
AP2024_3833,Pavan Chary,24A91A0144,pavan.chary835@apedu.ac.in,1st Year,Civil Engineering,A,1,61.3,36,29,47,28,41,45,65,46,33,15,68,42,64,High Risk
AP2024_3834,Rahul Mishra,23A91A0245,rahul.mishra836@apedu.ac.in,2nd Year,EEE,D,4,65.0,58,56,47,53,45,74,74,67,49,16,74,71,70,Medium Risk
AP2024_3835,Sneha Sharma,21A91A0546,sneha.sharma837@apedu.ac.in,4th Year,CSE,B,8,74.4,67,70,69,65,54,78,79,71,60,19,85,72,78,Medium Risk
AP2024_3836,Sravani Prasad,24A91A4447,sravani.prasad838@apedu.ac.in,1st Year,CSE (Data Science),B,2,83.2,68,66,73,70,82,70,80,68,75,16,72,62,78,Low Risk
AP2024_3837,Keerthi Sastry,21A91A0248,keerthi.sastry839@apedu.ac.in,4th Year,EEE,C,8,51.5,63,77,53,52,48,56,63,56,52,17,51,71,54,High Risk
AP2024_3838,Yamini Yadav,22A91A4449,yamini.yadav840@apedu.ac.in,3rd Year,CSE (Data Science),D,6,72.4,55,49,51,55,46,39,70,61,46,18,76,55,72,Medium Risk
AP2024_3839,Rohit Bhatt,24A91A4450,rohit.bhatt841@apedu.ac.in,1st Year,CSE (Data Science),A,2,61.1,63,40,66,62,52,69,56,52,42,8,56,60,58,Medium Risk
AP2024_3840,Sandhya Kulkarni,21A91A0451,sandhya.kulkarni842@apedu.ac.in,4th Year,ECE,A,8,73.6,87,78,73,63,80,76,76,86,54,17,70,82,73,Low Risk
AP2024_3841,Tarun Rao,23A91A4252,tarun.rao843@apedu.ac.in,2nd Year,CSE (AI & ML),D,4,75.4,77,64,69,63,63,81,66,75,66,18,76,70,72,Low Risk
AP2024_3842,Aditya Naidu,21A91A0453,aditya.naidu844@apedu.ac.in,4th Year,ECE,D,7,76.5,66,61,78,45,67,87,65,75,63,18,61,78,68,Low Risk
AP2024_3843,Manoj Bhatt,23A91A0354,manoj.bhatt845@apedu.ac.in,2nd Year,Mechanical Engineering,B,3,70.8,65,78,61,59,78,72,62,72,68,19,62,78,65,Medium Risk
AP2024_3844,Aditya Varma,23A91A4455,aditya.varma846@apedu.ac.in,2nd Year,CSE (Data Science),A,4,66.6,50,53,72,55,70,65,78,56,51,19,72,76,71,Medium Risk
AP2024_3845,Ganesh Patel,24A91A0456,ganesh.patel847@apedu.ac.in,1st Year,ECE,B,2,66.6,57,42,56,47,56,43,63,59,43,20,55,56,62,Medium Risk
AP2024_3846,Nikhil Goud,22A91A0457,nikhil.goud848@apedu.ac.in,3rd Year,ECE,B,6,72.8,50,39,61,54,54,36,66,62,47,18,60,57,66,Medium Risk
AP2024_3847,Sireesha Joshi,22A91A0158,sireesha.joshi849@apedu.ac.in,3rd Year,Civil Engineering,A,6,71.7,65,73,71,76,82,73,71,68,79,16,76,77,72,Medium Risk
AP2024_3848,Ravi Yadav,21A91A0459,ravi.yadav850@apedu.ac.in,4th Year,ECE,B,8,61.7,64,57,80,66,52,59,56,67,59,13,68,75,61,Medium Risk
AP2024_3849,Tarun Gupta,23A91A0360,tarun.gupta851@apedu.ac.in,2nd Year,Mechanical Engineering,C,3,62.5,51,70,68,80,51,66,55,58,52,12,58,73,58,Medium Risk
AP2024_3850,Kavya Bhatt,21A91A4461,kavya.bhatt852@apedu.ac.in,4th Year,CSE (Data Science),D,7,43.5,76,69,59,60,64,61,52,46,59,14,48,60,47,High Risk
AP2024_3851,Ramesh Bhatt,21A91A4462,ramesh.bhatt853@apedu.ac.in,4th Year,CSE (Data Science),B,7,73.5,64,46,56,38,56,49,66,65,47,17,66,55,68,Medium Risk
AP2024_3852,Lavanya Naidu,23A91A0363,lavanya.naidu854@apedu.ac.in,2nd Year,Mechanical Engineering,B,3,71.6,50,58,65,58,57,60,59,58,57,13,63,56,65,Medium Risk
AP2024_3853,Ramesh Babu,21A91A0464,ramesh.babu855@apedu.ac.in,4th Year,ECE,D,7,38.0,55,66,72,68,55,59,46,61,49,14,51,72,44,High Risk
AP2024_3854,Sireesha Varma,23A91A4465,sireesha.varma856@apedu.ac.in,2nd Year,CSE (Data Science),A,3,91.0,34,47,54,52,39,45,78,54,42,20,83,50,84,Medium Risk
AP2024_3855,Harika Varma,22A91A0566,harika.varma857@apedu.ac.in,3rd Year,CSE,B,6,60.5,47,47,71,71,58,66,67,65,60,18,67,71,64,Medium Risk
AP2024_3856,Aditya Rao,24A91A1267,aditya.rao858@apedu.ac.in,1st Year,Information Technology,D,2,39.0,59,67,65,55,67,60,49,74,59,12,44,67,43,High Risk
AP2024_3857,Akhil Mishra,21A91A0468,akhil.mishra859@apedu.ac.in,4th Year,ECE,C,8,73.6,77,93,77,67,64,75,74,85,62,17,67,89,71,Medium Risk
AP2024_3858,Sandhya Kumar,23A91A0169,sandhya.kumar860@apedu.ac.in,2nd Year,Civil Engineering,A,3,60.4,54,48,65,48,54,77,63,59,44,20,55,63,59,Medium Risk
AP2024_3859,Karthik Sharma,24A91A0270,karthik.sharma861@apedu.ac.in,1st Year,EEE,B,2,72.8,79,59,47,57,57,50,74,74,52,15,76,65,74,Medium Risk
AP2024_3860,Manasa Yadav,24A91A4271,manasa.yadav862@apedu.ac.in,1st Year,CSE (AI & ML),D,2,76.2,71,59,72,57,77,65,72,58,56,17,75,65,74,Medium Risk
AP2024_3861,Pooja Kumar,23A91A4272,pooja.kumar863@apedu.ac.in,2nd Year,CSE (AI & ML),A,3,61.1,63,55,55,44,61,53,68,63,56,20,61,68,63,Medium Risk
AP2024_3862,Rohit Yadav,23A91A0573,rohit.yadav864@apedu.ac.in,2nd Year,CSE,A,4,75.2,63,81,60,61,63,59,71,63,61,15,63,80,70,Low Risk
AP2024_3863,Pavan Sharma,21A91A0474,pavan.sharma865@apedu.ac.in,4th Year,ECE,A,8,77.9,73,46,66,54,64,59,74,66,56,17,68,84,73,Medium Risk
AP2024_3864,Gayatri Sharma,24A91A1275,gayatri.sharma866@apedu.ac.in,1st Year,Information Technology,A,2,90.8,87,80,94,92,51,94,90,93,84,22,83,83,88,Low Risk
AP2024_3865,Manoj Kulkarni,21A91A4276,manoj.kulkarni867@apedu.ac.in,4th Year,CSE (AI & ML),B,7,56.1,75,43,69,50,51,55,52,61,47,6,44,65,51,High Risk
AP2024_3866,Tarun Rao,23A91A4277,tarun.rao868@apedu.ac.in,2nd Year,CSE (AI & ML),B,3,99.5,84,84,69,59,66,71,100,85,72,26,98,84,99,Low Risk
AP2024_3867,Sneha Chowdary,21A91A1278,sneha.chowdary869@apedu.ac.in,4th Year,Information Technology,B,8,73.4,74,85,62,62,67,63,79,64,66,16,71,70,74,Low Risk
AP2024_3868,Ananya Chowdary,24A91A4279,ananya.chowdary870@apedu.ac.in,1st Year,CSE (AI & ML),D,1,46.5,69,80,63,71,70,55,57,66,60,12,57,67,52,High Risk
AP2024_3869,Tarun Chowdary,23A91A0580,tarun.chowdary871@apedu.ac.in,2nd Year,CSE,A,3,64.9,59,61,55,51,40,49,51,59,56,13,50,49,56,Medium Risk
AP2024_3870,Gayatri Rao,21A91A0381,gayatri.rao872@apedu.ac.in,4th Year,Mechanical Engineering,D,7,50.5,76,73,81,70,79,57,36,55,68,12,55,71,47,High Risk
AP2024_3871,Nikhil Sharma,23A91A0282,nikhil.sharma873@apedu.ac.in,2nd Year,EEE,B,3,87.6,65,67,75,70,72,71,92,70,59,22,76,64,85,Low Risk
AP2024_3872,Ganesh Prasad,22A91A0583,ganesh.prasad874@apedu.ac.in,3rd Year,CSE,B,5,86.9,70,62,61,60,63,59,87,73,60,20,77,70,83,Low Risk
AP2024_3873,Mahesh Yadav,22A91A4484,mahesh.yadav875@apedu.ac.in,3rd Year,CSE (Data Science),C,5,81.7,66,51,50,36,59,61,73,60,55,18,65,66,74,Medium Risk
AP2024_3874,Aditya Chowdary,24A91A0585,aditya.chowdary876@apedu.ac.in,1st Year,CSE,D,2,93.6,99,73,90,83,73,74,90,89,71,20,89,85,91,Low Risk
AP2024_3875,Akhil Varma,22A91A0386,akhil.varma877@apedu.ac.in,3rd Year,Mechanical Engineering,B,5,47.1,49,53,58,52,56,39,49,54,46,11,33,50,43,High Risk
AP2024_3876,Rohit Chary,22A91A4487,rohit.chary878@apedu.ac.in,3rd Year,CSE (Data Science),A,6,73.8,60,62,70,54,72,54,73,74,55,17,69,78,72,Low Risk
AP2024_3877,Swathi Sharma,22A91A0188,swathi.sharma879@apedu.ac.in,3rd Year,Civil Engineering,A,6,57.5,55,63,55,59,56,52,52,56,50,11,48,54,52,High Risk
AP2024_3878,Sai Sharma,22A91A1289,sai.sharma880@apedu.ac.in,3rd Year,Information Technology,A,5,68.5,65,63,50,36,52,59,56,66,47,12,53,59,60,Medium Risk
AP2024_3879,Harika Verma,21A91A4490,harika.verma881@apedu.ac.in,4th Year,CSE (Data Science),C,7,89.1,71,73,81,74,76,67,75,77,62,20,79,86,81,Low Risk
AP2024_3880,Bhavya Murthy,22A91A0301,bhavya.murthy882@apedu.ac.in,3rd Year,Mechanical Engineering,D,6,64.5,81,74,58,49,53,84,72,75,51,17,81,71,71,Medium Risk
AP2024_3881,Pavan Varma,23A91A0202,pavan.varma883@apedu.ac.in,2nd Year,EEE,A,3,63.9,73,70,69,58,65,58,56,70,63,10,43,80,55,Medium Risk
AP2024_3882,Rohit Reddy,23A91A0503,rohit.reddy884@apedu.ac.in,2nd Year,CSE,D,4,64.6,75,67,72,54,66,60,67,70,54,15,66,70,65,Medium Risk
AP2024_3883,Suresh Kumar,23A91A0404,suresh.kumar885@apedu.ac.in,2nd Year,ECE,D,4,64.8,68,68,68,80,67,71,63,68,64,16,58,79,62,Medium Risk
AP2024_3884,Varun Rao,23A91A1205,varun.rao886@apedu.ac.in,2nd Year,Information Technology,A,3,61.4,75,72,65,56,53,69,61,72,63,18,61,73,61,Medium Risk
AP2024_3885,Ganesh Murthy,24A91A0406,ganesh.murthy887@apedu.ac.in,1st Year,ECE,B,2,45.9,80,68,74,81,68,62,55,70,51,16,55,76,51,High Risk
AP2024_3886,Divya Gupta,24A91A0307,divya.gupta888@apedu.ac.in,1st Year,Mechanical Engineering,C,2,69.0,65,50,59,55,60,45,61,71,52,19,66,53,65,Medium Risk
AP2024_3887,Sneha Kulkarni,24A91A0208,sneha.kulkarni889@apedu.ac.in,1st Year,EEE,A,1,73.2,56,47,62,53,43,47,63,62,49,14,52,63,63,Medium Risk
AP2024_3888,Nikhil Rao,24A91A0309,nikhil.rao890@apedu.ac.in,1st Year,Mechanical Engineering,D,1,51.2,54,44,65,59,58,58,55,56,48,14,47,64,51,High Risk
AP2024_3889,Ravi Bhatt,21A91A0110,ravi.bhatt891@apedu.ac.in,4th Year,Civil Engineering,C,8,77.2,66,69,77,65,72,78,82,78,77,16,74,80,77,Medium Risk
AP2024_3890,Gayatri Naidu,22A91A0311,gayatri.naidu892@apedu.ac.in,3rd Year,Mechanical Engineering,C,6,72.5,57,52,76,74,71,78,67,64,67,18,73,67,71,Low Risk
AP2024_3891,Tejaswi Murthy,23A91A0212,tejaswi.murthy893@apedu.ac.in,2nd Year,EEE,D,3,71.6,66,62,67,61,52,70,74,71,60,18,71,64,72,Medium Risk
AP2024_3892,Harika Varma,22A91A0113,harika.varma894@apedu.ac.in,3rd Year,Civil Engineering,A,6,72.5,79,52,72,72,73,58,64,77,70,17,70,62,69,Low Risk
AP2024_3893,Suresh Rao,24A91A4214,suresh.rao895@apedu.ac.in,1st Year,CSE (AI & ML),A,1,72.7,56,68,70,53,53,63,77,61,53,16,73,67,74,Medium Risk
AP2024_3894,Manoj Reddy,21A91A4215,manoj.reddy896@apedu.ac.in,4th Year,CSE (AI & ML),D,7,69.2,87,68,68,81,60,85,72,72,70,18,48,68,63,Medium Risk
AP2024_3895,Tarun Raju,24A91A4416,tarun.raju897@apedu.ac.in,1st Year,CSE (Data Science),D,2,76.6,61,59,55,59,60,59,77,68,56,17,79,56,77,Medium Risk
AP2024_3896,Akhil Rao,24A91A0317,akhil.rao898@apedu.ac.in,1st Year,Mechanical Engineering,D,1,75.6,84,53,49,51,61,65,73,66,57,21,66,72,71,Medium Risk
AP2024_3897,Harika Varma,24A91A0318,harika.varma899@apedu.ac.in,1st Year,Mechanical Engineering,A,1,71.8,50,64,61,32,60,59,66,53,66,12,48,67,62,Medium Risk
AP2024_3898,Mahesh Naidu,23A91A0119,mahesh.naidu900@apedu.ac.in,2nd Year,Civil Engineering,D,3,78.7,70,80,76,73,56,63,80,79,68,19,83,80,80,Low Risk
AP2024_3899,Harika Verma,24A91A0420,harika.verma901@apedu.ac.in,1st Year,ECE,C,2,58.6,69,72,63,59,58,56,62,59,65,18,60,54,60,Medium Risk
AP2024_3900,Rahul Rao,22A91A0221,rahul.rao902@apedu.ac.in,3rd Year,EEE,D,6,72.0,47,48,54,60,45,49,79,55,45,19,67,56,72,Medium Risk
AP2024_3901,Pavan Sharma,21A91A4222,pavan.sharma903@apedu.ac.in,4th Year,CSE (AI & ML),B,7,72.8,57,69,63,55,49,73,64,60,55,14,58,56,65,Medium Risk
AP2024_3902,Venkata Reddy,21A91A0323,venkata.reddy904@apedu.ac.in,4th Year,Mechanical Engineering,C,7,82.2,76,75,82,66,65,82,69,73,58,21,89,84,80,Low Risk
AP2024_3903,Lavanya Murthy,21A91A1224,lavanya.murthy905@apedu.ac.in,4th Year,Information Technology,A,8,99.5,59,66,60,47,54,64,100,78,51,26,98,62,99,Medium Risk
AP2024_3904,Manoj Chowdary,24A91A0425,manoj.chowdary906@apedu.ac.in,1st Year,ECE,B,2,75.2,69,69,73,46,64,64,73,72,54,17,56,75,68,Medium Risk
AP2024_3905,Ramesh Prasad,23A91A0226,ramesh.prasad907@apedu.ac.in,2nd Year,EEE,D,4,60.6,49,46,50,40,63,66,62,62,43,16,52,52,58,Medium Risk
AP2024_3906,Tarun Murthy,23A91A0327,tarun.murthy908@apedu.ac.in,2nd Year,Mechanical Engineering,A,3,55.9,66,55,78,66,61,57,63,72,53,12,59,66,58,High Risk
AP2024_3907,Akhil Verma,23A91A0528,akhil.verma909@apedu.ac.in,2nd Year,CSE,A,4,74.7,70,77,68,59,64,78,72,68,66,19,72,72,73,Low Risk
AP2024_3908,Ananya Raju,21A91A0129,ananya.raju910@apedu.ac.in,4th Year,Civil Engineering,A,8,74.7,61,51,73,89,49,68,60,59,63,15,55,65,64,Medium Risk
AP2024_3909,Pavan Patel,24A91A4230,pavan.patel911@apedu.ac.in,1st Year,CSE (AI & ML),A,1,75.4,37,60,53,51,48,45,77,71,51,19,77,63,76,Medium Risk
AP2024_3910,Lavanya Bhatt,21A91A4231,lavanya.bhatt912@apedu.ac.in,4th Year,CSE (AI & ML),C,8,78.1,72,65,60,49,59,59,74,63,46,14,74,61,75,Medium Risk
AP2024_3911,Karthik Reddy,22A91A4232,karthik.reddy913@apedu.ac.in,3rd Year,CSE (AI & ML),C,5,56.0,76,51,67,55,64,47,43,62,54,8,49,73,49,High Risk
AP2024_3912,Naresh Reddy,22A91A4233,naresh.reddy914@apedu.ac.in,3rd Year,CSE (AI & ML),C,5,64.5,28,45,28,27,27,54,60,28,23,16,56,38,60,High Risk
AP2024_3913,Aditya Rao,22A91A0234,aditya.rao915@apedu.ac.in,3rd Year,EEE,D,5,70.5,75,52,82,64,67,68,73,71,77,15,50,69,65,Medium Risk
AP2024_3914,Tarun Chary,21A91A4235,tarun.chary916@apedu.ac.in,4th Year,CSE (AI & ML),B,7,66.2,51,55,68,60,48,59,71,68,55,14,46,56,61,Medium Risk
AP2024_3915,Mahesh Bhatt,21A91A0136,mahesh.bhatt917@apedu.ac.in,4th Year,Civil Engineering,D,7,42.1,79,70,81,71,84,63,48,63,83,9,44,76,44,High Risk
AP2024_3916,Ramesh Joshi,22A91A0137,ramesh.joshi918@apedu.ac.in,3rd Year,Civil Engineering,D,5,51.5,58,59,58,37,38,42,57,51,58,9,40,54,49,High Risk
AP2024_3917,Harika Varma,23A91A0238,harika.varma919@apedu.ac.in,2nd Year,EEE,A,4,38.0,83,65,53,59,63,67,42,66,63,12,44,73,41,High Risk
AP2024_3918,Ravi Sastry,22A91A0439,ravi.sastry920@apedu.ac.in,3rd Year,ECE,B,5,56.5,43,38,51,45,45,51,61,53,38,14,57,51,58,High Risk
AP2024_3919,Sireesha Murthy,23A91A0240,sireesha.murthy921@apedu.ac.in,2nd Year,EEE,A,3,64.2,62,81,72,54,63,62,54,77,63,12,60,86,59,Medium Risk
AP2024_3920,Gayatri Babu,24A91A0241,gayatri.babu922@apedu.ac.in,1st Year,EEE,B,1,79.0,51,42,57,41,47,61,80,62,29,19,87,45,81,Medium Risk
AP2024_3921,Ganesh Kulkarni,23A91A0442,ganesh.kulkarni923@apedu.ac.in,2nd Year,ECE,D,3,67.2,47,68,46,61,56,37,53,59,50,13,55,49,59,High Risk
AP2024_3922,Ananya Mishra,21A91A4243,ananya.mishra924@apedu.ac.in,4th Year,CSE (AI & ML),A,7,55.8,41,30,38,36,46,55,49,60,41,15,55,52,53,High Risk
AP2024_3923,Deepika Rao,23A91A0244,deepika.rao925@apedu.ac.in,2nd Year,EEE,A,3,58.7,82,74,85,79,65,70,51,85,78,13,54,81,54,Medium Risk
AP2024_3924,Chaitanya Naidu,23A91A1245,chaitanya.naidu926@apedu.ac.in,2nd Year,Information Technology,B,4,43.3,61,51,73,75,52,54,51,63,50,9,46,71,46,High Risk
AP2024_3925,Suresh Naidu,21A91A0246,suresh.naidu927@apedu.ac.in,4th Year,EEE,A,7,58.7,38,41,45,45,54,50,67,52,43,12,65,47,63,Medium Risk
AP2024_3926,Pooja Joshi,21A91A0247,pooja.joshi928@apedu.ac.in,4th Year,EEE,B,8,72.5,48,46,44,58,47,53,68,53,41,16,69,66,70,Medium Risk
AP2024_3927,Sneha Chowdary,21A91A0448,sneha.chowdary929@apedu.ac.in,4th Year,ECE,D,8,49.6,65,79,73,67,61,82,48,72,68,11,47,77,48,High Risk
AP2024_3928,Sandhya Kumar,21A91A4449,sandhya.kumar930@apedu.ac.in,4th Year,CSE (Data Science),A,7,65.8,54,66,72,62,66,64,64,67,59,14,66,64,65,Medium Risk
AP2024_3929,Venkata Raju,24A91A1250,venkata.raju931@apedu.ac.in,1st Year,Information Technology,C,2,84.9,63,61,84,66,65,70,76,68,59,22,85,69,82,Low Risk
AP2024_3930,Sravani Kulkarni,24A91A0451,sravani.kulkarni932@apedu.ac.in,1st Year,ECE,D,1,67.7,59,64,67,58,54,60,74,70,51,20,70,64,70,Medium Risk
AP2024_3931,Naresh Naidu,22A91A4252,naresh.naidu933@apedu.ac.in,3rd Year,CSE (AI & ML),A,6,54.3,59,50,69,47,64,63,64,71,52,17,71,64,62,High Risk
AP2024_3932,Sneha Mishra,21A91A4453,sneha.mishra934@apedu.ac.in,4th Year,CSE (Data Science),D,8,74.0,65,53,59,40,42,65,75,63,48,21,55,65,68,Medium Risk
AP2024_3933,Yamini Mishra,23A91A0154,yamini.mishra935@apedu.ac.in,2nd Year,Civil Engineering,D,4,67.5,43,64,46,44,45,61,65,66,50,19,58,77,63,Medium Risk
AP2024_3934,Ananya Raju,24A91A0455,ananya.raju936@apedu.ac.in,1st Year,ECE,A,2,84.5,51,38,63,52,32,52,77,66,40,16,69,56,77,Medium Risk
AP2024_3935,Kavya Naidu,21A91A0356,kavya.naidu937@apedu.ac.in,4th Year,Mechanical Engineering,D,7,99.5,69,72,73,68,64,68,92,83,70,27,96,92,96,Low Risk
AP2024_3936,Karthik Sastry,23A91A1257,karthik.sastry938@apedu.ac.in,2nd Year,Information Technology,C,3,64.5,43,39,55,55,47,51,53,63,52,18,66,55,61,Medium Risk
AP2024_3937,Yamini Joshi,23A91A0158,yamini.joshi939@apedu.ac.in,2nd Year,Civil Engineering,C,4,62.8,35,59,64,71,54,56,61,64,48,14,72,57,65,Medium Risk
AP2024_3938,Harika Babu,21A91A0259,harika.babu940@apedu.ac.in,4th Year,EEE,A,7,60.3,54,31,40,30,56,58,62,60,47,13,59,57,60,High Risk
AP2024_3939,Ramesh Murthy,22A91A0160,ramesh.murthy941@apedu.ac.in,3rd Year,Civil Engineering,B,6,89.0,73,74,68,61,66,72,98,80,53,22,90,85,92,Low Risk
AP2024_3940,Kavya Chary,21A91A0261,kavya.chary942@apedu.ac.in,4th Year,EEE,D,7,88.3,95,73,66,76,66,69,86,76,71,18,74,76,83,Low Risk
AP2024_3941,Sandhya Gupta,23A91A1262,sandhya.gupta943@apedu.ac.in,2nd Year,Information Technology,A,3,82.3,83,64,67,67,59,76,75,66,57,21,76,59,78,Low Risk
AP2024_3942,Rohit Joshi,22A91A0163,rohit.joshi944@apedu.ac.in,3rd Year,Civil Engineering,B,5,50.2,59,54,49,42,58,53,53,52,41,14,52,66,51,High Risk
AP2024_3943,Sneha Kumar,23A91A0264,sneha.kumar945@apedu.ac.in,2nd Year,EEE,B,4,68.2,56,51,70,62,50,66,72,56,45,19,66,66,68,Medium Risk
AP2024_3944,Sai Mishra,23A91A0165,sai.mishra946@apedu.ac.in,2nd Year,Civil Engineering,B,4,62.6,81,66,67,63,82,68,60,64,60,14,68,81,63,Medium Risk
AP2024_3945,Gayatri Rao,21A91A0266,gayatri.rao947@apedu.ac.in,4th Year,EEE,D,7,38.0,56,51,41,33,48,40,39,51,43,9,35,61,37,High Risk
AP2024_3946,Sravani Varma,21A91A0167,sravani.varma948@apedu.ac.in,4th Year,Civil Engineering,A,7,84.6,58,44,60,56,55,52,82,59,58,20,77,55,81,Medium Risk
AP2024_3947,Gayatri Naidu,24A91A4268,gayatri.naidu949@apedu.ac.in,1st Year,CSE (AI & ML),B,2,38.0,72,51,64,55,58,64,47,64,59,11,52,67,44,High Risk
AP2024_3948,Suresh Bhatt,23A91A4469,suresh.bhatt950@apedu.ac.in,2nd Year,CSE (Data Science),B,4,50.2,44,35,52,43,55,42,57,50,45,14,44,50,50,High Risk
AP2024_3949,Deepika Chowdary,23A91A1270,deepika.chowdary951@apedu.ac.in,2nd Year,Information Technology,D,3,72.4,64,58,57,41,62,68,81,74,47,19,78,68,76,Medium Risk
AP2024_3950,Sai Patel,23A91A0571,sai.patel952@apedu.ac.in,2nd Year,CSE,C,3,69.2,66,62,56,55,80,59,59,62,66,13,60,74,63,Medium Risk
AP2024_3951,Sireesha Joshi,24A91A0372,sireesha.joshi953@apedu.ac.in,1st Year,Mechanical Engineering,A,2,38.9,33,56,62,39,49,60,38,51,62,9,46,59,40,High Risk
AP2024_3952,Sneha Kumar,22A91A1273,sneha.kumar954@apedu.ac.in,3rd Year,Information Technology,B,6,80.0,52,58,59,38,57,61,70,62,45,14,60,67,70,Medium Risk
AP2024_3953,Kavya Chowdary,24A91A0374,kavya.chowdary955@apedu.ac.in,1st Year,Mechanical Engineering,A,2,72.1,54,43,55,57,69,60,79,51,49,16,76,57,75,Medium Risk
AP2024_3954,Bhavya Somayajulu,22A91A0575,bhavya.somayajulu956@apedu.ac.in,3rd Year,CSE,D,6,54.6,64,57,60,62,47,58,65,54,42,14,53,56,57,High Risk
AP2024_3955,Tarun Naidu,21A91A4276,tarun.naidu957@apedu.ac.in,4th Year,CSE (AI & ML),B,8,60.3,41,49,49,55,52,45,58,62,44,15,55,52,58,Medium Risk
AP2024_3956,Kavya Chary,24A91A0177,kavya.chary958@apedu.ac.in,1st Year,Civil Engineering,D,1,78.9,57,59,31,20,65,61,74,63,47,16,85,59,79,Medium Risk
AP2024_3957,Yamini Varma,24A91A4278,yamini.varma959@apedu.ac.in,1st Year,CSE (AI & ML),D,2,41.3,59,52,74,64,45,35,36,48,42,9,35,57,37,High Risk
AP2024_3958,Varun Murthy,24A91A0379,varun.murthy960@apedu.ac.in,1st Year,Mechanical Engineering,B,1,60.0,72,61,55,34,51,50,67,57,48,19,68,64,64,Medium Risk
AP2024_3959,Tarun Yadav,21A91A0180,tarun.yadav961@apedu.ac.in,4th Year,Civil Engineering,B,8,88.7,51,66,53,60,51,55,87,71,53,25,80,61,85,Medium Risk
AP2024_3960,Swathi Prasad,21A91A0181,swathi.prasad962@apedu.ac.in,4th Year,Civil Engineering,C,8,86.4,97,71,87,86,70,78,85,82,72,23,73,84,81,Low Risk
AP2024_3961,Rahul Patel,22A91A0382,rahul.patel963@apedu.ac.in,3rd Year,Mechanical Engineering,A,6,58.0,69,57,84,80,67,66,59,72,59,15,70,71,61,Medium Risk
AP2024_3962,Suresh Chowdary,23A91A0583,suresh.chowdary964@apedu.ac.in,2nd Year,CSE,D,3,64.4,64,70,57,50,63,73,77,61,54,20,74,67,71,Medium Risk
AP2024_3963,Srikanth Verma,21A91A0384,srikanth.verma965@apedu.ac.in,4th Year,Mechanical Engineering,A,7,84.3,73,61,63,51,45,60,81,70,58,17,71,57,79,Medium Risk
AP2024_3964,Pooja Sastry,24A91A0585,pooja.sastry966@apedu.ac.in,1st Year,CSE,B,2,70.1,56,63,49,51,48,66,62,51,45,20,61,51,64,Medium Risk
AP2024_3965,Ramesh Joshi,21A91A0186,ramesh.joshi967@apedu.ac.in,4th Year,Civil Engineering,C,7,70.2,55,54,51,55,45,58,70,70,45,14,56,77,65,Medium Risk
AP2024_3966,Nikhil Murthy,23A91A0287,nikhil.murthy968@apedu.ac.in,2nd Year,EEE,C,3,60.9,67,54,53,60,61,56,56,65,62,19,65,54,60,Medium Risk
AP2024_3967,Srikanth Chary,24A91A1288,srikanth.chary969@apedu.ac.in,1st Year,Information Technology,A,2,74.0,65,67,72,80,70,60,63,65,65,15,71,66,69,Low Risk
AP2024_3968,Ananya Reddy,22A91A0289,ananya.reddy970@apedu.ac.in,3rd Year,EEE,C,5,74.9,66,80,69,65,64,88,80,78,69,18,78,87,77,Low Risk
AP2024_3969,Aditya Rao,22A91A0190,aditya.rao971@apedu.ac.in,3rd Year,Civil Engineering,C,6,74.4,72,60,76,60,66,67,73,72,59,18,67,59,71,Low Risk
AP2024_3970,Yamini Chary,21A91A1201,yamini.chary972@apedu.ac.in,4th Year,Information Technology,D,8,63.9,78,70,76,79,79,59,73,77,79,16,74,77,69,Medium Risk
AP2024_3971,Ananya Patel,21A91A4402,ananya.patel973@apedu.ac.in,4th Year,CSE (Data Science),A,8,65.7,69,58,88,82,53,56,61,65,63,15,52,76,60,Medium Risk
AP2024_3972,Pavan Patel,21A91A1203,pavan.patel974@apedu.ac.in,4th Year,Information Technology,D,8,70.4,63,58,57,29,70,67,72,57,58,19,79,66,73,Medium Risk
AP2024_3973,Charan Joshi,24A91A0204,charan.joshi975@apedu.ac.in,1st Year,EEE,C,2,61.8,63,64,49,68,56,56,46,46,53,14,55,69,55,Medium Risk
AP2024_3974,Pranavi Sharma,24A91A4405,pranavi.sharma976@apedu.ac.in,1st Year,CSE (Data Science),B,2,67.3,66,59,62,66,78,63,79,60,60,18,68,62,71,Medium Risk
AP2024_3975,Srikanth Raju,21A91A4406,srikanth.raju977@apedu.ac.in,4th Year,CSE (Data Science),B,8,78.1,84,65,77,63,64,73,77,80,66,21,87,79,80,Low Risk
AP2024_3976,Deepika Patel,22A91A4207,deepika.patel978@apedu.ac.in,3rd Year,CSE (AI & ML),D,5,81.0,67,77,54,69,53,56,78,72,57,13,64,68,75,Low Risk
AP2024_3977,Charan Chary,22A91A0508,charan.chary979@apedu.ac.in,3rd Year,CSE,A,5,75.9,90,76,100,80,82,91,67,79,82,15,63,93,69,Low Risk
AP2024_3978,Ganesh Goud,23A91A4409,ganesh.goud980@apedu.ac.in,2nd Year,CSE (Data Science),B,3,77.0,67,76,92,92,73,75,77,79,82,20,79,82,77,Low Risk
AP2024_3979,Tejaswi Goud,21A91A1210,tejaswi.goud981@apedu.ac.in,4th Year,Information Technology,D,8,96.5,83,65,55,52,59,69,72,68,59,19,84,88,85,Low Risk
AP2024_3980,Pavan Prasad,23A91A4211,pavan.prasad982@apedu.ac.in,2nd Year,CSE (AI & ML),D,4,64.0,44,52,54,46,46,47,62,50,55,12,57,47,61,Medium Risk
AP2024_3981,Venkata Chowdary,24A91A0212,venkata.chowdary983@apedu.ac.in,1st Year,EEE,A,1,71.2,61,66,61,63,77,60,63,68,59,19,69,82,68,Medium Risk
AP2024_3982,Rahul Kumar,22A91A0513,rahul.kumar984@apedu.ac.in,3rd Year,CSE,A,6,92.3,85,60,67,80,75,69,86,65,74,20,88,63,89,Low Risk
AP2024_3983,Chaitanya Reddy,24A91A0114,chaitanya.reddy985@apedu.ac.in,1st Year,Civil Engineering,D,2,38.5,40,45,41,48,57,51,50,57,41,11,49,60,45,High Risk
AP2024_3984,Ravi Joshi,23A91A4215,ravi.joshi986@apedu.ac.in,2nd Year,CSE (AI & ML),B,3,58.9,66,68,69,82,66,56,54,58,57,16,55,56,56,Medium Risk
AP2024_3985,Naresh Chary,22A91A0516,naresh.chary987@apedu.ac.in,3rd Year,CSE,C,6,68.5,48,55,32,35,48,66,69,60,46,15,56,53,64,Medium Risk
AP2024_3986,Lavanya Varma,21A91A4417,lavanya.varma988@apedu.ac.in,4th Year,CSE (Data Science),D,8,68.4,80,72,51,57,66,55,56,58,66,13,53,65,60,Medium Risk
AP2024_3987,Pooja Varma,24A91A0518,pooja.varma989@apedu.ac.in,1st Year,CSE,B,1,68.5,67,49,61,61,40,61,64,57,49,20,72,62,68,Medium Risk
AP2024_3988,Akhil Raju,23A91A0319,akhil.raju990@apedu.ac.in,2nd Year,Mechanical Engineering,B,4,68.3,74,65,79,79,56,70,62,65,60,14,58,74,63,Medium Risk
AP2024_3989,Ganesh Kumar,21A91A1220,ganesh.kumar991@apedu.ac.in,4th Year,Information Technology,C,7,72.2,68,60,61,69,73,62,69,72,58,19,64,63,68,Medium Risk
AP2024_3990,Sneha Kumar,22A91A0221,sneha.kumar992@apedu.ac.in,3rd Year,EEE,B,5,76.8,65,69,59,60,69,88,79,70,46,22,78,80,77,Medium Risk
AP2024_3991,Suresh Kulkarni,23A91A0222,suresh.kulkarni993@apedu.ac.in,2nd Year,EEE,C,4,80.8,73,66,91,85,66,88,67,79,59,14,66,76,72,Low Risk
AP2024_3992,Varun Rao,24A91A0223,varun.rao994@apedu.ac.in,1st Year,EEE,C,2,86.0,70,66,67,62,76,81,81,79,73,16,80,81,82,Low Risk
AP2024_3993,Srikanth Gupta,21A91A4424,srikanth.gupta995@apedu.ac.in,4th Year,CSE (Data Science),B,8,84.0,72,83,82,60,69,85,87,66,64,21,96,83,88,Low Risk
AP2024_3994,Pooja Chowdary,23A91A4425,pooja.chowdary996@apedu.ac.in,2nd Year,CSE (Data Science),D,3,73.8,73,67,65,67,64,72,76,77,66,20,82,67,76,Medium Risk
AP2024_3995,Tejaswi Joshi,21A91A1226,tejaswi.joshi997@apedu.ac.in,4th Year,Information Technology,D,7,60.0,44,72,42,47,70,61,54,63,61,17,75,69,62,Medium Risk
AP2024_3996,Tarun Sharma,23A91A4427,tarun.sharma998@apedu.ac.in,2nd Year,CSE (Data Science),D,4,58.6,27,30,20,20,26,35,49,37,20,11,53,46,54,High Risk
AP2024_3997,Sneha Reddy,23A91A4428,sneha.reddy0@apedu.ac.in,2nd Year,CSE (Data Science),A,4,74.9,52,78,43,41,67,65,74,66,44,18,62,64,70,Medium Risk
AP2024_3998,Sravani Kumar,24A91A4229,sravani.kumar1@apedu.ac.in,1st Year,CSE (AI & ML),D,1,53.0,48,42,55,34,28,50,53,51,42,14,53,57,53,High Risk
AP2024_3999,Nikhil Rao,22A91A0430,nikhil.rao2@apedu.ac.in,3rd Year,ECE,A,6,62.1,45,41,41,50,47,45,62,59,48,14,73,62,65,High Risk
AP2024_4000,Manasa Chary,23A91A4431,manasa.chary3@apedu.ac.in,2nd Year,CSE (Data Science),C,4,99.5,61,54,50,39,62,70,91,65,49,23,80,68,91,Medium Risk
AP2024_4001,Gayatri Verma,22A91A0232,gayatri.verma4@apedu.ac.in,3rd Year,EEE,A,5,61.0,70,67,56,52,72,70,66,61,66,14,58,71,61,Medium Risk
AP2024_4002,Karthik Somayajulu,24A91A0133,karthik.somayajulu5@apedu.ac.in,1st Year,Civil Engineering,D,1,68.5,59,58,68,50,75,58,66,85,55,20,74,79,69,Medium Risk
AP2024_4003,Sravani Mishra,22A91A0134,sravani.mishra6@apedu.ac.in,3rd Year,Civil Engineering,C,5,72.4,79,67,70,81,64,69,73,75,68,18,68,69,71,Low Risk
AP2024_4004,Aditya Raju,22A91A0335,aditya.raju7@apedu.ac.in,3rd Year,Mechanical Engineering,C,6,88.9,61,77,73,63,61,57,85,72,59,23,76,78,83,Low Risk
AP2024_4005,Kavya Murthy,24A91A0336,kavya.murthy8@apedu.ac.in,1st Year,Mechanical Engineering,A,1,96.4,58,54,71,59,62,80,89,61,66,19,76,65,88,Low Risk
AP2024_4006,Sravani Chary,23A91A4237,sravani.chary9@apedu.ac.in,2nd Year,CSE (AI & ML),A,4,59.8,57,40,44,38,57,55,67,59,45,19,61,61,62,Medium Risk
AP2024_4007,Sireesha Verma,24A91A1238,sireesha.verma10@apedu.ac.in,1st Year,Information Technology,C,1,83.6,83,66,93,88,60,79,77,80,81,20,84,82,81,Low Risk
AP2024_4008,Chaitanya Prasad,21A91A0539,chaitanya.prasad11@apedu.ac.in,4th Year,CSE,C,7,75.0,47,57,52,48,47,73,74,48,53,20,71,60,73,Medium Risk
AP2024_4009,Sireesha Sastry,23A91A4240,sireesha.sastry12@apedu.ac.in,2nd Year,CSE (AI & ML),C,4,80.6,60,66,79,76,61,69,71,62,65,17,69,76,74,Low Risk
AP2024_4010,Lavanya Kulkarni,23A91A0141,lavanya.kulkarni13@apedu.ac.in,2nd Year,Civil Engineering,B,4,88.3,64,70,97,85,90,79,92,78,77,24,70,84,83,Low Risk
AP2024_4011,Karthik Naidu,21A91A4442,karthik.naidu14@apedu.ac.in,4th Year,CSE (Data Science),C,8,56.9,53,69,71,65,50,52,46,62,53,13,52,69,52,High Risk
AP2024_4012,Divya Sharma,23A91A4443,divya.sharma15@apedu.ac.in,2nd Year,CSE (Data Science),B,4,73.2,56,63,44,37,55,57,69,61,42,20,59,62,67,Medium Risk
AP2024_4013,Nikhil Bhatt,24A91A4244,nikhil.bhatt16@apedu.ac.in,1st Year,CSE (AI & ML),D,1,64.4,95,61,70,72,77,70,57,66,71,22,77,72,65,Medium Risk
AP2024_4014,Venkata Prasad,23A91A4445,venkata.prasad17@apedu.ac.in,2nd Year,CSE (Data Science),A,3,38.0,58,58,59,53,36,46,27,40,53,6,31,47,32,High Risk
AP2024_4015,Naresh Joshi,23A91A4446,naresh.joshi18@apedu.ac.in,2nd Year,CSE (Data Science),A,3,63.8,44,60,49,58,38,64,71,57,46,18,67,52,66,Medium Risk
AP2024_4016,Karthik Chowdary,24A91A0447,karthik.chowdary19@apedu.ac.in,1st Year,ECE,B,1,72.1,78,44,73,69,76,61,78,71,64,17,81,65,76,Medium Risk
AP2024_4017,Sai Reddy,24A91A1248,sai.reddy20@apedu.ac.in,1st Year,Information Technology,D,2,51.5,55,58,62,51,46,41,58,50,52,17,62,57,56,High Risk
AP2024_4018,Manasa Chowdary,24A91A1249,manasa.chowdary21@apedu.ac.in,1st Year,Information Technology,D,1,47.0,73,72,64,53,59,70,54,61,53,13,49,72,49,High Risk
AP2024_4019,Suresh Reddy,24A91A0450,suresh.reddy22@apedu.ac.in,1st Year,ECE,C,2,61.7,72,52,59,59,58,66,54,66,52,17,57,64,57,Medium Risk
AP2024_4020,Manasa Naidu,22A91A0451,manasa.naidu23@apedu.ac.in,3rd Year,ECE,C,5,61.5,60,63,58,64,66,67,42,66,64,13,48,81,51,Medium Risk
AP2024_4021,Sireesha Yadav,23A91A0552,sireesha.yadav24@apedu.ac.in,2nd Year,CSE,D,3,62.8,50,60,64,60,68,62,53,53,49,18,80,59,65,Medium Risk
AP2024_4022,Varun Murthy,23A91A0353,varun.murthy25@apedu.ac.in,2nd Year,Mechanical Engineering,C,3,39.3,66,45,56,35,45,58,47,54,45,7,34,50,40,High Risk
AP2024_4023,Deepika Bhatt,22A91A0554,deepika.bhatt26@apedu.ac.in,3rd Year,CSE,A,5,74.8,66,72,91,78,65,64,63,60,65,17,59,63,66,Medium Risk
AP2024_4024,Bhavya Reddy,21A91A4455,bhavya.reddy27@apedu.ac.in,4th Year,CSE (Data Science),A,8,70.8,51,58,60,42,61,70,73,59,55,22,83,65,75,Medium Risk
AP2024_4025,Srikanth Raju,22A91A1256,srikanth.raju28@apedu.ac.in,3rd Year,Information Technology,A,6,69.8,90,66,78,76,82,73,67,79,74,16,77,82,71,Medium Risk
AP2024_4026,Charan Reddy,24A91A0157,charan.reddy29@apedu.ac.in,1st Year,Civil Engineering,D,2,80.9,86,47,53,51,65,69,80,80,56,18,80,79,80,Medium Risk
AP2024_4027,Ganesh Raju,24A91A0558,ganesh.raju30@apedu.ac.in,1st Year,CSE,D,1,45.9,53,55,56,60,59,58,67,54,44,15,54,66,54,High Risk
AP2024_4028,Srikanth Gupta,24A91A0459,srikanth.gupta31@apedu.ac.in,1st Year,ECE,C,1,82.7,56,77,79,57,62,73,75,69,51,22,87,70,81,Low Risk
AP2024_4029,Sai Babu,22A91A0160,sai.babu32@apedu.ac.in,3rd Year,Civil Engineering,C,5,49.3,67,63,68,55,55,45,43,63,50,13,48,52,47,High Risk
AP2024_4030,Gayatri Sastry,24A91A0361,gayatri.sastry33@apedu.ac.in,1st Year,Mechanical Engineering,B,1,85.1,62,51,71,60,59,49,62,63,64,14,72,63,74,Medium Risk
AP2024_4031,Ganesh Murthy,23A91A4462,ganesh.murthy34@apedu.ac.in,2nd Year,CSE (Data Science),D,4,74.8,74,85,80,71,76,73,68,70,66,22,64,93,69,Low Risk
AP2024_4032,Chaitanya Bhatt,21A91A0163,chaitanya.bhatt35@apedu.ac.in,4th Year,Civil Engineering,D,7,75.2,42,57,47,33,51,51,64,50,49,19,66,52,69,Medium Risk
AP2024_4033,Sai Mishra,23A91A4264,sai.mishra36@apedu.ac.in,2nd Year,CSE (AI & ML),D,4,59.0,71,53,48,38,47,52,49,57,52,11,50,59,53,Medium Risk
AP2024_4034,Akhil Kulkarni,21A91A0365,akhil.kulkarni37@apedu.ac.in,4th Year,Mechanical Engineering,A,7,75.3,48,44,58,59,63,68,67,72,49,14,60,71,68,Medium Risk
AP2024_4035,Srikanth Bhatt,21A91A0366,srikanth.bhatt38@apedu.ac.in,4th Year,Mechanical Engineering,D,7,71.3,57,45,43,39,53,56,60,57,49,10,62,60,65,Medium Risk
AP2024_4036,Pooja Bhatt,21A91A0567,pooja.bhatt39@apedu.ac.in,4th Year,CSE,B,8,75.7,67,52,77,80,73,69,68,77,75,18,70,79,71,Medium Risk
AP2024_4037,Divya Reddy,24A91A0168,divya.reddy40@apedu.ac.in,1st Year,Civil Engineering,C,1,65.4,66,67,67,60,67,68,66,70,56,15,54,82,62,Medium Risk
AP2024_4038,Mahesh Yadav,23A91A0569,mahesh.yadav41@apedu.ac.in,2nd Year,CSE,C,4,98.0,48,59,45,49,49,65,74,61,51,20,75,62,83,Medium Risk
AP2024_4039,Rahul Joshi,24A91A4470,rahul.joshi42@apedu.ac.in,1st Year,CSE (Data Science),A,2,99.3,62,56,54,46,71,75,92,60,55,19,98,58,96,Medium Risk
AP2024_4040,Mahesh Kumar,22A91A4271,mahesh.kumar43@apedu.ac.in,3rd Year,CSE (AI & ML),D,6,73.1,70,39,62,62,53,66,71,63,56,15,78,61,73,Medium Risk
AP2024_4041,Ravi Babu,22A91A4472,ravi.babu44@apedu.ac.in,3rd Year,CSE (Data Science),D,5,94.7,91,71,66,66,67,86,91,85,72,25,87,83,91,Low Risk
AP2024_4042,Tejaswi Prasad,23A91A4273,tejaswi.prasad45@apedu.ac.in,2nd Year,CSE (AI & ML),B,3,76.4,99,77,90,94,73,84,75,84,78,19,80,84,77,Low Risk
AP2024_4043,Varun Naidu,21A91A0174,varun.naidu46@apedu.ac.in,4th Year,Civil Engineering,C,7,47.5,83,69,60,54,55,57,43,61,54,10,31,64,41,High Risk
AP2024_4044,Aditya Goud,23A91A0375,aditya.goud47@apedu.ac.in,2nd Year,Mechanical Engineering,A,4,64.1,47,54,67,68,69,70,64,65,58,20,65,72,64,Medium Risk
AP2024_4045,Lavanya Rao,22A91A0276,lavanya.rao48@apedu.ac.in,3rd Year,EEE,B,6,88.2,68,67,54,67,77,65,92,75,66,23,98,72,92,Low Risk
AP2024_4046,Harika Joshi,22A91A0377,harika.joshi49@apedu.ac.in,3rd Year,Mechanical Engineering,D,6,45.9,69,65,75,64,65,69,46,73,68,11,28,85,40,High Risk
AP2024_4047,Karthik Patel,21A91A0578,karthik.patel50@apedu.ac.in,4th Year,CSE,B,7,90.0,79,72,84,68,64,56,88,76,61,21,85,76,87,Low Risk
AP2024_4048,Divya Kumar,21A91A0579,divya.kumar51@apedu.ac.in,4th Year,CSE,A,7,77.3,51,53,48,51,58,49,70,60,48,15,66,49,71,Medium Risk
AP2024_4049,Pooja Yadav,21A91A0380,pooja.yadav52@apedu.ac.in,4th Year,Mechanical Engineering,D,7,64.7,43,33,55,41,53,65,63,59,40,14,61,58,63,High Risk
AP2024_4050,Varun Rao,21A91A0481,varun.rao53@apedu.ac.in,4th Year,ECE,B,7,70.3,58,34,63,63,43,58,60,57,42,14,72,46,67,Medium Risk
AP2024_4051,Varun Sastry,23A91A0382,varun.sastry54@apedu.ac.in,2nd Year,Mechanical Engineering,C,3,49.2,57,58,53,59,58,53,66,56,44,9,58,62,56,High Risk
AP2024_4052,Sai Rao,24A91A4483,sai.rao55@apedu.ac.in,1st Year,CSE (Data Science),B,2,63.9,74,67,70,65,56,76,68,70,61,14,66,69,65,Medium Risk
AP2024_4053,Kavya Somayajulu,21A91A4284,kavya.somayajulu56@apedu.ac.in,4th Year,CSE (AI & ML),B,7,81.2,72,80,78,74,81,80,76,62,77,21,80,87,79,Low Risk
AP2024_4054,Deepika Naidu,21A91A0585,deepika.naidu57@apedu.ac.in,4th Year,CSE,D,8,49.1,67,51,49,45,73,44,49,47,55,12,43,52,47,High Risk
AP2024_4055,Pooja Rao,22A91A4286,pooja.rao58@apedu.ac.in,3rd Year,CSE (AI & ML),A,5,64.3,82,81,65,70,59,68,69,79,61,18,67,78,66,Medium Risk
AP2024_4056,Naresh Kumar,24A91A1287,naresh.kumar59@apedu.ac.in,1st Year,Information Technology,A,1,46.7,42,67,65,64,62,72,46,60,50,13,49,60,47,High Risk
AP2024_4057,Rahul Patel,23A91A4288,rahul.patel60@apedu.ac.in,2nd Year,CSE (AI & ML),A,4,71.3,76,76,74,61,62,57,62,67,69,12,64,75,66,Medium Risk
AP2024_4058,Srikanth Verma,21A91A4489,srikanth.verma61@apedu.ac.in,4th Year,CSE (Data Science),B,7,88.2,69,48,55,56,53,76,78,65,47,15,64,68,77,Medium Risk
AP2024_4059,Karthik Rao,21A91A0190,karthik.rao62@apedu.ac.in,4th Year,Civil Engineering,C,7,61.6,35,44,58,39,28,35,48,46,37,10,42,34,51,High Risk
AP2024_4060,Sai Reddy,21A91A4201,sai.reddy63@apedu.ac.in,4th Year,CSE (AI & ML),C,8,73.3,88,86,87,72,84,68,74,93,82,22,68,88,71,Low Risk
AP2024_4061,Yamini Somayajulu,22A91A0402,yamini.somayajulu64@apedu.ac.in,3rd Year,ECE,B,6,79.9,46,30,45,53,44,45,78,67,54,20,86,45,81,High Risk
AP2024_4062,Naresh Mishra,21A91A0403,naresh.mishra65@apedu.ac.in,4th Year,ECE,D,8,84.0,55,56,74,62,68,62,78,65,54,21,88,77,83,Medium Risk
AP2024_4063,Keerthi Varma,22A91A1204,keerthi.varma66@apedu.ac.in,3rd Year,Information Technology,A,6,89.9,64,42,65,78,54,69,90,68,64,24,74,75,85,Low Risk
AP2024_4064,Deepika Naidu,23A91A0405,deepika.naidu67@apedu.ac.in,2nd Year,ECE,C,4,69.8,80,79,72,67,55,64,76,71,64,22,87,70,76,Medium Risk
AP2024_4065,Chaitanya Naidu,23A91A0506,chaitanya.naidu68@apedu.ac.in,2nd Year,CSE,C,3,77.8,90,86,93,85,78,68,77,73,82,13,72,82,75,Low Risk
AP2024_4066,Charan Rao,23A91A0107,charan.rao69@apedu.ac.in,2nd Year,Civil Engineering,B,4,79.3,79,73,83,67,74,67,78,56,66,18,84,79,80,Low Risk
AP2024_4067,Aditya Naidu,21A91A0408,aditya.naidu70@apedu.ac.in,4th Year,ECE,C,8,66.2,72,64,70,86,62,58,58,72,74,14,68,65,64,Medium Risk
AP2024_4068,Lavanya Raju,23A91A4409,lavanya.raju71@apedu.ac.in,2nd Year,CSE (Data Science),D,4,57.2,44,72,78,38,40,59,71,65,51,18,71,67,65,High Risk
AP2024_4069,Akhil Rao,21A91A0110,akhil.rao72@apedu.ac.in,4th Year,Civil Engineering,A,8,58.4,74,74,74,72,62,81,64,76,66,15,66,77,62,Medium Risk
AP2024_4070,Ganesh Babu,23A91A0211,ganesh.babu73@apedu.ac.in,2nd Year,EEE,C,3,54.4,72,69,82,71,60,84,68,68,64,19,64,64,61,High Risk
AP2024_4071,Chaitanya Mishra,23A91A4412,chaitanya.mishra74@apedu.ac.in,2nd Year,CSE (Data Science),C,4,60.9,70,77,81,62,59,63,60,73,63,14,67,82,62,Medium Risk
AP2024_4072,Pranavi Prasad,22A91A4413,pranavi.prasad75@apedu.ac.in,3rd Year,CSE (Data Science),A,6,63.9,74,67,70,62,70,58,68,65,61,21,52,66,61,Medium Risk
AP2024_4073,Charan Patel,24A91A1214,charan.patel76@apedu.ac.in,1st Year,Information Technology,C,2,99.5,65,64,65,66,73,59,100,70,62,23,94,65,98,Low Risk
AP2024_4074,Ananya Prasad,22A91A0315,ananya.prasad77@apedu.ac.in,3rd Year,Mechanical Engineering,C,6,82.1,56,72,72,62,63,73,77,70,50,18,60,71,73,Medium Risk
AP2024_4075,Rahul Kumar,21A91A0416,rahul.kumar78@apedu.ac.in,4th Year,ECE,B,7,88.1,66,48,68,43,65,65,81,68,47,17,75,63,82,Medium Risk
AP2024_4076,Sai Chary,24A91A0317,sai.chary79@apedu.ac.in,1st Year,Mechanical Engineering,A,2,86.8,75,63,76,65,72,76,77,67,54,21,80,70,81,Low Risk
AP2024_4077,Karthik Sastry,22A91A4218,karthik.sastry80@apedu.ac.in,3rd Year,CSE (AI & ML),B,5,59.4,60,64,65,61,57,66,70,58,61,12,63,59,63,Medium Risk
AP2024_4078,Harika Naidu,24A91A0119,harika.naidu81@apedu.ac.in,1st Year,Civil Engineering,A,2,61.3,64,75,87,70,61,61,60,79,65,15,57,87,59,Medium Risk
AP2024_4079,Ramesh Kulkarni,24A91A0320,ramesh.kulkarni82@apedu.ac.in,1st Year,Mechanical Engineering,C,1,69.7,42,66,59,55,60,43,76,66,56,20,69,60,71,Medium Risk
AP2024_4080,Lavanya Kulkarni,21A91A4421,lavanya.kulkarni83@apedu.ac.in,4th Year,CSE (Data Science),B,7,71.3,47,54,65,56,31,53,65,71,47,14,70,59,69,Medium Risk
AP2024_4081,Venkata Prasad,22A91A0322,venkata.prasad84@apedu.ac.in,3rd Year,Mechanical Engineering,C,5,84.4,68,58,70,66,76,66,79,77,66,18,86,64,83,Low Risk
AP2024_4082,Rahul Kulkarni,23A91A4223,rahul.kulkarni85@apedu.ac.in,2nd Year,CSE (AI & ML),B,3,85.0,43,58,55,39,55,46,82,57,46,21,70,63,79,Medium Risk
AP2024_4083,Aditya Babu,22A91A0524,aditya.babu86@apedu.ac.in,3rd Year,CSE,A,6,85.4,71,66,70,68,71,78,76,88,61,23,70,77,77,Low Risk
AP2024_4084,Sneha Murthy,24A91A0325,sneha.murthy87@apedu.ac.in,1st Year,Mechanical Engineering,A,1,66.4,61,81,60,64,72,65,63,66,69,16,47,75,59,Medium Risk
AP2024_4085,Charan Sharma,23A91A0226,charan.sharma88@apedu.ac.in,2nd Year,EEE,D,4,75.4,60,54,51,45,51,60,71,70,51,21,82,66,76,Medium Risk
AP2024_4086,Gayatri Patel,24A91A0227,gayatri.patel89@apedu.ac.in,1st Year,EEE,A,2,65.3,54,61,78,66,47,46,62,71,59,12,59,63,62,Medium Risk
AP2024_4087,Ravi Chowdary,21A91A4428,ravi.chowdary90@apedu.ac.in,4th Year,CSE (Data Science),D,7,68.5,80,52,74,63,69,77,79,66,67,16,70,70,72,Medium Risk
AP2024_4088,Ramesh Joshi,24A91A0329,ramesh.joshi91@apedu.ac.in,1st Year,Mechanical Engineering,A,2,80.1,79,67,80,62,68,74,69,69,64,14,73,65,74,Low Risk
AP2024_4089,Pranavi Kulkarni,24A91A0530,pranavi.kulkarni92@apedu.ac.in,1st Year,CSE,D,1,53.1,50,72,42,35,58,67,49,54,44,12,57,70,53,High Risk
AP2024_4090,Tejaswi Kulkarni,23A91A0531,tejaswi.kulkarni93@apedu.ac.in,2nd Year,CSE,B,4,71.6,62,69,79,70,42,58,65,67,58,19,83,64,73,Medium Risk
AP2024_4091,Swathi Chowdary,24A91A0332,swathi.chowdary94@apedu.ac.in,1st Year,Mechanical Engineering,B,2,46.4,68,68,72,74,53,45,50,59,74,12,51,68,48,High Risk
AP2024_4092,Karthik Sharma,21A91A0233,karthik.sharma95@apedu.ac.in,4th Year,EEE,A,7,67.2,52,61,67,51,46,63,45,48,51,10,41,61,52,High Risk
AP2024_4093,Pooja Joshi,22A91A0434,pooja.joshi96@apedu.ac.in,3rd Year,ECE,C,5,69.1,49,59,56,61,51,53,73,58,51,15,67,70,69,Medium Risk
AP2024_4094,Gayatri Chary,23A91A0335,gayatri.chary97@apedu.ac.in,2nd Year,Mechanical Engineering,B,4,63.9,69,60,62,72,47,61,69,60,63,17,59,62,63,Medium Risk
AP2024_4095,Srikanth Kulkarni,22A91A0536,srikanth.kulkarni98@apedu.ac.in,3rd Year,CSE,C,5,73.3,58,61,67,53,63,59,79,81,64,17,67,74,73,Medium Risk
AP2024_4096,Manasa Naidu,24A91A0137,manasa.naidu99@apedu.ac.in,1st Year,Civil Engineering,D,1,42.6,59,37,52,70,57,60,42,54,49,10,51,59,44,High Risk
AP2024_4097,Naresh Bhatt,24A91A0138,naresh.bhatt100@apedu.ac.in,1st Year,Civil Engineering,D,1,73.1,37,38,71,49,47,50,71,60,46,17,74,49,72,Medium Risk
AP2024_4098,Yamini Rao,24A91A1239,yamini.rao101@apedu.ac.in,1st Year,Information Technology,D,2,86.2,58,55,63,72,79,81,87,74,57,21,95,76,89,Low Risk
AP2024_4099,Kavya Rao,23A91A0240,kavya.rao102@apedu.ac.in,2nd Year,EEE,B,4,79.5,53,60,59,41,48,54,69,61,54,15,63,55,71,Medium Risk
AP2024_4100,Manoj Kulkarni,23A91A0241,manoj.kulkarni103@apedu.ac.in,2nd Year,EEE,C,4,77.2,72,86,78,74,72,85,76,66,65,21,85,85,79,Low Risk
AP2024_4101,Pranavi Reddy,24A91A1242,pranavi.reddy104@apedu.ac.in,1st Year,Information Technology,D,2,84.1,65,58,72,54,59,68,78,68,56,20,86,72,82,Low Risk
AP2024_4102,Manasa Goud,22A91A0543,manasa.goud105@apedu.ac.in,3rd Year,CSE,B,6,76.5,45,57,36,43,38,46,66,59,43,15,75,50,72,High Risk
AP2024_4103,Sneha Yadav,22A91A4244,sneha.yadav106@apedu.ac.in,3rd Year,CSE (AI & ML),D,5,69.4,64,59,75,77,60,66,60,70,55,16,62,69,64,Medium Risk
AP2024_4104,Manoj Prasad,22A91A4445,manoj.prasad107@apedu.ac.in,3rd Year,CSE (Data Science),D,6,78.7,81,84,66,63,76,83,77,68,75,19,72,85,76,Low Risk
AP2024_4105,Aditya Gupta,24A91A0246,aditya.gupta108@apedu.ac.in,1st Year,EEE,B,2,72.4,48,73,74,77,61,66,77,65,55,15,66,65,71,Medium Risk
AP2024_4106,Swathi Rao,23A91A0447,swathi.rao109@apedu.ac.in,2nd Year,ECE,B,3,66.8,60,63,51,50,40,64,70,61,44,18,74,58,69,Medium Risk
AP2024_4107,Pavan Patel,24A91A0548,pavan.patel110@apedu.ac.in,1st Year,CSE,A,1,79.4,62,55,82,47,81,70,69,65,64,19,59,75,70,Medium Risk
AP2024_4108,Naresh Rao,21A91A0349,naresh.rao111@apedu.ac.in,4th Year,Mechanical Engineering,B,7,56.4,64,63,56,43,55,59,50,61,52,15,49,61,52,High Risk
AP2024_4109,Sai Yadav,21A91A0450,sai.yadav112@apedu.ac.in,4th Year,ECE,A,8,62.4,77,40,70,53,49,65,58,66,50,12,56,74,59,Medium Risk
AP2024_4110,Rohit Chowdary,24A91A0151,rohit.chowdary113@apedu.ac.in,1st Year,Civil Engineering,D,2,65.2,62,79,81,73,77,91,59,73,60,16,66,84,63,Medium Risk
AP2024_4111,Pranavi Varma,24A91A0352,pranavi.varma114@apedu.ac.in,1st Year,Mechanical Engineering,D,2,77.4,70,64,66,56,36,58,65,65,44,17,70,64,71,Medium Risk
AP2024_4112,Charan Bhatt,21A91A4453,charan.bhatt115@apedu.ac.in,4th Year,CSE (Data Science),A,8,77.7,75,65,76,68,66,54,69,71,53,18,82,72,76,Low Risk
AP2024_4113,Sneha Bhatt,21A91A4454,sneha.bhatt116@apedu.ac.in,4th Year,CSE (Data Science),D,8,59.9,43,64,59,51,57,65,65,65,43,18,64,65,62,High Risk
AP2024_4114,Karthik Verma,23A91A4455,karthik.verma117@apedu.ac.in,2nd Year,CSE (Data Science),A,4,69.5,75,59,79,68,62,72,73,68,69,17,69,73,70,Medium Risk
AP2024_4115,Rohit Babu,22A91A4456,rohit.babu118@apedu.ac.in,3rd Year,CSE (Data Science),A,6,62.1,74,68,73,66,56,67,57,61,68,16,71,65,63,Medium Risk
AP2024_4116,Kavya Babu,21A91A4457,kavya.babu119@apedu.ac.in,4th Year,CSE (Data Science),A,7,66.4,50,59,74,61,73,69,70,66,65,21,65,61,67,Medium Risk
AP2024_4117,Lavanya Chowdary,24A91A4458,lavanya.chowdary120@apedu.ac.in,1st Year,CSE (Data Science),B,2,68.8,57,62,47,61,59,50,65,59,53,16,48,58,61,Medium Risk
AP2024_4118,Yamini Reddy,23A91A0159,yamini.reddy121@apedu.ac.in,2nd Year,Civil Engineering,B,3,44.3,39,54,64,62,39,41,31,55,46,9,41,58,39,High Risk
AP2024_4119,Harika Yadav,23A91A0360,harika.yadav122@apedu.ac.in,2nd Year,Mechanical Engineering,A,3,38.0,45,37,54,52,48,52,40,46,38,8,33,49,37,High Risk
AP2024_4120,Akhil Bhatt,21A91A0361,akhil.bhatt123@apedu.ac.in,4th Year,Mechanical Engineering,A,7,70.9,78,76,99,95,85,68,74,73,90,20,66,88,70,Medium Risk
AP2024_4121,Ganesh Chowdary,24A91A0462,ganesh.chowdary124@apedu.ac.in,1st Year,ECE,C,2,75.2,66,84,82,77,70,65,64,67,79,13,64,79,68,Low Risk
AP2024_4122,Charan Joshi,24A91A1263,charan.joshi125@apedu.ac.in,1st Year,Information Technology,D,2,99.5,78,65,65,66,65,68,100,78,60,28,98,69,99,Low Risk
AP2024_4123,Sneha Somayajulu,24A91A0564,sneha.somayajulu126@apedu.ac.in,1st Year,CSE,A,2,74.7,66,68,64,49,66,72,63,69,60,14,65,72,68,Medium Risk
AP2024_4124,Charan Verma,21A91A4265,charan.verma127@apedu.ac.in,4th Year,CSE (AI & ML),D,7,99.0,72,70,69,68,79,95,82,86,68,24,94,92,92,Low Risk
AP2024_4125,Ramesh Varma,21A91A0266,ramesh.varma128@apedu.ac.in,4th Year,EEE,C,7,76.0,74,58,71,61,77,46,72,69,65,17,83,73,76,Medium Risk
AP2024_4126,Pavan Rao,24A91A4467,pavan.rao129@apedu.ac.in,1st Year,CSE (Data Science),D,1,76.9,74,63,63,71,66,61,70,73,69,20,72,64,73,Low Risk
AP2024_4127,Sneha Reddy,24A91A0468,sneha.reddy130@apedu.ac.in,1st Year,ECE,C,1,79.6,57,54,62,49,54,56,66,68,40,16,65,64,71,Medium Risk
AP2024_4128,Chaitanya Varma,23A91A4469,chaitanya.varma131@apedu.ac.in,2nd Year,CSE (Data Science),A,3,67.2,81,78,82,96,60,57,69,70,66,16,54,76,63,Medium Risk
AP2024_4129,Kavya Naidu,22A91A1270,kavya.naidu132@apedu.ac.in,3rd Year,Information Technology,C,6,84.9,81,81,79,69,73,77,100,86,67,21,88,84,90,Low Risk
AP2024_4130,Manoj Varma,24A91A0171,manoj.varma133@apedu.ac.in,1st Year,Civil Engineering,C,1,83.3,86,69,84,82,62,62,69,77,71,16,69,76,74,Low Risk
AP2024_4131,Naresh Chary,23A91A4472,naresh.chary134@apedu.ac.in,2nd Year,CSE (Data Science),A,3,77.8,99,82,97,98,99,72,70,78,80,16,64,84,71,Low Risk
AP2024_4132,Divya Rao,23A91A0273,divya.rao135@apedu.ac.in,2nd Year,EEE,B,3,70.9,45,54,62,56,54,45,77,55,53,22,71,55,72,Medium Risk
AP2024_4133,Pranavi Varma,23A91A1274,pranavi.varma136@apedu.ac.in,2nd Year,Information Technology,C,4,60.2,75,69,46,44,72,66,63,68,59,16,64,77,62,Medium Risk
AP2024_4134,Divya Somayajulu,24A91A0375,divya.somayajulu137@apedu.ac.in,1st Year,Mechanical Engineering,B,1,84.9,50,56,54,60,73,53,83,75,54,22,77,77,81,Medium Risk
AP2024_4135,Karthik Varma,24A91A0376,karthik.varma138@apedu.ac.in,1st Year,Mechanical Engineering,A,2,68.6,68,60,66,49,62,61,77,56,52,15,71,57,71,Medium Risk
AP2024_4136,Deepika Raju,21A91A0577,deepika.raju139@apedu.ac.in,4th Year,CSE,A,7,91.9,37,54,42,31,66,69,85,58,40,20,77,64,85,Medium Risk
AP2024_4137,Keerthi Somayajulu,23A91A1278,keerthi.somayajulu140@apedu.ac.in,2nd Year,Information Technology,D,4,76.2,73,81,68,57,65,80,76,82,52,15,67,77,73,Low Risk
AP2024_4138,Keerthi Prasad,24A91A4479,keerthi.prasad141@apedu.ac.in,1st Year,CSE (Data Science),A,1,72.4,63,64,63,57,49,48,72,62,43,18,92,72,78,Medium Risk
AP2024_4139,Venkata Yadav,23A91A0180,venkata.yadav142@apedu.ac.in,2nd Year,Civil Engineering,A,3,56.2,74,72,79,69,60,59,37,62,60,9,50,65,48,High Risk
AP2024_4140,Sravani Gupta,21A91A4481,sravani.gupta143@apedu.ac.in,4th Year,CSE (Data Science),B,7,78.6,68,61,36,47,71,60,62,51,56,17,66,67,69,Medium Risk
AP2024_4141,Suresh Reddy,22A91A0282,suresh.reddy144@apedu.ac.in,3rd Year,EEE,A,5,86.5,77,47,66,62,57,61,69,60,66,18,65,58,74,Medium Risk
AP2024_4142,Gayatri Prasad,21A91A4483,gayatri.prasad145@apedu.ac.in,4th Year,CSE (Data Science),A,7,49.9,45,48,67,51,50,54,58,53,55,16,53,62,53,High Risk
AP2024_4143,Bhavya Chowdary,21A91A0584,bhavya.chowdary146@apedu.ac.in,4th Year,CSE,A,8,66.7,63,63,55,54,69,53,67,70,54,19,60,64,64,Medium Risk
AP2024_4144,Srikanth Prasad,22A91A0185,srikanth.prasad147@apedu.ac.in,3rd Year,Civil Engineering,D,6,77.7,65,56,58,45,59,66,71,61,52,17,70,68,73,Medium Risk
AP2024_4145,Karthik Prasad,23A91A4486,karthik.prasad148@apedu.ac.in,2nd Year,CSE (Data Science),A,4,62.6,99,85,86,80,86,66,69,79,83,16,55,82,62,Medium Risk
AP2024_4146,Naresh Mishra,21A91A0387,naresh.mishra149@apedu.ac.in,4th Year,Mechanical Engineering,A,8,75.1,44,60,47,36,52,65,85,69,45,21,78,64,78,Medium Risk
AP2024_4147,Pavan Bhatt,22A91A0288,pavan.bhatt150@apedu.ac.in,3rd Year,EEE,A,6,66.8,36,48,64,49,61,56,73,57,53,19,70,60,69,Medium Risk
AP2024_4148,Lavanya Murthy,21A91A0289,lavanya.murthy151@apedu.ac.in,4th Year,EEE,B,7,99.5,58,48,71,66,59,66,89,68,52,18,95,70,95,Medium Risk
AP2024_4149,Pranavi Bhatt,21A91A0590,pranavi.bhatt152@apedu.ac.in,4th Year,CSE,C,8,85.2,66,52,49,29,83,79,93,83,48,23,93,89,89,Medium Risk
AP2024_4150,Ramesh Prasad,23A91A0401,ramesh.prasad153@apedu.ac.in,2nd Year,ECE,B,4,88.1,64,55,68,46,71,76,73,67,57,23,90,72,84,Medium Risk
AP2024_4151,Sneha Prasad,23A91A4202,sneha.prasad154@apedu.ac.in,2nd Year,CSE (AI & ML),A,4,73.6,53,53,60,60,58,35,59,58,59,16,64,58,66,Medium Risk
AP2024_4152,Tejaswi Varma,22A91A0103,tejaswi.varma155@apedu.ac.in,3rd Year,Civil Engineering,B,5,73.2,99,85,76,60,78,66,74,71,67,16,66,71,71,Low Risk
AP2024_4153,Charan Yadav,22A91A4404,charan.yadav156@apedu.ac.in,3rd Year,CSE (Data Science),A,6,66.6,74,55,58,67,53,57,65,64,52,19,65,67,65,Medium Risk
AP2024_4154,Sandhya Mishra,24A91A4205,sandhya.mishra157@apedu.ac.in,1st Year,CSE (AI & ML),D,2,75.5,75,75,78,70,65,67,79,71,70,18,74,81,76,Medium Risk
AP2024_4155,Rohit Yadav,23A91A4206,rohit.yadav158@apedu.ac.in,2nd Year,CSE (AI & ML),D,4,51.2,63,61,77,74,50,49,60,58,55,14,55,63,54,High Risk
AP2024_4156,Kavya Verma,23A91A0407,kavya.verma159@apedu.ac.in,2nd Year,ECE,B,4,66.2,83,79,56,52,74,68,68,69,64,16,60,79,64,Medium Risk
AP2024_4157,Tejaswi Babu,23A91A0508,tejaswi.babu160@apedu.ac.in,2nd Year,CSE,C,4,69.8,67,71,87,66,75,68,69,73,67,17,76,79,71,Medium Risk
AP2024_4158,Chaitanya Verma,23A91A0209,chaitanya.verma161@apedu.ac.in,2nd Year,EEE,B,3,89.7,66,73,73,87,69,74,75,73,60,23,75,71,80,Low Risk
AP2024_4159,Karthik Somayajulu,23A91A4210,karthik.somayajulu162@apedu.ac.in,2nd Year,CSE (AI & ML),C,3,74.3,75,72,87,81,65,70,73,61,76,13,64,75,70,Low Risk
AP2024_4160,Akhil Sastry,21A91A0311,akhil.sastry163@apedu.ac.in,4th Year,Mechanical Engineering,C,7,82.1,49,71,54,50,72,77,79,80,52,21,73,75,78,Medium Risk
AP2024_4161,Srikanth Babu,21A91A1212,srikanth.babu164@apedu.ac.in,4th Year,Information Technology,C,8,74.0,61,73,61,42,58,61,69,69,47,17,67,74,70,Medium Risk
AP2024_4162,Mahesh Prasad,22A91A0413,mahesh.prasad165@apedu.ac.in,3rd Year,ECE,C,6,63.5,76,70,70,60,68,64,66,59,66,16,65,76,64,Medium Risk
AP2024_4163,Nikhil Murthy,22A91A0214,nikhil.murthy166@apedu.ac.in,3rd Year,EEE,D,6,57.0,47,62,66,57,53,40,56,49,47,15,62,59,58,High Risk
AP2024_4164,Manasa Chary,21A91A0115,manasa.chary167@apedu.ac.in,4th Year,Civil Engineering,B,7,77.4,71,65,79,58,63,62,64,86,69,14,64,66,69,Low Risk
AP2024_4165,Varun Varma,24A91A0316,varun.varma168@apedu.ac.in,1st Year,Mechanical Engineering,C,1,71.0,48,59,41,46,49,70,56,51,57,11,55,57,61,Medium Risk
AP2024_4166,Srikanth Reddy,24A91A0217,srikanth.reddy169@apedu.ac.in,1st Year,EEE,A,2,38.0,58,54,69,53,50,49,31,43,51,10,28,56,32,High Risk
AP2024_4167,Charan Goud,21A91A0318,charan.goud170@apedu.ac.in,4th Year,Mechanical Engineering,C,7,49.9,49,54,40,44,52,54,60,56,40,15,58,56,55,High Risk
AP2024_4168,Naresh Prasad,21A91A1219,naresh.prasad171@apedu.ac.in,4th Year,Information Technology,B,8,72.5,58,67,81,70,50,65,67,70,52,20,69,73,69,Medium Risk
AP2024_4169,Suresh Verma,24A91A0220,suresh.verma172@apedu.ac.in,1st Year,EEE,B,2,89.9,35,46,57,47,57,55,69,69,37,18,81,54,80,Medium Risk
AP2024_4170,Nikhil Kumar,24A91A4421,nikhil.kumar173@apedu.ac.in,1st Year,CSE (Data Science),D,2,76.7,56,65,41,57,54,58,76,72,58,21,76,79,76,Medium Risk
AP2024_4171,Suresh Gupta,24A91A0422,suresh.gupta174@apedu.ac.in,1st Year,ECE,B,2,57.2,62,53,38,31,54,51,61,53,45,16,53,60,57,High Risk
AP2024_4172,Sneha Murthy,24A91A0323,sneha.murthy175@apedu.ac.in,1st Year,Mechanical Engineering,C,2,79.0,50,68,64,59,76,77,79,56,62,16,73,67,77,Medium Risk
AP2024_4173,Manoj Somayajulu,24A91A0124,manoj.somayajulu176@apedu.ac.in,1st Year,Civil Engineering,B,2,81.9,58,62,80,82,78,73,71,68,74,24,79,83,77,Low Risk
AP2024_4174,Mahesh Verma,24A91A0525,mahesh.verma177@apedu.ac.in,1st Year,CSE,A,1,49.6,45,68,67,65,68,58,54,61,66,14,56,64,52,High Risk
AP2024_4175,Ravi Mishra,22A91A4426,ravi.mishra178@apedu.ac.in,3rd Year,CSE (Data Science),A,5,74.4,76,60,75,58,61,67,81,71,63,20,73,77,75,Low Risk
AP2024_4176,Rahul Kumar,21A91A0227,rahul.kumar179@apedu.ac.in,4th Year,EEE,C,7,86.8,64,71,66,63,54,59,84,69,53,19,79,73,83,Low Risk
AP2024_4177,Sneha Sharma,22A91A4428,sneha.sharma180@apedu.ac.in,3rd Year,CSE (Data Science),D,6,59.8,60,43,78,76,54,61,54,52,63,12,55,67,56,Medium Risk
AP2024_4178,Sandhya Babu,22A91A1229,sandhya.babu181@apedu.ac.in,3rd Year,Information Technology,A,6,78.2,74,82,67,65,66,71,71,76,65,16,75,76,75,Low Risk
AP2024_4179,Suresh Sastry,23A91A0530,suresh.sastry182@apedu.ac.in,2nd Year,CSE,D,3,72.8,63,58,48,29,48,57,74,58,38,18,58,54,68,Medium Risk
AP2024_4180,Charan Varma,23A91A1231,charan.varma183@apedu.ac.in,2nd Year,Information Technology,D,4,68.7,57,54,54,40,57,65,70,62,53,16,74,59,70,Medium Risk
AP2024_4181,Divya Bhatt,21A91A0332,divya.bhatt184@apedu.ac.in,4th Year,Mechanical Engineering,D,8,72.0,84,77,72,62,74,72,67,75,64,17,60,73,66,Medium Risk
AP2024_4182,Bhavya Sharma,21A91A4233,bhavya.sharma185@apedu.ac.in,4th Year,CSE (AI & ML),C,7,80.7,69,76,73,51,86,62,86,71,60,18,76,78,80,Low Risk
AP2024_4183,Ananya Yadav,24A91A4434,ananya.yadav186@apedu.ac.in,1st Year,CSE (Data Science),D,2,67.5,70,71,38,46,57,53,65,66,68,14,68,72,66,Medium Risk
AP2024_4184,Chaitanya Naidu,24A91A0335,chaitanya.naidu187@apedu.ac.in,1st Year,Mechanical Engineering,A,2,81.3,63,68,59,76,67,70,78,68,59,17,66,64,75,Medium Risk
AP2024_4185,Karthik Reddy,23A91A4436,karthik.reddy188@apedu.ac.in,2nd Year,CSE (Data Science),B,4,69.2,57,70,68,64,56,54,63,63,60,12,51,66,61,Medium Risk
AP2024_4186,Pooja Gupta,23A91A1237,pooja.gupta189@apedu.ac.in,2nd Year,Information Technology,B,4,99.5,67,83,64,62,82,64,93,82,60,24,98,73,97,Low Risk
AP2024_4187,Suresh Murthy,24A91A0438,suresh.murthy190@apedu.ac.in,1st Year,ECE,A,2,87.6,49,60,68,51,53,62,76,60,53,16,69,59,78,Medium Risk
AP2024_4188,Manoj Prasad,24A91A4439,manoj.prasad191@apedu.ac.in,1st Year,CSE (Data Science),A,2,84.0,46,44,83,69,41,57,84,74,59,17,74,66,80,Medium Risk
AP2024_4189,Bhavya Chowdary,23A91A0340,bhavya.chowdary192@apedu.ac.in,2nd Year,Mechanical Engineering,C,4,97.3,74,71,83,78,76,88,77,75,72,21,79,70,85,Low Risk
AP2024_4190,Rohit Mishra,21A91A0541,rohit.mishra193@apedu.ac.in,4th Year,CSE,B,7,49.7,70,74,69,80,67,76,58,58,62,13,43,77,50,High Risk
AP2024_4191,Naresh Yadav,21A91A0342,naresh.yadav194@apedu.ac.in,4th Year,Mechanical Engineering,B,7,68.4,72,72,67,68,65,71,70,65,58,17,61,63,66,Medium Risk
AP2024_4192,Srikanth Chary,22A91A0443,srikanth.chary195@apedu.ac.in,3rd Year,ECE,B,5,64.5,62,53,56,58,58,62,57,51,55,15,59,55,60,Medium Risk
AP2024_4193,Sneha Varma,21A91A0444,sneha.varma196@apedu.ac.in,4th Year,ECE,B,7,68.8,62,65,55,64,54,69,65,62,61,19,73,74,68,Medium Risk
AP2024_4194,Sai Gupta,22A91A0445,sai.gupta197@apedu.ac.in,3rd Year,ECE,C,6,68.3,78,61,48,59,66,80,85,73,54,19,82,72,77,Medium Risk
AP2024_4195,Pranavi Varma,23A91A0146,pranavi.varma198@apedu.ac.in,2nd Year,Civil Engineering,A,4,58.7,40,61,49,59,54,57,63,72,43,15,57,54,59,Medium Risk
AP2024_4196,Sandhya Kumar,24A91A0147,sandhya.kumar199@apedu.ac.in,1st Year,Civil Engineering,A,2,61.1,73,51,84,57,69,49,64,65,63,19,65,68,63,Medium Risk
AP2024_4197,Ananya Joshi,21A91A4448,ananya.joshi200@apedu.ac.in,4th Year,CSE (Data Science),D,7,57.2,64,52,64,62,50,59,56,50,50,13,55,59,56,High Risk
AP2024_4198,Ramesh Sastry,24A91A0449,ramesh.sastry201@apedu.ac.in,1st Year,ECE,D,1,67.4,68,89,64,60,81,65,63,70,59,13,59,84,63,Medium Risk
AP2024_4199,Karthik Chowdary,24A91A4250,karthik.chowdary202@apedu.ac.in,1st Year,CSE (AI & ML),B,2,57.1,68,65,82,53,45,61,61,72,49,14,59,66,58,High Risk
AP2024_4200,Tarun Chowdary,22A91A4451,tarun.chowdary203@apedu.ac.in,3rd Year,CSE (Data Science),A,5,43.6,64,68,86,83,60,64,38,62,64,13,49,74,43,High Risk
AP2024_4201,Ravi Kulkarni,21A91A0252,ravi.kulkarni204@apedu.ac.in,4th Year,EEE,D,8,77.0,82,98,86,77,76,70,63,72,77,13,67,91,69,Low Risk
AP2024_4202,Sravani Sharma,22A91A0253,sravani.sharma205@apedu.ac.in,3rd Year,EEE,B,6,60.0,57,73,60,73,57,54,61,70,59,15,60,67,60,Medium Risk
AP2024_4203,Rohit Sharma,23A91A4454,rohit.sharma206@apedu.ac.in,2nd Year,CSE (Data Science),B,3,80.9,72,36,56,58,51,59,76,62,51,21,67,51,75,Medium Risk
AP2024_4204,Sandhya Reddy,24A91A0255,sandhya.reddy207@apedu.ac.in,1st Year,EEE,B,2,81.7,54,64,58,56,67,77,75,71,56,19,76,69,77,Low Risk
AP2024_4205,Keerthi Joshi,23A91A4456,keerthi.joshi208@apedu.ac.in,2nd Year,CSE (Data Science),C,3,68.2,56,53,47,35,55,55,64,62,49,16,56,60,63,Medium Risk
AP2024_4206,Tarun Rao,21A91A0357,tarun.rao209@apedu.ac.in,4th Year,Mechanical Engineering,B,7,75.2,72,65,77,60,71,67,75,76,58,16,68,69,72,Low Risk
AP2024_4207,Srikanth Yadav,24A91A0458,srikanth.yadav210@apedu.ac.in,1st Year,ECE,D,2,99.5,69,72,57,52,66,70,99,75,59,28,98,71,98,Low Risk
AP2024_4208,Nikhil Naidu,24A91A0259,nikhil.naidu211@apedu.ac.in,1st Year,EEE,D,1,46.4,81,60,76,66,74,61,56,74,72,13,59,69,53,High Risk
AP2024_4209,Ravi Raju,24A91A0560,ravi.raju212@apedu.ac.in,1st Year,CSE,D,1,72.6,63,54,61,47,57,56,64,56,52,14,67,67,68,Medium Risk
AP2024_4210,Sireesha Verma,22A91A0361,sireesha.verma213@apedu.ac.in,3rd Year,Mechanical Engineering,B,5,72.1,78,56,75,62,73,73,83,68,63,18,68,72,74,Low Risk
AP2024_4211,Sai Kulkarni,24A91A0162,sai.kulkarni214@apedu.ac.in,1st Year,Civil Engineering,B,1,71.2,54,77,65,44,51,65,77,68,50,19,66,69,71,Medium Risk
AP2024_4212,Tarun Kulkarni,24A91A0163,tarun.kulkarni215@apedu.ac.in,1st Year,Civil Engineering,B,2,80.0,55,45,72,57,60,82,88,65,56,16,77,67,81,Medium Risk
AP2024_4213,Naresh Sastry,22A91A4264,naresh.sastry216@apedu.ac.in,3rd Year,CSE (AI & ML),C,6,87.2,68,53,67,70,63,72,82,83,66,25,82,73,84,Low Risk
AP2024_4214,Varun Sastry,24A91A0365,varun.sastry217@apedu.ac.in,1st Year,Mechanical Engineering,C,2,76.6,85,80,73,59,63,88,73,72,70,20,80,76,76,Low Risk
AP2024_4215,Naresh Naidu,23A91A0366,naresh.naidu218@apedu.ac.in,2nd Year,Mechanical Engineering,A,3,54.7,41,39,44,47,54,56,49,58,52,11,38,64,47,High Risk
AP2024_4216,Ganesh Raju,24A91A0367,ganesh.raju219@apedu.ac.in,1st Year,Mechanical Engineering,C,1,76.2,64,62,62,53,62,70,78,77,69,19,86,70,79,Low Risk
AP2024_4217,Ganesh Raju,24A91A0168,ganesh.raju220@apedu.ac.in,1st Year,Civil Engineering,B,1,55.5,49,56,55,44,35,50,58,49,44,14,55,44,56,High Risk
AP2024_4218,Swathi Patel,21A91A0369,swathi.patel221@apedu.ac.in,4th Year,Mechanical Engineering,B,8,57.9,71,66,71,59,79,67,57,69,74,16,53,72,56,High Risk
AP2024_4219,Ananya Sastry,24A91A0570,ananya.sastry222@apedu.ac.in,1st Year,CSE,C,1,46.5,52,57,68,60,59,46,57,54,54,18,44,55,48,High Risk
AP2024_4220,Sneha Murthy,23A91A4271,sneha.murthy223@apedu.ac.in,2nd Year,CSE (AI & ML),D,3,60.4,92,90,69,60,79,66,74,71,65,14,75,79,68,Medium Risk
AP2024_4221,Harika Varma,24A91A0272,harika.varma224@apedu.ac.in,1st Year,EEE,A,1,54.0,53,68,76,66,70,67,56,58,64,10,57,68,55,High Risk
AP2024_4222,Bhavya Bhatt,23A91A0173,bhavya.bhatt225@apedu.ac.in,2nd Year,Civil Engineering,D,4,76.8,57,56,67,62,54,57,83,67,48,21,64,69,74,Medium Risk
AP2024_4223,Chaitanya Bhatt,21A91A0574,chaitanya.bhatt226@apedu.ac.in,4th Year,CSE,D,8,49.3,58,58,59,43,63,73,47,73,52,13,49,73,48,High Risk
AP2024_4224,Manoj Naidu,23A91A1275,manoj.naidu227@apedu.ac.in,2nd Year,Information Technology,D,4,61.1,77,83,79,62,76,82,80,80,71,18,63,80,67,Medium Risk
AP2024_4225,Pranavi Naidu,23A91A1276,pranavi.naidu228@apedu.ac.in,2nd Year,Information Technology,D,3,95.3,56,53,66,55,59,70,77,65,62,19,68,65,81,Medium Risk
AP2024_4226,Venkata Babu,22A91A0177,venkata.babu229@apedu.ac.in,3rd Year,Civil Engineering,C,6,75.9,70,58,73,64,42,58,71,75,68,13,71,66,72,Medium Risk
AP2024_4227,Nikhil Yadav,23A91A0478,nikhil.yadav230@apedu.ac.in,2nd Year,ECE,A,4,57.1,50,54,60,79,62,55,36,56,67,16,47,61,47,High Risk
AP2024_4228,Ramesh Naidu,21A91A0279,ramesh.naidu231@apedu.ac.in,4th Year,EEE,B,8,77.4,67,50,82,74,63,51,70,68,67,16,60,75,69,Low Risk
AP2024_4229,Venkata Mishra,22A91A0480,venkata.mishra232@apedu.ac.in,3rd Year,ECE,A,5,50.5,60,36,47,40,53,42,46,52,42,13,44,59,47,High Risk
AP2024_4230,Rohit Rao,23A91A4281,rohit.rao233@apedu.ac.in,2nd Year,CSE (AI & ML),C,3,60.3,67,53,45,48,47,52,60,59,49,15,65,56,61,Medium Risk
AP2024_4231,Venkata Kumar,21A91A0282,venkata.kumar234@apedu.ac.in,4th Year,EEE,C,8,59.7,55,60,65,55,55,58,61,66,49,17,67,61,62,Medium Risk
AP2024_4232,Naresh Yadav,21A91A1283,naresh.yadav235@apedu.ac.in,4th Year,Information Technology,A,8,59.7,46,61,80,63,58,72,55,73,58,16,76,71,63,Medium Risk
AP2024_4233,Ananya Reddy,23A91A1284,ananya.reddy236@apedu.ac.in,2nd Year,Information Technology,D,4,53.3,38,53,62,49,53,44,34,51,58,8,35,62,42,High Risk
AP2024_4234,Pavan Gupta,21A91A0185,pavan.gupta237@apedu.ac.in,4th Year,Civil Engineering,C,8,72.1,68,58,50,39,52,67,59,70,56,17,64,68,65,Medium Risk
AP2024_4235,Naresh Babu,21A91A4286,naresh.babu238@apedu.ac.in,4th Year,CSE (AI & ML),D,8,85.6,74,78,78,72,83,69,72,71,65,16,74,77,78,Low Risk
AP2024_4236,Bhavya Prasad,22A91A0587,bhavya.prasad239@apedu.ac.in,3rd Year,CSE,C,6,70.4,43,68,73,74,65,63,69,56,60,20,58,59,66,Medium Risk
AP2024_4237,Charan Rao,24A91A0488,charan.rao240@apedu.ac.in,1st Year,ECE,C,2,80.7,31,57,40,54,45,57,84,62,49,16,67,54,77,Medium Risk
AP2024_4238,Sireesha Somayajulu,23A91A0489,sireesha.somayajulu241@apedu.ac.in,2nd Year,ECE,A,4,71.6,70,50,46,39,50,55,68,67,49,13,59,55,66,Medium Risk
AP2024_4239,Swathi Prasad,22A91A4490,swathi.prasad242@apedu.ac.in,3rd Year,CSE (Data Science),D,6,64.2,55,75,59,54,70,66,70,63,65,14,67,69,66,Medium Risk
AP2024_4240,Lavanya Naidu,24A91A4401,lavanya.naidu243@apedu.ac.in,1st Year,CSE (Data Science),D,2,60.9,80,81,62,58,59,57,62,70,47,15,56,68,59,Medium Risk
AP2024_4241,Pranavi Patel,23A91A0302,pranavi.patel244@apedu.ac.in,2nd Year,Mechanical Engineering,D,3,82.5,72,69,71,74,83,79,79,73,68,20,71,82,77,Low Risk
AP2024_4242,Sai Goud,22A91A4203,sai.goud245@apedu.ac.in,3rd Year,CSE (AI & ML),B,6,82.9,67,57,69,62,60,69,72,66,53,16,74,69,76,Low Risk
AP2024_4243,Akhil Goud,21A91A0404,akhil.goud246@apedu.ac.in,4th Year,ECE,D,8,66.4,84,71,60,67,69,56,58,61,62,15,60,64,61,Medium Risk
AP2024_4244,Pavan Verma,24A91A0205,pavan.verma247@apedu.ac.in,1st Year,EEE,C,2,68.2,85,86,84,65,66,68,73,76,62,14,64,85,68,Medium Risk
AP2024_4245,Gayatri Prasad,22A91A0106,gayatri.prasad248@apedu.ac.in,3rd Year,Civil Engineering,D,6,81.9,74,63,79,71,72,69,83,86,64,25,85,76,83,Low Risk
AP2024_4246,Nikhil Gupta,22A91A0207,nikhil.gupta249@apedu.ac.in,3rd Year,EEE,B,6,62.3,81,61,82,70,73,67,71,70,70,12,61,73,64,Medium Risk
AP2024_4247,Pavan Somayajulu,22A91A0208,pavan.somayajulu250@apedu.ac.in,3rd Year,EEE,A,5,50.0,64,55,75,73,80,48,46,71,81,12,54,76,49,High Risk
AP2024_4248,Tarun Bhatt,23A91A0209,tarun.bhatt251@apedu.ac.in,2nd Year,EEE,C,3,62.9,57,70,52,62,48,53,60,58,54,15,62,55,61,Medium Risk
AP2024_4249,Swathi Babu,22A91A0210,swathi.babu252@apedu.ac.in,3rd Year,EEE,D,5,55.1,62,56,72,59,67,65,62,47,56,14,52,61,56,High Risk
AP2024_4250,Kavya Reddy,23A91A0411,kavya.reddy253@apedu.ac.in,2nd Year,ECE,A,3,55.2,65,74,84,79,72,76,59,63,67,16,59,67,57,High Risk
AP2024_4251,Swathi Patel,21A91A1212,swathi.patel254@apedu.ac.in,4th Year,Information Technology,B,7,50.5,62,68,81,77,69,57,51,75,77,15,58,80,52,High Risk
AP2024_4252,Naresh Kulkarni,22A91A0413,naresh.kulkarni255@apedu.ac.in,3rd Year,ECE,B,5,66.6,57,65,48,49,45,63,60,52,45,17,65,63,64,Medium Risk
AP2024_4253,Harika Reddy,21A91A0514,harika.reddy256@apedu.ac.in,4th Year,CSE,B,7,76.6,70,64,38,50,66,64,66,67,47,21,61,58,68,Medium Risk
AP2024_4254,Suresh Sastry,24A91A0315,suresh.sastry257@apedu.ac.in,1st Year,Mechanical Engineering,C,2,68.8,62,68,58,63,58,46,63,72,56,18,61,74,64,Medium Risk
AP2024_4255,Akhil Kumar,23A91A0116,akhil.kumar258@apedu.ac.in,2nd Year,Civil Engineering,C,4,64.4,64,73,72,63,60,58,72,73,74,16,70,71,68,Medium Risk
AP2024_4256,Charan Sastry,23A91A0517,charan.sastry259@apedu.ac.in,2nd Year,CSE,B,3,61.6,73,74,73,70,66,55,65,67,58,16,66,73,63,Medium Risk
AP2024_4257,Sai Rao,22A91A0118,sai.rao260@apedu.ac.in,3rd Year,Civil Engineering,C,6,78.1,72,45,45,58,52,64,69,70,53,18,85,70,77,Medium Risk
AP2024_4258,Manasa Naidu,23A91A0519,manasa.naidu261@apedu.ac.in,2nd Year,CSE,A,3,99.5,95,61,88,81,73,81,98,88,70,23,98,91,98,Low Risk
AP2024_4259,Rohit Kumar,24A91A4220,rohit.kumar262@apedu.ac.in,1st Year,CSE (AI & ML),B,1,79.9,76,61,73,71,59,69,80,69,57,20,74,62,78,Low Risk
AP2024_4260,Mahesh Patel,21A91A0121,mahesh.patel263@apedu.ac.in,4th Year,Civil Engineering,B,8,72.2,53,56,55,54,49,56,77,66,54,23,79,66,75,Medium Risk
AP2024_4261,Charan Bhatt,22A91A0522,charan.bhatt264@apedu.ac.in,3rd Year,CSE,D,6,71.1,76,77,73,57,68,50,61,67,61,18,56,76,63,Medium Risk
AP2024_4262,Rahul Bhatt,23A91A0223,rahul.bhatt265@apedu.ac.in,2nd Year,EEE,C,3,82.2,90,79,65,58,89,66,77,78,69,16,84,92,81,Low Risk
AP2024_4263,Yamini Gupta,23A91A0324,yamini.gupta266@apedu.ac.in,2nd Year,Mechanical Engineering,D,4,76.4,43,44,38,35,51,50,83,61,46,20,75,54,77,High Risk
AP2024_4264,Manasa Verma,24A91A0425,manasa.verma267@apedu.ac.in,1st Year,ECE,C,1,45.7,67,58,78,56,75,63,60,71,65,15,48,73,50,High Risk
AP2024_4265,Ananya Sharma,22A91A0426,ananya.sharma268@apedu.ac.in,3rd Year,ECE,D,5,76.0,75,68,84,76,77,72,81,75,75,20,73,81,76,Low Risk
AP2024_4266,Sneha Kulkarni,23A91A0427,sneha.kulkarni269@apedu.ac.in,2nd Year,ECE,B,3,69.7,64,55,47,40,65,67,68,56,41,18,63,60,67,Medium Risk
AP2024_4267,Pavan Babu,22A91A0228,pavan.babu270@apedu.ac.in,3rd Year,EEE,D,5,55.6,70,57,63,55,61,71,50,59,61,13,45,75,50,High Risk
AP2024_4268,Manoj Yadav,24A91A0229,manoj.yadav271@apedu.ac.in,1st Year,EEE,B,1,74.2,78,71,76,76,74,74,70,75,67,16,79,88,74,Low Risk
AP2024_4269,Lavanya Somayajulu,21A91A0530,lavanya.somayajulu272@apedu.ac.in,4th Year,CSE,A,8,70.3,65,60,74,66,79,85,80,67,61,20,84,66,77,Medium Risk
AP2024_4270,Yamini Yadav,22A91A0231,yamini.yadav273@apedu.ac.in,3rd Year,EEE,D,5,54.3,74,69,80,78,73,63,50,60,79,11,62,76,55,High Risk
AP2024_4271,Swathi Rao,23A91A1232,swathi.rao274@apedu.ac.in,2nd Year,Information Technology,D,3,87.4,60,72,51,40,68,51,74,70,58,16,78,69,80,Medium Risk
AP2024_4272,Tejaswi Naidu,21A91A0433,tejaswi.naidu275@apedu.ac.in,4th Year,ECE,A,8,89.1,70,54,54,46,68,63,84,71,63,23,87,73,86,Medium Risk
AP2024_4273,Pavan Sharma,22A91A4434,pavan.sharma276@apedu.ac.in,3rd Year,CSE (Data Science),B,5,66.0,58,64,67,59,56,57,63,70,54,16,70,67,66,Medium Risk
AP2024_4274,Chaitanya Kumar,24A91A4435,chaitanya.kumar277@apedu.ac.in,1st Year,CSE (Data Science),C,1,61.9,76,41,64,59,55,63,77,68,53,20,65,57,67,Medium Risk
AP2024_4275,Ganesh Prasad,22A91A1236,ganesh.prasad278@apedu.ac.in,3rd Year,Information Technology,C,5,83.0,73,72,57,59,66,77,87,83,54,21,80,80,83,Medium Risk
AP2024_4276,Sneha Sharma,23A91A4437,sneha.sharma279@apedu.ac.in,2nd Year,CSE (Data Science),B,3,81.5,48,75,48,40,57,71,80,78,61,21,73,58,78,Medium Risk
AP2024_4277,Sai Varma,24A91A0338,sai.varma280@apedu.ac.in,1st Year,Mechanical Engineering,D,1,59.1,41,44,24,28,39,38,55,38,28,11,54,46,56,High Risk
AP2024_4278,Naresh Chowdary,23A91A0539,naresh.chowdary281@apedu.ac.in,2nd Year,CSE,B,3,77.6,60,72,60,44,48,86,76,68,57,19,69,69,74,Medium Risk
AP2024_4279,Venkata Verma,23A91A0140,venkata.verma282@apedu.ac.in,2nd Year,Civil Engineering,D,4,84.8,77,66,80,70,75,70,83,79,76,23,93,74,86,Low Risk
AP2024_4280,Lavanya Naidu,24A91A1241,lavanya.naidu283@apedu.ac.in,1st Year,Information Technology,C,2,85.5,62,64,68,36,53,67,78,71,59,23,76,64,80,Medium Risk
AP2024_4281,Sai Babu,21A91A1242,sai.babu284@apedu.ac.in,4th Year,Information Technology,C,7,77.0,73,71,92,80,86,74,78,82,70,20,79,92,77,Low Risk
AP2024_4282,Sireesha Verma,24A91A0243,sireesha.verma285@apedu.ac.in,1st Year,EEE,C,1,77.9,48,53,35,40,61,49,79,57,43,18,80,52,78,Medium Risk
AP2024_4283,Manoj Rao,24A91A0444,manoj.rao286@apedu.ac.in,1st Year,ECE,C,1,65.9,68,83,84,84,60,68,54,67,67,15,59,80,60,Medium Risk
AP2024_4284,Ravi Goud,23A91A0445,ravi.goud287@apedu.ac.in,2nd Year,ECE,C,3,68.2,70,62,79,65,61,73,68,62,67,18,62,64,66,Medium Risk
AP2024_4285,Divya Rao,23A91A1246,divya.rao288@apedu.ac.in,2nd Year,Information Technology,A,4,49.5,56,65,73,63,53,57,59,63,50,15,42,62,50,High Risk
AP2024_4286,Swathi Reddy,24A91A4447,swathi.reddy289@apedu.ac.in,1st Year,CSE (Data Science),B,2,63.4,72,87,59,68,58,67,63,67,66,20,63,76,63,Medium Risk
AP2024_4287,Divya Gupta,24A91A0548,divya.gupta290@apedu.ac.in,1st Year,CSE,D,2,90.8,49,47,56,47,73,62,81,62,49,18,87,60,86,Medium Risk
AP2024_4288,Deepika Raju,21A91A1249,deepika.raju291@apedu.ac.in,4th Year,Information Technology,D,7,62.1,61,40,59,62,45,46,67,57,37,16,57,72,62,Medium Risk
AP2024_4289,Sireesha Raju,21A91A4450,sireesha.raju292@apedu.ac.in,4th Year,CSE (Data Science),C,7,49.2,77,78,82,71,79,59,56,69,82,13,47,81,50,High Risk
AP2024_4290,Ananya Prasad,22A91A1251,ananya.prasad293@apedu.ac.in,3rd Year,Information Technology,B,5,82.9,67,77,83,71,72,66,96,82,68,18,79,74,85,Low Risk
AP2024_4291,Sravani Yadav,23A91A4252,sravani.yadav294@apedu.ac.in,2nd Year,CSE (AI & ML),B,4,61.3,55,32,60,45,68,58,40,52,37,14,50,57,51,Medium Risk
AP2024_4292,Rohit Patel,24A91A0153,rohit.patel295@apedu.ac.in,1st Year,Civil Engineering,D,2,77.7,92,66,95,68,75,76,79,70,68,19,72,85,76,Low Risk
AP2024_4293,Chaitanya Gupta,22A91A0454,chaitanya.gupta296@apedu.ac.in,3rd Year,ECE,D,5,88.2,70,81,70,59,71,69,93,83,73,24,87,85,89,Low Risk
AP2024_4294,Nikhil Yadav,23A91A4255,nikhil.yadav297@apedu.ac.in,2nd Year,CSE (AI & ML),B,4,68.9,85,84,76,57,56,69,67,66,58,18,60,71,65,Medium Risk
AP2024_4295,Harika Varma,24A91A0556,harika.varma298@apedu.ac.in,1st Year,CSE,A,1,69.1,43,46,51,32,45,48,65,51,38,17,62,53,65,High Risk
AP2024_4296,Akhil Babu,24A91A0357,akhil.babu299@apedu.ac.in,1st Year,Mechanical Engineering,D,1,92.0,60,56,67,61,69,71,93,86,57,27,98,79,94,Low Risk
AP2024_4297,Gayatri Rao,24A91A0558,gayatri.rao300@apedu.ac.in,1st Year,CSE,D,2,78.0,65,71,64,52,75,68,66,67,64,20,75,65,73,Medium Risk
AP2024_4298,Tejaswi Somayajulu,24A91A4459,tejaswi.somayajulu301@apedu.ac.in,1st Year,CSE (Data Science),C,1,64.7,61,63,73,84,67,74,62,84,62,16,57,72,61,Medium Risk
AP2024_4299,Harika Bhatt,22A91A4460,harika.bhatt302@apedu.ac.in,3rd Year,CSE (Data Science),C,6,83.4,78,66,70,61,65,77,78,78,53,21,73,65,78,Medium Risk
AP2024_4300,Suresh Sastry,24A91A4461,suresh.sastry303@apedu.ac.in,1st Year,CSE (Data Science),B,1,70.3,64,58,40,39,41,53,62,50,43,18,69,65,67,Medium Risk
AP2024_4301,Ravi Prasad,22A91A0462,ravi.prasad304@apedu.ac.in,3rd Year,ECE,D,5,82.7,78,72,71,82,67,62,67,72,90,20,65,87,72,Low Risk
AP2024_4302,Aditya Goud,24A91A0263,aditya.goud305@apedu.ac.in,1st Year,EEE,B,2,70.9,57,65,56,50,67,53,67,56,58,13,55,63,64,Medium Risk
AP2024_4303,Rohit Chowdary,21A91A0164,rohit.chowdary306@apedu.ac.in,4th Year,Civil Engineering,C,7,70.4,32,29,41,46,47,49,67,43,47,14,50,48,63,High Risk
AP2024_4304,Kavya Bhatt,21A91A0465,kavya.bhatt307@apedu.ac.in,4th Year,ECE,A,7,51.4,46,62,30,33,51,49,30,48,42,6,35,44,40,High Risk
AP2024_4305,Chaitanya Sharma,23A91A0266,chaitanya.sharma308@apedu.ac.in,2nd Year,EEE,C,4,81.1,78,77,81,92,82,94,95,80,76,22,94,93,89,Low Risk
AP2024_4306,Lavanya Reddy,22A91A0367,lavanya.reddy309@apedu.ac.in,3rd Year,Mechanical Engineering,A,6,77.7,80,77,89,66,82,81,76,71,66,19,75,83,76,Low Risk
AP2024_4307,Varun Babu,24A91A0568,varun.babu310@apedu.ac.in,1st Year,CSE,C,1,67.9,68,77,66,66,84,72,61,78,63,9,52,73,61,Medium Risk
AP2024_4308,Gayatri Kulkarni,21A91A4269,gayatri.kulkarni311@apedu.ac.in,4th Year,CSE (AI & ML),C,8,89.9,72,93,89,66,78,70,84,88,80,24,88,85,87,Low Risk
AP2024_4309,Bhavya Kulkarni,21A91A0270,bhavya.kulkarni312@apedu.ac.in,4th Year,EEE,B,8,59.3,51,24,47,47,35,46,47,44,28,5,44,46,51,High Risk
AP2024_4310,Tarun Murthy,23A91A0371,tarun.murthy313@apedu.ac.in,2nd Year,Mechanical Engineering,D,3,61.8,61,65,84,75,72,62,68,63,68,13,56,55,61,Medium Risk
AP2024_4311,Pranavi Raju,23A91A1272,pranavi.raju314@apedu.ac.in,2nd Year,Information Technology,D,4,59.4,56,61,80,67,63,51,58,57,62,18,57,63,58,Medium Risk
AP2024_4312,Sireesha Goud,23A91A4473,sireesha.goud315@apedu.ac.in,2nd Year,CSE (Data Science),A,4,74.5,57,73,58,60,82,69,75,74,54,18,68,78,72,Medium Risk
AP2024_4313,Deepika Naidu,21A91A4274,deepika.naidu316@apedu.ac.in,4th Year,CSE (AI & ML),B,8,80.5,52,62,25,42,46,45,81,58,51,15,80,51,80,Medium Risk
AP2024_4314,Ramesh Varma,24A91A4475,ramesh.varma317@apedu.ac.in,1st Year,CSE (Data Science),B,2,63.0,61,76,71,56,83,81,73,78,60,18,77,82,70,Medium Risk
AP2024_4315,Swathi Gupta,24A91A0376,swathi.gupta318@apedu.ac.in,1st Year,Mechanical Engineering,D,1,75.5,73,75,53,64,75,62,64,60,65,18,58,59,66,Low Risk
AP2024_4316,Manoj Rao,23A91A0377,manoj.rao319@apedu.ac.in,2nd Year,Mechanical Engineering,D,4,75.3,71,52,52,68,32,70,73,64,57,18,70,68,73,Medium Risk
AP2024_4317,Pranavi Murthy,23A91A4478,pranavi.murthy320@apedu.ac.in,2nd Year,CSE (Data Science),D,4,50.8,64,44,54,50,51,61,59,63,48,15,63,64,56,High Risk
AP2024_4318,Aditya Chary,22A91A0579,aditya.chary321@apedu.ac.in,3rd Year,CSE,D,5,72.4,67,44,63,58,44,59,73,61,45,13,64,60,70,Medium Risk
AP2024_4319,Manasa Naidu,22A91A0580,manasa.naidu322@apedu.ac.in,3rd Year,CSE,C,6,75.5,73,62,83,76,82,76,81,83,66,20,82,84,79,Low Risk
AP2024_4320,Harika Sharma,23A91A0481,harika.sharma323@apedu.ac.in,2nd Year,ECE,A,3,90.9,63,55,60,47,40,49,82,57,52,22,86,71,86,Medium Risk
AP2024_4321,Karthik Raju,23A91A4282,karthik.raju324@apedu.ac.in,2nd Year,CSE (AI & ML),A,3,99.5,66,47,69,72,64,75,100,72,61,23,92,69,97,Low Risk
AP2024_4322,Aditya Varma,24A91A4283,aditya.varma325@apedu.ac.in,1st Year,CSE (AI & ML),C,1,68.1,74,63,69,81,54,66,60,76,62,19,64,70,64,Medium Risk
AP2024_4323,Tejaswi Mishra,24A91A4484,tejaswi.mishra326@apedu.ac.in,1st Year,CSE (Data Science),D,2,59.5,71,68,69,61,55,80,52,69,63,15,65,84,58,Medium Risk
AP2024_4324,Chaitanya Murthy,21A91A0285,chaitanya.murthy327@apedu.ac.in,4th Year,EEE,A,8,59.7,67,60,68,60,49,51,52,56,53,14,51,66,54,Medium Risk
AP2024_4325,Harika Bhatt,24A91A0286,harika.bhatt328@apedu.ac.in,1st Year,EEE,A,2,73.6,63,60,67,46,71,59,80,71,48,18,64,77,72,Medium Risk
AP2024_4326,Manasa Gupta,22A91A0587,manasa.gupta329@apedu.ac.in,3rd Year,CSE,A,5,58.9,54,62,63,44,69,64,73,63,68,12,53,72,61,Medium Risk
AP2024_4327,Manasa Goud,21A91A1288,manasa.goud330@apedu.ac.in,4th Year,Information Technology,B,8,62.3,73,48,64,68,62,67,67,58,51,16,60,57,63,Medium Risk
AP2024_4328,Sireesha Mishra,22A91A0189,sireesha.mishra331@apedu.ac.in,3rd Year,Civil Engineering,C,6,88.4,60,69,52,50,70,66,87,58,52,19,88,69,87,Medium Risk
AP2024_4329,Tarun Gupta,24A91A4490,tarun.gupta332@apedu.ac.in,1st Year,CSE (Data Science),B,2,67.5,47,49,76,60,48,57,49,58,44,15,47,53,55,Medium Risk
AP2024_4330,Tejaswi Kulkarni,23A91A4401,tejaswi.kulkarni333@apedu.ac.in,2nd Year,CSE (Data Science),D,3,84.1,66,40,59,54,55,64,92,56,54,19,74,66,83,Medium Risk
AP2024_4331,Rohit Goud,24A91A4402,rohit.goud334@apedu.ac.in,1st Year,CSE (Data Science),A,1,43.8,64,68,66,65,61,53,55,57,65,15,51,63,49,High Risk
AP2024_4332,Pavan Somayajulu,24A91A0203,pavan.somayajulu335@apedu.ac.in,1st Year,EEE,B,1,88.3,80,89,68,72,82,88,73,72,78,18,78,86,80,Low Risk
AP2024_4333,Gayatri Raju,23A91A0204,gayatri.raju336@apedu.ac.in,2nd Year,EEE,D,3,92.2,42,61,49,54,42,58,91,73,55,20,98,63,93,Medium Risk
AP2024_4334,Sandhya Bhatt,24A91A1205,sandhya.bhatt337@apedu.ac.in,1st Year,Information Technology,D,1,86.6,74,56,74,52,48,65,72,73,46,18,74,76,78,Medium Risk
AP2024_4335,Rohit Murthy,22A91A4406,rohit.murthy338@apedu.ac.in,3rd Year,CSE (Data Science),B,5,58.9,56,52,43,35,32,50,64,56,41,18,64,64,61,High Risk
AP2024_4336,Suresh Joshi,24A91A0407,suresh.joshi339@apedu.ac.in,1st Year,ECE,D,1,40.5,78,75,74,72,55,67,39,73,67,12,43,88,40,High Risk
AP2024_4337,Ganesh Murthy,24A91A0508,ganesh.murthy340@apedu.ac.in,1st Year,CSE,A,1,38.0,41,45,44,45,51,39,34,59,54,10,41,46,37,High Risk
AP2024_4338,Sai Kumar,23A91A0309,sai.kumar341@apedu.ac.in,2nd Year,Mechanical Engineering,B,3,80.4,81,87,90,76,62,85,87,91,71,21,72,92,79,Low Risk
AP2024_4339,Chaitanya Prasad,23A91A0510,chaitanya.prasad342@apedu.ac.in,2nd Year,CSE,C,3,53.7,57,66,65,55,60,63,65,63,58,19,61,64,59,High Risk
AP2024_4340,Karthik Patel,23A91A0411,karthik.patel343@apedu.ac.in,2nd Year,ECE,B,4,70.3,82,78,78,71,68,63,69,67,71,14,68,78,69,Medium Risk
AP2024_4341,Yamini Somayajulu,24A91A4412,yamini.somayajulu344@apedu.ac.in,1st Year,CSE (Data Science),D,2,46.7,74,74,45,57,61,61,47,62,64,10,41,66,45,High Risk
AP2024_4342,Gayatri Goud,24A91A1213,gayatri.goud345@apedu.ac.in,1st Year,Information Technology,D,1,75.1,62,69,56,52,60,56,76,66,53,19,69,59,73,Medium Risk
AP2024_4343,Chaitanya Somayajulu,21A91A1214,chaitanya.somayajulu346@apedu.ac.in,4th Year,Information Technology,D,7,65.7,53,59,74,64,63,74,62,53,65,13,60,58,62,Medium Risk
AP2024_4344,Nikhil Verma,23A91A0115,nikhil.verma347@apedu.ac.in,2nd Year,Civil Engineering,B,3,63.2,69,82,85,88,75,64,57,58,79,16,63,78,61,Medium Risk
AP2024_4345,Manoj Sastry,21A91A0316,manoj.sastry348@apedu.ac.in,4th Year,Mechanical Engineering,A,7,45.4,31,34,58,51,44,44,50,48,40,16,55,47,49,High Risk
AP2024_4346,Chaitanya Prasad,23A91A1217,chaitanya.prasad349@apedu.ac.in,2nd Year,Information Technology,A,4,77.5,55,53,58,58,60,76,76,55,55,21,78,75,77,Medium Risk
AP2024_4347,Nikhil Murthy,22A91A0518,nikhil.murthy350@apedu.ac.in,3rd Year,CSE,A,5,73.7,63,31,51,65,54,40,67,49,43,13,52,51,65,High Risk
AP2024_4348,Bhavya Varma,23A91A0419,bhavya.varma351@apedu.ac.in,2nd Year,ECE,B,3,76.8,95,79,100,93,71,74,64,75,86,11,69,85,70,Low Risk
AP2024_4349,Harika Kulkarni,23A91A4420,harika.kulkarni352@apedu.ac.in,2nd Year,CSE (Data Science),D,4,99.5,65,61,73,77,68,78,84,77,61,23,96,82,93,Low Risk
AP2024_4350,Ramesh Naidu,21A91A0521,ramesh.naidu353@apedu.ac.in,4th Year,CSE,D,8,84.6,75,42,76,60,88,70,76,62,54,19,66,81,76,Low Risk
AP2024_4351,Sravani Sastry,21A91A0522,sravani.sastry354@apedu.ac.in,4th Year,CSE,D,7,80.6,50,54,47,38,43,67,87,64,48,18,83,60,83,Medium Risk
AP2024_4352,Srikanth Bhatt,23A91A4223,srikanth.bhatt355@apedu.ac.in,2nd Year,CSE (AI & ML),C,3,70.9,74,80,75,72,78,80,60,79,73,16,66,78,66,Medium Risk
AP2024_4353,Nikhil Naidu,23A91A1224,nikhil.naidu356@apedu.ac.in,2nd Year,Information Technology,D,4,70.3,63,53,63,60,58,64,72,62,54,16,77,73,72,Medium Risk
AP2024_4354,Suresh Babu,24A91A0125,suresh.babu357@apedu.ac.in,1st Year,Civil Engineering,B,2,63.6,62,64,54,52,69,67,65,68,61,19,55,61,61,Medium Risk
AP2024_4355,Chaitanya Somayajulu,22A91A1226,chaitanya.somayajulu358@apedu.ac.in,3rd Year,Information Technology,B,6,73.6,38,87,61,65,68,75,73,68,57,17,67,68,71,Low Risk
AP2024_4356,Venkata Somayajulu,23A91A0127,venkata.somayajulu359@apedu.ac.in,2nd Year,Civil Engineering,C,4,81.0,62,38,53,52,66,64,74,64,44,19,61,66,72,Medium Risk
AP2024_4357,Tarun Joshi,21A91A0328,tarun.joshi360@apedu.ac.in,4th Year,Mechanical Engineering,A,7,54.9,75,61,50,47,64,51,47,61,49,15,54,67,52,High Risk
AP2024_4358,Divya Patel,21A91A0229,divya.patel361@apedu.ac.in,4th Year,EEE,B,7,46.1,70,74,80,82,55,59,28,60,68,7,27,67,34,High Risk
AP2024_4359,Charan Patel,23A91A0130,charan.patel362@apedu.ac.in,2nd Year,Civil Engineering,A,4,95.1,68,48,47,38,59,83,92,68,49,22,90,59,92,Medium Risk
AP2024_4360,Lavanya Gupta,23A91A1231,lavanya.gupta363@apedu.ac.in,2nd Year,Information Technology,C,3,68.2,43,50,42,43,55,45,58,56,51,15,50,61,59,Medium Risk
AP2024_4361,Sravani Varma,21A91A0232,sravani.varma364@apedu.ac.in,4th Year,EEE,A,8,65.3,51,60,30,23,50,45,59,52,33,15,61,51,62,High Risk
AP2024_4362,Lavanya Bhatt,21A91A0533,lavanya.bhatt365@apedu.ac.in,4th Year,CSE,A,8,80.0,62,53,62,67,53,71,69,67,54,17,67,63,72,Medium Risk
AP2024_4363,Yamini Chary,21A91A1234,yamini.chary366@apedu.ac.in,4th Year,Information Technology,C,8,81.7,85,93,77,75,80,84,70,83,75,15,74,89,75,Low Risk
AP2024_4364,Yamini Kumar,22A91A0235,yamini.kumar367@apedu.ac.in,3rd Year,EEE,A,6,60.8,58,58,69,52,44,46,57,67,60,14,67,62,61,Medium Risk
AP2024_4365,Sandhya Sharma,22A91A0136,sandhya.sharma368@apedu.ac.in,3rd Year,Civil Engineering,D,5,69.4,58,52,54,53,56,49,62,50,49,15,66,56,66,Medium Risk
AP2024_4366,Nikhil Gupta,21A91A0437,nikhil.gupta369@apedu.ac.in,4th Year,ECE,D,8,55.8,71,75,84,73,70,72,66,67,73,18,50,93,57,High Risk
AP2024_4367,Swathi Joshi,24A91A0238,swathi.joshi370@apedu.ac.in,1st Year,EEE,A,2,57.6,63,69,53,54,69,69,60,47,56,19,64,70,60,High Risk
AP2024_4368,Kavya Gupta,22A91A4439,kavya.gupta371@apedu.ac.in,3rd Year,CSE (Data Science),D,5,75.3,68,67,92,85,66,79,71,74,73,18,60,83,69,Low Risk
AP2024_4369,Sai Patel,23A91A0540,sai.patel372@apedu.ac.in,2nd Year,CSE,B,3,86.2,60,50,50,49,64,67,75,83,60,19,88,64,83,Medium Risk
AP2024_4370,Tarun Varma,21A91A0141,tarun.varma373@apedu.ac.in,4th Year,Civil Engineering,D,7,68.0,80,71,60,61,63,73,68,67,48,16,67,71,67,Medium Risk
AP2024_4371,Tejaswi Joshi,24A91A4442,tejaswi.joshi374@apedu.ac.in,1st Year,CSE (Data Science),C,1,77.4,95,85,88,99,81,73,67,80,81,18,69,88,71,Low Risk
AP2024_4372,Chaitanya Raju,22A91A0443,chaitanya.raju375@apedu.ac.in,3rd Year,ECE,A,5,60.6,43,29,34,36,40,35,60,52,40,14,59,48,59,High Risk
AP2024_4373,Yamini Joshi,23A91A0344,yamini.joshi376@apedu.ac.in,2nd Year,Mechanical Engineering,D,3,83.5,88,73,68,84,74,69,69,65,69,18,71,71,75,Low Risk
AP2024_4374,Pavan Kulkarni,23A91A0245,pavan.kulkarni377@apedu.ac.in,2nd Year,EEE,A,4,79.2,72,68,63,55,62,80,79,68,59,19,84,60,80,Low Risk
AP2024_4375,Yamini Kumar,21A91A0546,yamini.kumar378@apedu.ac.in,4th Year,CSE,B,7,93.8,93,56,81,81,63,69,86,88,75,24,94,83,91,Low Risk
AP2024_4376,Lavanya Kumar,24A91A0547,lavanya.kumar379@apedu.ac.in,1st Year,CSE,B,1,68.9,65,63,94,89,83,72,61,65,72,15,59,84,63,Medium Risk
AP2024_4377,Karthik Kulkarni,22A91A0148,karthik.kulkarni380@apedu.ac.in,3rd Year,Civil Engineering,A,6,71.4,61,68,61,47,60,66,69,75,47,17,67,66,69,Medium Risk
AP2024_4378,Swathi Chary,22A91A0549,swathi.chary381@apedu.ac.in,3rd Year,CSE,C,5,53.4,78,80,72,67,70,60,59,70,67,15,54,85,55,High Risk
AP2024_4379,Manasa Gupta,24A91A0450,manasa.gupta382@apedu.ac.in,1st Year,ECE,D,2,49.9,61,61,76,60,46,39,57,55,45,15,39,56,48,High Risk
AP2024_4380,Chaitanya Kulkarni,22A91A1251,chaitanya.kulkarni383@apedu.ac.in,3rd Year,Information Technology,A,6,99.5,83,76,70,55,58,63,99,59,71,25,98,69,98,Low Risk
AP2024_4381,Sandhya Sastry,24A91A1252,sandhya.sastry384@apedu.ac.in,1st Year,Information Technology,B,1,93.1,45,60,53,44,66,45,83,51,52,21,86,58,87,Medium Risk
AP2024_4382,Deepika Yadav,24A91A4253,deepika.yadav385@apedu.ac.in,1st Year,CSE (AI & ML),B,1,87.5,65,71,62,54,74,66,70,70,59,18,68,75,76,Medium Risk
AP2024_4383,Ganesh Kumar,24A91A0454,ganesh.kumar386@apedu.ac.in,1st Year,ECE,C,1,81.3,44,74,50,54,66,87,75,57,58,18,68,80,75,Medium Risk
AP2024_4384,Tejaswi Gupta,22A91A0555,tejaswi.gupta387@apedu.ac.in,3rd Year,CSE,D,5,51.9,85,73,69,57,65,58,57,59,64,10,50,79,52,High Risk
AP2024_4385,Sravani Raju,22A91A0156,sravani.raju388@apedu.ac.in,3rd Year,Civil Engineering,C,6,67.5,75,52,66,62,64,66,66,66,59,20,78,66,70,Medium Risk
AP2024_4386,Sneha Gupta,24A91A4457,sneha.gupta389@apedu.ac.in,1st Year,CSE (Data Science),B,2,70.0,62,53,45,58,52,67,69,60,52,19,72,57,70,Medium Risk
AP2024_4387,Suresh Patel,22A91A1258,suresh.patel390@apedu.ac.in,3rd Year,Information Technology,B,6,84.8,59,53,49,41,50,65,82,69,49,19,72,69,80,Medium Risk
AP2024_4388,Sireesha Murthy,23A91A4459,sireesha.murthy391@apedu.ac.in,2nd Year,CSE (Data Science),A,3,81.5,86,71,82,66,76,67,83,68,71,20,85,81,82,Low Risk
AP2024_4389,Ramesh Reddy,22A91A0460,ramesh.reddy392@apedu.ac.in,3rd Year,ECE,C,5,38.0,82,54,42,36,41,36,40,57,44,6,28,60,35,High Risk
AP2024_4390,Lavanya Reddy,22A91A0261,lavanya.reddy393@apedu.ac.in,3rd Year,EEE,D,6,71.6,63,79,51,41,68,68,71,69,51,18,75,67,72,Medium Risk
AP2024_4391,Manasa Gupta,22A91A0362,manasa.gupta394@apedu.ac.in,3rd Year,Mechanical Engineering,B,6,71.6,57,64,41,59,59,56,74,71,60,19,72,69,72,Medium Risk
AP2024_4392,Ramesh Murthy,22A91A4263,ramesh.murthy395@apedu.ac.in,3rd Year,CSE (AI & ML),B,5,65.6,74,72,54,36,71,77,73,66,60,17,66,78,67,Medium Risk
AP2024_4393,Chaitanya Verma,22A91A1264,chaitanya.verma396@apedu.ac.in,3rd Year,Information Technology,A,5,79.4,79,56,64,60,68,72,85,80,60,18,85,70,82,Low Risk
AP2024_4394,Divya Gupta,22A91A0465,divya.gupta397@apedu.ac.in,3rd Year,ECE,A,6,66.1,53,72,61,53,50,61,62,61,50,16,66,56,64,Medium Risk
AP2024_4395,Sneha Somayajulu,24A91A0466,sneha.somayajulu398@apedu.ac.in,1st Year,ECE,D,1,68.3,43,56,52,63,46,43,60,53,59,15,63,61,64,Medium Risk
AP2024_4396,Divya Kulkarni,23A91A4267,divya.kulkarni399@apedu.ac.in,2nd Year,CSE (AI & ML),D,3,56.8,67,64,52,54,60,71,55,66,55,17,61,64,57,High Risk
AP2024_4397,Nikhil Yadav,23A91A1268,nikhil.yadav400@apedu.ac.in,2nd Year,Information Technology,B,4,86.5,39,53,50,53,64,50,78,69,38,23,91,52,85,Medium Risk
AP2024_4398,Ganesh Raju,23A91A0369,ganesh.raju401@apedu.ac.in,2nd Year,Mechanical Engineering,C,4,52.6,84,64,64,77,76,59,51,73,52,13,56,70,53,High Risk
AP2024_4399,Yamini Patel,23A91A0270,yamini.patel402@apedu.ac.in,2nd Year,EEE,B,3,56.8,92,76,84,85,88,83,63,86,75,14,71,84,62,High Risk
AP2024_4400,Keerthi Varma,22A91A0171,keerthi.varma403@apedu.ac.in,3rd Year,Civil Engineering,A,5,63.2,76,60,57,61,64,78,71,80,71,17,69,72,67,Medium Risk
AP2024_4401,Sandhya Patel,21A91A4272,sandhya.patel404@apedu.ac.in,4th Year,CSE (AI & ML),D,8,81.0,85,70,57,65,60,74,82,84,60,22,81,77,81,Low Risk
AP2024_4402,Pooja Rao,22A91A0573,pooja.rao405@apedu.ac.in,3rd Year,CSE,C,5,88.9,63,60,62,52,56,71,83,80,52,20,86,74,86,Medium Risk
AP2024_4403,Pavan Chary,24A91A1274,pavan.chary406@apedu.ac.in,1st Year,Information Technology,D,2,80.0,51,46,50,52,54,50,66,44,52,15,81,50,76,Medium Risk
AP2024_4404,Pavan Raju,21A91A0375,pavan.raju407@apedu.ac.in,4th Year,Mechanical Engineering,B,7,63.4,54,57,47,36,52,77,71,65,54,17,56,65,63,Medium Risk
AP2024_4405,Keerthi Varma,22A91A0276,keerthi.varma408@apedu.ac.in,3rd Year,EEE,A,6,42.1,41,41,39,35,38,35,38,57,39,6,32,57,37,High Risk
AP2024_4406,Mahesh Chowdary,22A91A1277,mahesh.chowdary409@apedu.ac.in,3rd Year,Information Technology,B,6,69.6,58,54,78,75,64,61,70,64,48,19,54,68,65,Medium Risk
AP2024_4407,Kavya Gupta,23A91A0378,kavya.gupta410@apedu.ac.in,2nd Year,Mechanical Engineering,B,3,77.6,60,53,51,49,40,59,74,57,48,20,71,69,74,Medium Risk
AP2024_4408,Ravi Mishra,24A91A0479,ravi.mishra411@apedu.ac.in,1st Year,ECE,A,1,71.4,51,78,59,40,59,65,76,67,54,20,78,69,74,Medium Risk
AP2024_4409,Akhil Sharma,21A91A4280,akhil.sharma412@apedu.ac.in,4th Year,CSE (AI & ML),B,7,77.6,84,58,58,70,58,70,72,82,62,15,74,81,74,Low Risk
AP2024_4410,Nikhil Yadav,23A91A0581,nikhil.yadav413@apedu.ac.in,2nd Year,CSE,D,4,65.1,79,74,63,80,69,75,59,75,74,17,68,84,64,Medium Risk
AP2024_4411,Sandhya Joshi,23A91A0382,sandhya.joshi414@apedu.ac.in,2nd Year,Mechanical Engineering,B,3,71.8,65,79,82,61,77,69,66,71,72,18,62,80,67,Medium Risk
AP2024_4412,Sravani Joshi,21A91A0583,sravani.joshi415@apedu.ac.in,4th Year,CSE,C,7,62.0,62,60,88,74,58,50,63,63,66,12,67,75,63,Medium Risk
AP2024_4413,Yamini Murthy,23A91A4284,yamini.murthy416@apedu.ac.in,2nd Year,CSE (AI & ML),C,4,63.6,75,68,60,53,48,70,64,70,62,14,59,67,62,Medium Risk
AP2024_4414,Aditya Chowdary,21A91A0185,aditya.chowdary417@apedu.ac.in,4th Year,Civil Engineering,C,8,99.5,58,66,57,46,63,72,99,74,44,27,98,69,98,Medium Risk
AP2024_4415,Manoj Patel,23A91A0586,manoj.patel418@apedu.ac.in,2nd Year,CSE,A,4,82.4,79,65,73,82,67,89,88,80,70,21,85,89,84,Low Risk
AP2024_4416,Sandhya Bhatt,24A91A0187,sandhya.bhatt419@apedu.ac.in,1st Year,Civil Engineering,D,2,74.0,58,57,55,60,69,73,69,67,65,19,66,76,70,Medium Risk
AP2024_4417,Bhavya Gupta,22A91A1288,bhavya.gupta420@apedu.ac.in,3rd Year,Information Technology,A,6,92.3,54,51,48,47,59,70,86,60,54,23,94,50,90,Medium Risk
AP2024_4418,Sravani Babu,21A91A0189,sravani.babu421@apedu.ac.in,4th Year,Civil Engineering,A,7,71.3,61,65,67,59,48,81,73,65,57,18,71,64,71,Medium Risk
AP2024_4419,Pavan Verma,23A91A4490,pavan.verma422@apedu.ac.in,2nd Year,CSE (Data Science),C,4,77.3,83,69,84,73,64,56,86,76,68,23,80,62,80,Low Risk
AP2024_4420,Manasa Yadav,21A91A0301,manasa.yadav423@apedu.ac.in,4th Year,Mechanical Engineering,A,8,76.0,45,44,69,53,42,39,74,55,45,15,68,55,73,Medium Risk
AP2024_4421,Gayatri Bhatt,24A91A4202,gayatri.bhatt424@apedu.ac.in,1st Year,CSE (AI & ML),A,1,63.0,83,81,76,74,75,74,49,74,74,11,46,84,53,Medium Risk
AP2024_4422,Chaitanya Chary,22A91A0403,chaitanya.chary425@apedu.ac.in,3rd Year,ECE,A,6,48.3,78,78,77,60,84,79,61,79,59,12,54,81,53,High Risk
AP2024_4423,Chaitanya Verma,22A91A4204,chaitanya.verma426@apedu.ac.in,3rd Year,CSE (AI & ML),A,5,83.6,71,67,80,70,51,66,77,74,60,20,86,73,82,Low Risk
AP2024_4424,Chaitanya Chary,21A91A0205,chaitanya.chary427@apedu.ac.in,4th Year,EEE,B,8,76.7,79,61,62,61,73,81,67,73,62,18,62,85,69,Medium Risk
AP2024_4425,Tejaswi Prasad,22A91A1206,tejaswi.prasad428@apedu.ac.in,3rd Year,Information Technology,C,6,82.3,68,68,71,65,63,72,76,69,61,21,83,75,80,Low Risk
AP2024_4426,Lavanya Goud,22A91A0307,lavanya.goud429@apedu.ac.in,3rd Year,Mechanical Engineering,C,6,95.8,81,79,77,70,76,62,85,80,76,19,88,74,90,Low Risk
AP2024_4427,Akhil Varma,24A91A4408,akhil.varma430@apedu.ac.in,1st Year,CSE (Data Science),B,1,68.9,55,49,46,66,40,45,66,61,53,18,69,58,68,Medium Risk
AP2024_4428,Pooja Babu,21A91A4409,pooja.babu431@apedu.ac.in,4th Year,CSE (Data Science),C,7,54.0,47,40,50,48,79,52,46,57,42,12,46,54,49,High Risk
AP2024_4429,Akhil Joshi,23A91A4210,akhil.joshi432@apedu.ac.in,2nd Year,CSE (AI & ML),D,4,73.6,81,53,64,45,77,64,77,71,61,19,82,80,77,Low Risk
AP2024_4430,Sai Patel,22A91A0311,sai.patel433@apedu.ac.in,3rd Year,Mechanical Engineering,A,6,58.7,75,63,61,65,84,80,57,64,74,17,63,76,59,Medium Risk
AP2024_4431,Varun Sharma,21A91A4412,varun.sharma434@apedu.ac.in,4th Year,CSE (Data Science),D,8,64.1,72,67,60,69,65,65,57,55,72,16,63,64,61,Medium Risk
AP2024_4432,Akhil Chowdary,24A91A0413,akhil.chowdary435@apedu.ac.in,1st Year,ECE,A,1,89.4,99,74,87,66,84,82,87,81,82,18,76,87,84,Low Risk
AP2024_4433,Manoj Mishra,22A91A4214,manoj.mishra436@apedu.ac.in,3rd Year,CSE (AI & ML),A,6,75.7,51,79,44,55,63,48,68,70,51,15,71,77,71,Medium Risk
AP2024_4434,Naresh Verma,21A91A0215,naresh.verma437@apedu.ac.in,4th Year,EEE,C,7,59.2,66,49,56,57,58,55,51,58,54,14,54,51,55,Medium Risk
AP2024_4435,Naresh Reddy,24A91A4216,naresh.reddy438@apedu.ac.in,1st Year,CSE (AI & ML),D,1,64.1,68,50,66,70,56,58,67,65,73,19,67,67,65,Medium Risk
AP2024_4436,Mahesh Bhatt,24A91A0317,mahesh.bhatt439@apedu.ac.in,1st Year,Mechanical Engineering,B,2,49.4,82,78,85,84,71,78,40,55,77,11,47,78,45,High Risk
AP2024_4437,Yamini Murthy,21A91A0418,yamini.murthy440@apedu.ac.in,4th Year,ECE,C,7,74.2,77,75,73,65,80,76,72,73,60,20,72,69,72,Low Risk
AP2024_4438,Rahul Yadav,22A91A1219,rahul.yadav441@apedu.ac.in,3rd Year,Information Technology,A,5,60.5,46,55,65,62,51,57,48,71,54,12,53,69,54,Medium Risk
AP2024_4439,Sireesha Sharma,23A91A0520,sireesha.sharma442@apedu.ac.in,2nd Year,CSE,A,4,65.2,45,57,46,29,50,55,65,59,55,15,73,52,67,Medium Risk
AP2024_4440,Suresh Bhatt,23A91A0521,suresh.bhatt443@apedu.ac.in,2nd Year,CSE,B,3,76.0,75,73,55,44,75,58,77,64,53,15,84,75,78,Low Risk
AP2024_4441,Chaitanya Varma,21A91A4422,chaitanya.varma444@apedu.ac.in,4th Year,CSE (Data Science),C,8,51.6,62,37,62,55,46,40,44,59,46,14,60,50,51,High Risk
AP2024_4442,Keerthi Chowdary,23A91A0523,keerthi.chowdary445@apedu.ac.in,2nd Year,CSE,A,4,55.0,47,61,63,52,54,69,64,65,48,13,63,68,60,High Risk
AP2024_4443,Akhil Patel,24A91A0524,akhil.patel446@apedu.ac.in,1st Year,CSE,C,1,73.4,71,64,64,55,60,66,83,72,62,12,71,69,75,Low Risk
AP2024_4444,Sireesha Rao,23A91A0425,sireesha.rao447@apedu.ac.in,2nd Year,ECE,D,4,83.7,77,67,86,59,65,77,79,78,57,20,82,83,81,Low Risk
AP2024_4445,Manoj Prasad,24A91A1226,manoj.prasad448@apedu.ac.in,1st Year,Information Technology,B,2,49.3,61,72,71,80,62,50,57,71,63,11,53,74,52,High Risk
AP2024_4446,Manasa Prasad,23A91A4227,manasa.prasad449@apedu.ac.in,2nd Year,CSE (AI & ML),B,4,60.4,38,29,59,43,50,45,62,50,44,14,54,45,58,High Risk
AP2024_4447,Keerthi Mishra,21A91A0428,keerthi.mishra450@apedu.ac.in,4th Year,ECE,C,7,50.5,69,39,59,53,50,35,49,60,48,9,39,56,46,High Risk
AP2024_4448,Nikhil Chary,24A91A0329,nikhil.chary451@apedu.ac.in,1st Year,Mechanical Engineering,C,1,66.7,65,66,75,43,61,55,70,60,60,15,77,75,70,Medium Risk
AP2024_4449,Ganesh Naidu,22A91A1230,ganesh.naidu452@apedu.ac.in,3rd Year,Information Technology,B,6,65.7,73,60,55,51,62,57,56,57,42,13,64,70,62,Medium Risk
AP2024_4450,Rahul Yadav,22A91A0131,rahul.yadav453@apedu.ac.in,3rd Year,Civil Engineering,B,6,62.1,58,48,76,75,46,72,48,65,52,15,56,64,56,Medium Risk
AP2024_4451,Swathi Sastry,23A91A0332,swathi.sastry454@apedu.ac.in,2nd Year,Mechanical Engineering,A,4,48.8,64,66,60,61,61,63,52,54,71,11,40,68,47,High Risk
AP2024_4452,Harika Prasad,22A91A0133,harika.prasad455@apedu.ac.in,3rd Year,Civil Engineering,A,5,57.9,96,82,86,80,89,73,61,75,76,15,58,90,58,High Risk
AP2024_4453,Divya Mishra,23A91A1234,divya.mishra456@apedu.ac.in,2nd Year,Information Technology,B,4,68.0,75,73,85,75,80,76,77,82,66,17,63,81,69,Medium Risk
AP2024_4454,Mahesh Reddy,23A91A0135,mahesh.reddy457@apedu.ac.in,2nd Year,Civil Engineering,D,4,83.2,45,56,49,42,63,55,89,65,51,18,71,61,81,Medium Risk
AP2024_4455,Sai Patel,23A91A4436,sai.patel458@apedu.ac.in,2nd Year,CSE (Data Science),A,4,50.4,40,47,46,32,47,47,50,44,46,15,50,49,50,High Risk
AP2024_4456,Manasa Raju,22A91A0137,manasa.raju459@apedu.ac.in,3rd Year,Civil Engineering,A,5,81.8,65,71,64,58,54,64,75,58,62,19,74,72,77,Low Risk
AP2024_4457,Karthik Chowdary,21A91A0438,karthik.chowdary460@apedu.ac.in,4th Year,ECE,C,8,76.5,65,50,55,45,58,60,74,62,39,18,74,59,74,Medium Risk
AP2024_4458,Chaitanya Yadav,22A91A0239,chaitanya.yadav461@apedu.ac.in,3rd Year,EEE,A,6,50.6,53,31,54,59,52,41,38,40,48,4,33,50,41,High Risk
AP2024_4459,Srikanth Chowdary,24A91A0540,srikanth.chowdary462@apedu.ac.in,1st Year,CSE,B,1,97.2,64,45,77,64,72,71,68,69,68,16,84,80,84,Low Risk
AP2024_4460,Ravi Sharma,24A91A4441,ravi.sharma463@apedu.ac.in,1st Year,CSE (Data Science),D,2,48.7,84,79,98,68,80,70,36,69,64,12,42,81,42,High Risk
AP2024_4461,Deepika Sharma,21A91A4242,deepika.sharma464@apedu.ac.in,4th Year,CSE (AI & ML),C,7,66.2,48,50,62,55,49,52,72,66,29,20,70,64,69,Medium Risk
AP2024_4462,Kavya Kulkarni,22A91A4243,kavya.kulkarni465@apedu.ac.in,3rd Year,CSE (AI & ML),B,6,62.2,59,47,61,68,56,62,41,53,55,9,56,55,53,Medium Risk
AP2024_4463,Swathi Patel,23A91A0144,swathi.patel466@apedu.ac.in,2nd Year,Civil Engineering,A,3,65.9,66,35,61,51,56,54,44,58,55,15,52,58,55,Medium Risk
AP2024_4464,Deepika Sastry,21A91A0545,deepika.sastry467@apedu.ac.in,4th Year,CSE,B,8,58.4,76,69,90,83,56,57,46,67,65,13,40,68,49,Medium Risk
AP2024_4465,Aditya Mishra,22A91A0246,aditya.mishra468@apedu.ac.in,3rd Year,EEE,C,6,59.0,88,84,78,79,73,80,70,70,79,17,66,82,64,Medium Risk
AP2024_4466,Keerthi Chowdary,23A91A1247,keerthi.chowdary469@apedu.ac.in,2nd Year,Information Technology,B,4,93.6,66,57,93,73,67,61,91,63,61,22,86,69,90,Low Risk
AP2024_4467,Ravi Chowdary,21A91A0448,ravi.chowdary470@apedu.ac.in,4th Year,ECE,A,8,49.5,84,55,78,65,78,64,44,79,62,11,56,72,49,High Risk
AP2024_4468,Ganesh Joshi,24A91A0149,ganesh.joshi471@apedu.ac.in,1st Year,Civil Engineering,C,1,86.9,56,49,51,51,55,69,88,64,52,22,76,61,83,Medium Risk
AP2024_4469,Karthik Sharma,22A91A4250,karthik.sharma472@apedu.ac.in,3rd Year,CSE (AI & ML),D,5,66.8,59,52,56,71,68,55,67,61,49,20,77,49,69,Medium Risk
AP2024_4470,Manoj Joshi,21A91A0351,manoj.joshi473@apedu.ac.in,4th Year,Mechanical Engineering,B,8,70.6,42,52,53,49,55,51,55,62,42,11,50,65,59,Medium Risk
AP2024_4471,Pranavi Sharma,21A91A1252,pranavi.sharma474@apedu.ac.in,4th Year,Information Technology,D,8,99.5,77,59,72,43,63,71,96,74,53,20,98,66,98,Low Risk
AP2024_4472,Sai Raju,24A91A0553,sai.raju475@apedu.ac.in,1st Year,CSE,A,1,59.2,61,51,74,74,71,60,55,61,58,15,53,72,56,Medium Risk
AP2024_4473,Gayatri Chowdary,22A91A0154,gayatri.chowdary476@apedu.ac.in,3rd Year,Civil Engineering,A,5,45.1,66,59,86,74,67,58,44,59,68,13,58,70,48,High Risk
AP2024_4474,Aditya Joshi,23A91A4455,aditya.joshi477@apedu.ac.in,2nd Year,CSE (Data Science),C,4,63.8,53,64,54,51,51,53,61,63,59,15,74,63,66,Medium Risk
AP2024_4475,Kavya Goud,24A91A4256,kavya.goud478@apedu.ac.in,1st Year,CSE (AI & ML),B,2,90.5,82,94,63,73,79,66,97,63,70,25,98,77,94,Low Risk
AP2024_4476,Pranavi Naidu,24A91A1257,pranavi.naidu479@apedu.ac.in,1st Year,Information Technology,D,2,65.4,64,77,94,92,78,71,70,76,75,19,70,85,68,Medium Risk
AP2024_4477,Divya Reddy,22A91A4258,divya.reddy480@apedu.ac.in,3rd Year,CSE (AI & ML),A,6,62.8,63,52,72,81,73,60,62,74,64,17,71,74,65,Medium Risk
AP2024_4478,Ananya Somayajulu,21A91A4259,ananya.somayajulu481@apedu.ac.in,4th Year,CSE (AI & ML),B,8,71.4,71,86,64,50,70,68,71,54,52,16,65,70,69,Medium Risk
AP2024_4479,Sneha Raju,22A91A4260,sneha.raju482@apedu.ac.in,3rd Year,CSE (AI & ML),A,5,67.7,63,71,66,56,59,52,59,63,59,14,67,68,64,Medium Risk
AP2024_4480,Gayatri Sastry,22A91A4461,gayatri.sastry483@apedu.ac.in,3rd Year,CSE (Data Science),B,5,87.7,61,69,77,68,74,76,90,74,73,22,89,69,88,Low Risk
AP2024_4481,Varun Joshi,21A91A1262,varun.joshi484@apedu.ac.in,4th Year,Information Technology,B,7,50.7,51,53,64,54,46,56,54,53,56,18,60,56,54,High Risk
AP2024_4482,Manasa Raju,21A91A4463,manasa.raju485@apedu.ac.in,4th Year,CSE (Data Science),B,7,57.8,56,32,41,47,62,48,58,59,49,11,41,55,52,High Risk
AP2024_4483,Srikanth Naidu,21A91A4464,srikanth.naidu486@apedu.ac.in,4th Year,CSE (Data Science),B,8,69.4,67,54,63,56,64,65,78,63,58,18,73,64,73,Medium Risk
AP2024_4484,Tejaswi Reddy,22A91A4465,tejaswi.reddy487@apedu.ac.in,3rd Year,CSE (Data Science),D,5,60.9,49,37,23,37,40,44,55,43,35,11,48,34,55,High Risk
AP2024_4485,Harika Chowdary,24A91A0466,harika.chowdary488@apedu.ac.in,1st Year,ECE,C,1,58.6,82,72,64,59,60,51,40,48,61,13,51,62,50,Medium Risk
AP2024_4486,Manasa Mishra,21A91A0167,manasa.mishra489@apedu.ac.in,4th Year,Civil Engineering,B,7,85.1,79,53,70,62,62,69,77,69,66,17,77,61,80,Low Risk
AP2024_4487,Ananya Sastry,24A91A0168,ananya.sastry490@apedu.ac.in,1st Year,Civil Engineering,D,1,75.3,62,57,69,59,56,63,64,71,61,19,56,75,66,Medium Risk
AP2024_4488,Sneha Rao,23A91A0569,sneha.rao491@apedu.ac.in,2nd Year,CSE,C,3,80.5,74,71,76,74,79,82,78,78,70,19,86,87,81,Low Risk
AP2024_4489,Nikhil Prasad,21A91A4270,nikhil.prasad492@apedu.ac.in,4th Year,CSE (AI & ML),C,7,60.1,41,43,62,51,57,57,64,70,59,13,62,65,61,Medium Risk
AP2024_4490,Bhavya Murthy,24A91A0371,bhavya.murthy493@apedu.ac.in,1st Year,Mechanical Engineering,D,1,74.3,92,71,80,71,84,57,63,78,74,11,65,85,68,Low Risk
AP2024_4491,Sravani Chary,22A91A0572,sravani.chary494@apedu.ac.in,3rd Year,CSE,A,5,68.3,62,60,53,50,44,58,78,69,46,15,69,68,71,Medium Risk
AP2024_4492,Ravi Verma,23A91A0573,ravi.verma495@apedu.ac.in,2nd Year,CSE,A,4,83.4,77,57,72,73,65,74,70,64,72,18,71,80,75,Low Risk
AP2024_4493,Mahesh Sharma,21A91A0474,mahesh.sharma496@apedu.ac.in,4th Year,ECE,A,7,81.1,60,38,70,46,46,69,73,59,49,20,63,60,73,Medium Risk
AP2024_4494,Lavanya Goud,23A91A4275,lavanya.goud497@apedu.ac.in,2nd Year,CSE (AI & ML),B,3,53.3,91,77,97,85,61,82,54,81,69,15,63,88,56,High Risk
AP2024_4495,Chaitanya Prasad,24A91A4276,chaitanya.prasad498@apedu.ac.in,1st Year,CSE (AI & ML),D,2,62.7,75,61,40,40,48,59,60,67,43,13,53,58,58,Medium Risk
AP2024_4496,Ravi Varma,23A91A0577,ravi.varma499@apedu.ac.in,2nd Year,CSE,C,3,85.6,61,62,76,63,64,54,76,67,59,20,72,66,78,Low Risk
AP2024_4497,Sireesha Somayajulu,22A91A4278,sireesha.somayajulu500@apedu.ac.in,3rd Year,CSE (AI & ML),D,6,71.9,67,69,62,65,50,86,83,73,49,23,82,69,78,Medium Risk
AP2024_4498,Suresh Bhatt,23A91A1279,suresh.bhatt501@apedu.ac.in,2nd Year,Information Technology,A,3,72.4,77,66,64,61,71,71,71,75,56,22,71,64,71,Low Risk
AP2024_4499,Mahesh Raju,22A91A0180,mahesh.raju502@apedu.ac.in,3rd Year,Civil Engineering,A,5,59.0,74,51,58,59,55,80,57,70,47,11,54,70,56,Medium Risk
AP2024_4500,Rohit Verma,22A91A4481,rohit.verma503@apedu.ac.in,3rd Year,CSE (Data Science),B,6,69.9,73,67,61,72,58,60,66,70,62,15,61,60,66,Medium Risk
AP2024_4501,Srikanth Varma,24A91A0582,srikanth.varma504@apedu.ac.in,1st Year,CSE,B,2,85.5,79,81,58,60,62,72,87,76,58,20,81,69,84,Medium Risk
AP2024_4502,Charan Goud,23A91A4283,charan.goud505@apedu.ac.in,2nd Year,CSE (AI & ML),B,4,70.7,63,44,46,38,43,50,75,46,40,20,64,60,69,Medium Risk
AP2024_4503,Venkata Bhatt,22A91A1284,venkata.bhatt506@apedu.ac.in,3rd Year,Information Technology,D,6,48.5,63,51,46,44,46,54,41,56,50,15,46,54,45,High Risk
AP2024_4504,Aditya Prasad,24A91A4485,aditya.prasad507@apedu.ac.in,1st Year,CSE (Data Science),D,1,63.8,61,65,66,49,61,71,64,55,59,18,58,65,62,Medium Risk
AP2024_4505,Keerthi Patel,24A91A4486,keerthi.patel508@apedu.ac.in,1st Year,CSE (Data Science),D,1,79.0,51,56,72,93,61,68,75,67,64,17,70,80,75,Low Risk
AP2024_4506,Deepika Naidu,21A91A0587,deepika.naidu509@apedu.ac.in,4th Year,CSE,B,8,63.4,46,30,32,26,25,44,58,39,22,12,67,38,62,High Risk
AP2024_4507,Varun Kumar,22A91A4288,varun.kumar510@apedu.ac.in,3rd Year,CSE (AI & ML),D,6,84.9,78,76,81,78,79,75,68,70,61,14,71,81,75,Low Risk
AP2024_4508,Karthik Varma,24A91A4289,karthik.varma511@apedu.ac.in,1st Year,CSE (AI & ML),C,1,54.5,41,66,51,53,48,53,71,64,47,15,56,58,59,High Risk
AP2024_4509,Chaitanya Bhatt,24A91A0190,chaitanya.bhatt512@apedu.ac.in,1st Year,Civil Engineering,D,1,86.7,68,81,63,54,55,62,83,64,64,18,84,66,84,Low Risk
AP2024_4510,Tejaswi Chary,21A91A1201,tejaswi.chary513@apedu.ac.in,4th Year,Information Technology,D,8,47.0,76,85,93,63,74,80,65,69,77,17,46,81,52,High Risk
AP2024_4511,Sandhya Kulkarni,21A91A0402,sandhya.kulkarni514@apedu.ac.in,4th Year,ECE,D,7,71.1,50,67,48,47,48,59,70,50,52,18,69,50,70,Medium Risk
AP2024_4512,Manasa Rao,24A91A0203,manasa.rao515@apedu.ac.in,1st Year,EEE,D,2,66.5,54,72,43,38,50,62,73,52,52,16,54,63,64,Medium Risk
AP2024_4513,Kavya Reddy,23A91A4204,kavya.reddy516@apedu.ac.in,2nd Year,CSE (AI & ML),A,4,63.0,73,69,56,65,64,47,65,61,57,15,59,69,62,Medium Risk
AP2024_4514,Naresh Rao,21A91A4405,naresh.rao517@apedu.ac.in,4th Year,CSE (Data Science),A,8,85.6,43,35,54,32,54,54,67,55,34,15,70,57,75,Medium Risk
AP2024_4515,Ganesh Gupta,24A91A0106,ganesh.gupta518@apedu.ac.in,1st Year,Civil Engineering,B,1,61.3,66,50,52,38,52,59,67,53,38,13,68,54,65,Medium Risk
AP2024_4516,Tarun Chary,23A91A0307,tarun.chary519@apedu.ac.in,2nd Year,Mechanical Engineering,B,3,82.4,44,56,80,70,65,70,78,65,52,23,70,74,77,Medium Risk
AP2024_4517,Varun Joshi,22A91A0208,varun.joshi520@apedu.ac.in,3rd Year,EEE,D,6,68.3,64,65,59,60,59,43,65,70,53,12,73,68,68,Medium Risk
AP2024_4518,Karthik Mishra,23A91A0409,karthik.mishra521@apedu.ac.in,2nd Year,ECE,D,3,76.8,77,74,75,73,48,65,69,71,60,18,82,74,76,Low Risk
AP2024_4519,Sireesha Raju,21A91A4410,sireesha.raju522@apedu.ac.in,4th Year,CSE (Data Science),A,7,79.4,88,70,91,72,75,78,83,90,73,23,83,84,81,Low Risk
AP2024_4520,Sneha Naidu,23A91A1211,sneha.naidu523@apedu.ac.in,2nd Year,Information Technology,B,3,93.7,47,40,20,25,49,66,93,72,29,25,97,56,94,High Risk
AP2024_4521,Sai Kumar,22A91A0412,sai.kumar524@apedu.ac.in,3rd Year,ECE,B,5,50.3,85,71,80,71,57,58,54,64,62,12,53,69,52,High Risk
AP2024_4522,Sai Rao,24A91A0113,sai.rao525@apedu.ac.in,1st Year,Civil Engineering,B,1,91.5,46,55,82,75,65,55,81,69,50,22,86,64,86,Low Risk
AP2024_4523,Tejaswi Somayajulu,21A91A0414,tejaswi.somayajulu526@apedu.ac.in,4th Year,ECE,A,8,86.4,74,69,69,60,60,71,85,79,58,18,81,73,84,Low Risk
AP2024_4524,Gayatri Reddy,24A91A4215,gayatri.reddy527@apedu.ac.in,1st Year,CSE (AI & ML),C,1,59.9,97,90,84,81,83,66,60,88,87,13,66,90,61,Medium Risk
AP2024_4525,Suresh Prasad,24A91A4216,suresh.prasad528@apedu.ac.in,1st Year,CSE (AI & ML),D,1,75.2,95,79,93,88,92,89,79,84,71,22,76,92,76,Low Risk
AP2024_4526,Naresh Yadav,23A91A4417,naresh.yadav529@apedu.ac.in,2nd Year,CSE (Data Science),D,3,69.6,52,41,60,60,36,46,71,48,46,15,71,52,70,Medium Risk
AP2024_4527,Bhavya Babu,21A91A0118,bhavya.babu530@apedu.ac.in,4th Year,Civil Engineering,A,7,62.5,32,57,61,44,42,65,60,62,40,16,58,60,60,Medium Risk
AP2024_4528,Chaitanya Patel,22A91A0119,chaitanya.patel531@apedu.ac.in,3rd Year,Civil Engineering,D,5,60.5,79,64,72,78,51,83,79,68,68,18,65,75,67,Medium Risk
AP2024_4529,Kavya Prasad,23A91A0520,kavya.prasad532@apedu.ac.in,2nd Year,CSE,A,3,47.3,71,53,53,63,54,52,56,62,55,12,49,67,50,High Risk
AP2024_4530,Ramesh Bhatt,22A91A0421,ramesh.bhatt533@apedu.ac.in,3rd Year,ECE,D,5,72.1,65,71,69,56,56,57,87,85,55,22,80,69,78,Medium Risk
AP2024_4531,Suresh Chowdary,23A91A4222,suresh.chowdary534@apedu.ac.in,2nd Year,CSE (AI & ML),A,4,95.4,58,55,52,51,60,72,88,62,59,23,92,66,92,Medium Risk
AP2024_4532,Akhil Naidu,22A91A0323,akhil.naidu535@apedu.ac.in,3rd Year,Mechanical Engineering,C,5,54.6,57,54,44,43,58,45,62,51,32,11,47,58,54,High Risk
AP2024_4533,Charan Mishra,23A91A4424,charan.mishra536@apedu.ac.in,2nd Year,CSE (Data Science),A,4,73.8,95,80,75,63,75,64,73,78,74,18,68,85,71,Low Risk
AP2024_4534,Bhavya Yadav,22A91A4225,bhavya.yadav537@apedu.ac.in,3rd Year,CSE (AI & ML),C,5,71.1,82,86,82,76,87,61,76,85,74,17,69,86,71,Medium Risk
AP2024_4535,Manoj Patel,23A91A0126,manoj.patel538@apedu.ac.in,2nd Year,Civil Engineering,D,4,72.5,42,64,65,69,50,54,60,64,45,13,70,51,68,Medium Risk
AP2024_4536,Venkata Babu,22A91A0227,venkata.babu539@apedu.ac.in,3rd Year,EEE,C,6,60.6,53,49,62,48,42,56,52,56,45,16,59,50,57,Medium Risk
AP2024_4537,Swathi Somayajulu,22A91A0128,swathi.somayajulu540@apedu.ac.in,3rd Year,Civil Engineering,D,6,59.4,85,64,82,76,59,67,49,69,66,13,63,76,57,Medium Risk
AP2024_4538,Rohit Somayajulu,24A91A0529,rohit.somayajulu541@apedu.ac.in,1st Year,CSE,B,1,67.7,81,71,62,49,75,58,59,69,66,15,66,74,64,Medium Risk
AP2024_4539,Varun Yadav,24A91A4230,varun.yadav542@apedu.ac.in,1st Year,CSE (AI & ML),B,1,61.4,61,38,84,72,44,67,65,50,62,20,66,62,63,Medium Risk
AP2024_4540,Divya Yadav,23A91A0231,divya.yadav543@apedu.ac.in,2nd Year,EEE,A,4,49.8,50,36,52,53,47,73,57,55,37,16,55,49,53,High Risk
AP2024_4541,Rohit Prasad,23A91A0332,rohit.prasad544@apedu.ac.in,2nd Year,Mechanical Engineering,A,3,65.5,78,63,75,72,83,63,67,71,64,18,63,80,65,Medium Risk
AP2024_4542,Ravi Raju,22A91A1233,ravi.raju545@apedu.ac.in,3rd Year,Information Technology,B,5,99.5,62,71,89,71,65,68,100,84,56,22,90,72,96,Low Risk
AP2024_4543,Keerthi Yadav,23A91A0234,keerthi.yadav546@apedu.ac.in,2nd Year,EEE,B,4,79.0,45,61,56,42,55,52,77,62,47,18,57,50,71,Medium Risk
AP2024_4544,Pranavi Kumar,21A91A0535,pranavi.kumar547@apedu.ac.in,4th Year,CSE,C,7,78.7,52,33,55,55,42,44,79,44,36,19,68,44,75,Medium Risk
AP2024_4545,Rahul Goud,24A91A0336,rahul.goud548@apedu.ac.in,1st Year,Mechanical Engineering,A,1,71.0,46,52,59,48,58,58,73,61,52,16,76,49,73,Medium Risk
AP2024_4546,Yamini Chowdary,21A91A4437,yamini.chowdary549@apedu.ac.in,4th Year,CSE (Data Science),C,7,59.7,55,54,55,50,64,62,68,71,55,17,67,70,64,Medium Risk
AP2024_4547,Keerthi Bhatt,24A91A0138,keerthi.bhatt550@apedu.ac.in,1st Year,Civil Engineering,A,2,64.7,73,59,72,62,61,59,70,56,72,16,69,80,67,Medium Risk
AP2024_4548,Karthik Rao,21A91A0439,karthik.rao551@apedu.ac.in,4th Year,ECE,A,7,75.2,55,74,56,52,65,67,72,70,48,21,85,81,77,Medium Risk
AP2024_4549,Kavya Murthy,21A91A0540,kavya.murthy552@apedu.ac.in,4th Year,CSE,A,7,98.0,67,61,49,57,77,54,77,72,62,17,69,75,82,Medium Risk
AP2024_4550,Divya Joshi,23A91A1241,divya.joshi553@apedu.ac.in,2nd Year,Information Technology,A,3,77.1,67,53,73,76,59,60,58,65,55,17,69,75,68,Low Risk
AP2024_4551,Venkata Naidu,23A91A4442,venkata.naidu554@apedu.ac.in,2nd Year,CSE (Data Science),D,3,51.1,59,55,67,56,62,54,55,64,51,15,56,67,53,High Risk
AP2024_4552,Pooja Kumar,24A91A0543,pooja.kumar555@apedu.ac.in,1st Year,CSE,C,1,77.0,86,83,74,58,70,66,74,83,65,13,76,75,75,Low Risk
AP2024_4553,Chaitanya Somayajulu,22A91A1244,chaitanya.somayajulu556@apedu.ac.in,3rd Year,Information Technology,D,5,68.9,60,72,57,51,66,57,71,71,50,15,77,66,71,Medium Risk
AP2024_4554,Ganesh Patel,23A91A0245,ganesh.patel557@apedu.ac.in,2nd Year,EEE,D,4,90.7,74,71,77,80,67,73,92,68,72,26,96,75,92,Low Risk
AP2024_4555,Karthik Gupta,23A91A1246,karthik.gupta558@apedu.ac.in,2nd Year,Information Technology,D,3,74.3,45,45,45,30,57,53,67,44,49,15,56,57,66,Medium Risk
AP2024_4556,Pranavi Yadav,22A91A0547,pranavi.yadav559@apedu.ac.in,3rd Year,CSE,A,6,89.9,64,77,84,66,93,72,66,82,74,14,73,80,77,Low Risk
AP2024_4557,Gayatri Naidu,22A91A0548,gayatri.naidu560@apedu.ac.in,3rd Year,CSE,C,5,69.1,50,33,53,45,36,48,57,61,37,17,62,64,63,High Risk
AP2024_4558,Ravi Yadav,23A91A1249,ravi.yadav561@apedu.ac.in,2nd Year,Information Technology,B,4,75.4,56,51,82,73,52,51,67,77,51,21,58,64,67,Medium Risk
AP2024_4559,Kavya Verma,22A91A4250,kavya.verma562@apedu.ac.in,3rd Year,CSE (AI & ML),D,6,84.4,66,64,88,92,76,84,94,72,60,14,76,81,84,Low Risk
AP2024_4560,Deepika Joshi,23A91A0351,deepika.joshi563@apedu.ac.in,2nd Year,Mechanical Engineering,A,3,79.9,61,42,48,58,39,60,69,65,43,19,66,67,72,Medium Risk
AP2024_4561,Divya Babu,23A91A1252,divya.babu564@apedu.ac.in,2nd Year,Information Technology,A,4,66.1,78,83,72,59,67,78,68,65,60,19,71,84,68,Medium Risk
AP2024_4562,Sandhya Prasad,21A91A0353,sandhya.prasad565@apedu.ac.in,4th Year,Mechanical Engineering,D,8,77.1,64,61,59,64,53,64,75,65,48,18,52,62,68,Medium Risk
AP2024_4563,Rohit Varma,22A91A1254,rohit.varma566@apedu.ac.in,3rd Year,Information Technology,D,5,43.8,40,69,68,52,44,57,50,50,48,8,48,53,46,High Risk
AP2024_4564,Chaitanya Babu,22A91A1255,chaitanya.babu567@apedu.ac.in,3rd Year,Information Technology,D,6,67.7,96,76,72,70,68,73,70,88,69,18,66,63,67,Medium Risk
AP2024_4565,Rahul Kulkarni,23A91A0456,rahul.kulkarni568@apedu.ac.in,2nd Year,ECE,C,3,68.2,42,61,52,34,61,79,70,55,49,16,61,68,66,Medium Risk
AP2024_4566,Sai Rao,21A91A0257,sai.rao569@apedu.ac.in,4th Year,EEE,D,7,83.7,62,60,77,91,60,74,71,67,60,20,78,65,78,Low Risk
AP2024_4567,Pavan Varma,23A91A0358,pavan.varma570@apedu.ac.in,2nd Year,Mechanical Engineering,C,3,76.6,62,71,79,78,62,75,60,70,65,14,71,74,69,Low Risk
AP2024_4568,Manoj Gupta,24A91A0159,manoj.gupta571@apedu.ac.in,1st Year,Civil Engineering,D,2,58.7,60,49,52,57,47,50,49,60,49,13,60,61,56,Medium Risk
AP2024_4569,Yamini Varma,24A91A4260,yamini.varma572@apedu.ac.in,1st Year,CSE (AI & ML),C,1,83.9,51,50,70,71,61,67,80,68,57,17,85,70,83,Medium Risk
AP2024_4570,Ganesh Raju,22A91A0361,ganesh.raju573@apedu.ac.in,3rd Year,Mechanical Engineering,C,5,68.8,78,75,81,63,74,95,70,67,57,16,67,79,68,Medium Risk
AP2024_4571,Naresh Goud,24A91A0262,naresh.goud574@apedu.ac.in,1st Year,EEE,C,2,86.7,76,77,76,65,78,75,97,84,68,23,89,70,90,Low Risk
AP2024_4572,Rahul Chowdary,24A91A0463,rahul.chowdary575@apedu.ac.in,1st Year,ECE,A,2,50.7,61,65,65,59,62,51,59,61,46,14,33,77,47,High Risk
AP2024_4573,Akhil Varma,21A91A0564,akhil.varma576@apedu.ac.in,4th Year,CSE,D,7,75.0,50,41,43,72,47,47,82,63,48,19,71,57,75,Medium Risk
AP2024_4574,Pranavi Gupta,23A91A0265,pranavi.gupta577@apedu.ac.in,2nd Year,EEE,B,4,82.0,63,81,53,50,63,82,84,73,58,23,81,65,82,Medium Risk
AP2024_4575,Pooja Mishra,22A91A0566,pooja.mishra578@apedu.ac.in,3rd Year,CSE,D,6,54.6,31,52,71,54,49,53,54,54,51,14,55,57,54,High Risk
AP2024_4576,Tarun Raju,24A91A4267,tarun.raju579@apedu.ac.in,1st Year,CSE (AI & ML),A,2,65.6,63,72,65,56,61,62,65,77,56,15,60,73,63,Medium Risk
AP2024_4577,Karthik Goud,24A91A0368,karthik.goud580@apedu.ac.in,1st Year,Mechanical Engineering,C,1,63.9,58,60,61,69,63,60,57,60,51,10,51,54,57,Medium Risk
AP2024_4578,Bhavya Kulkarni,22A91A4469,bhavya.kulkarni581@apedu.ac.in,3rd Year,CSE (Data Science),B,5,59.4,69,72,64,67,73,79,62,72,78,17,43,65,55,Medium Risk
AP2024_4579,Venkata Chowdary,21A91A0270,venkata.chowdary582@apedu.ac.in,4th Year,EEE,D,7,64.4,92,95,58,60,85,64,69,79,74,15,63,79,65,Medium Risk
AP2024_4580,Sai Verma,21A91A4271,sai.verma583@apedu.ac.in,4th Year,CSE (AI & ML),D,7,89.0,67,28,54,32,45,59,75,56,48,20,63,65,76,Medium Risk
AP2024_4581,Ananya Rao,23A91A0572,ananya.rao584@apedu.ac.in,2nd Year,CSE,B,3,78.2,62,53,55,44,60,64,77,57,47,24,80,60,78,Medium Risk
AP2024_4582,Harika Chary,21A91A4273,harika.chary585@apedu.ac.in,4th Year,CSE (AI & ML),A,7,77.2,75,50,63,62,72,77,70,62,63,13,70,71,72,Medium Risk
AP2024_4583,Varun Rao,24A91A0274,varun.rao586@apedu.ac.in,1st Year,EEE,D,1,81.0,73,55,70,70,50,59,74,62,47,24,76,71,77,Low Risk
AP2024_4584,Suresh Verma,24A91A4275,suresh.verma587@apedu.ac.in,1st Year,CSE (AI & ML),D,2,71.8,71,60,68,57,72,76,65,67,62,15,65,75,67,Medium Risk
AP2024_4585,Yamini Murthy,24A91A0176,yamini.murthy588@apedu.ac.in,1st Year,Civil Engineering,B,1,61.7,72,54,61,41,86,59,67,73,59,16,58,80,62,Medium Risk
AP2024_4586,Keerthi Kulkarni,24A91A4277,keerthi.kulkarni589@apedu.ac.in,1st Year,CSE (AI & ML),C,2,74.9,55,46,58,51,53,70,64,61,46,18,74,68,71,Medium Risk
AP2024_4587,Mahesh Mishra,22A91A0578,mahesh.mishra590@apedu.ac.in,3rd Year,CSE,A,6,78.3,69,57,51,48,66,51,70,67,49,15,62,66,70,Medium Risk
AP2024_4588,Pooja Sharma,21A91A0479,pooja.sharma591@apedu.ac.in,4th Year,ECE,C,8,73.1,44,62,56,45,54,68,62,64,53,15,73,62,69,Medium Risk
AP2024_4589,Akhil Goud,24A91A1280,akhil.goud592@apedu.ac.in,1st Year,Information Technology,B,1,70.4,53,58,53,62,56,54,68,70,53,20,72,60,70,Medium Risk
AP2024_4590,Yamini Mishra,21A91A1281,yamini.mishra593@apedu.ac.in,4th Year,Information Technology,B,7,61.7,68,62,82,75,75,69,73,69,65,13,55,71,63,Medium Risk
AP2024_4591,Mahesh Chary,24A91A1282,mahesh.chary594@apedu.ac.in,1st Year,Information Technology,A,1,69.4,77,70,64,59,64,71,54,67,63,13,54,78,60,Medium Risk
AP2024_4592,Deepika Chowdary,21A91A4283,deepika.chowdary595@apedu.ac.in,4th Year,CSE (AI & ML),D,7,80.1,62,61,69,73,63,50,60,63,64,11,71,73,71,Low Risk
AP2024_4593,Rohit Varma,23A91A0284,rohit.varma596@apedu.ac.in,2nd Year,EEE,D,4,76.1,55,45,34,34,48,45,69,59,45,19,66,51,70,High Risk
AP2024_4594,Ravi Chowdary,23A91A0385,ravi.chowdary597@apedu.ac.in,2nd Year,Mechanical Engineering,B,4,70.5,59,71,57,53,47,52,59,73,53,17,67,70,65,Medium Risk
AP2024_4595,Karthik Babu,21A91A0586,karthik.babu598@apedu.ac.in,4th Year,CSE,B,7,84.1,63,51,46,40,57,48,75,68,39,18,86,60,81,Medium Risk
AP2024_4596,Tejaswi Joshi,24A91A0387,tejaswi.joshi599@apedu.ac.in,1st Year,Mechanical Engineering,D,2,64.6,54,63,64,73,66,76,68,78,50,16,70,73,67,Medium Risk
AP2024_4597,Sandhya Rao,24A91A0288,sandhya.rao600@apedu.ac.in,1st Year,EEE,C,1,76.0,69,49,57,44,50,68,78,63,56,19,72,73,75,Medium Risk
AP2024_4598,Bhavya Varma,23A91A4489,bhavya.varma601@apedu.ac.in,2nd Year,CSE (Data Science),B,4,67.2,59,76,62,44,61,71,79,70,67,23,83,63,75,Medium Risk
AP2024_4599,Suresh Prasad,24A91A0190,suresh.prasad602@apedu.ac.in,1st Year,Civil Engineering,C,2,54.3,28,48,35,29,40,50,50,38,45,14,60,44,54,High Risk
AP2024_4600,Mahesh Raju,21A91A0501,mahesh.raju603@apedu.ac.in,4th Year,CSE,D,8,78.5,50,44,53,44,43,48,65,57,47,18,74,66,73,Medium Risk
AP2024_4601,Lavanya Kulkarni,22A91A0102,lavanya.kulkarni604@apedu.ac.in,3rd Year,Civil Engineering,A,5,75.7,76,71,76,80,52,56,71,74,69,14,64,86,70,Low Risk
AP2024_4602,Nikhil Bhatt,22A91A4203,nikhil.bhatt605@apedu.ac.in,3rd Year,CSE (AI & ML),C,5,74.6,71,65,69,73,84,50,75,72,62,17,65,69,71,Medium Risk
AP2024_4603,Ananya Chowdary,21A91A4404,ananya.chowdary606@apedu.ac.in,4th Year,CSE (Data Science),D,8,65.6,60,65,64,51,67,56,71,61,69,15,60,71,65,Medium Risk
AP2024_4604,Pooja Reddy,21A91A0405,pooja.reddy607@apedu.ac.in,4th Year,ECE,B,7,69.0,78,41,74,55,61,75,75,53,50,17,71,72,71,Medium Risk
AP2024_4605,Srikanth Rao,22A91A0206,srikanth.rao608@apedu.ac.in,3rd Year,EEE,B,5,81.0,71,62,59,47,48,63,85,72,61,22,90,73,84,Medium Risk
AP2024_4606,Suresh Chary,23A91A0207,suresh.chary609@apedu.ac.in,2nd Year,EEE,C,3,64.2,29,54,44,46,42,42,69,49,36,14,71,55,67,High Risk
AP2024_4607,Sandhya Naidu,23A91A0508,sandhya.naidu610@apedu.ac.in,2nd Year,CSE,C,3,77.8,43,53,60,47,54,58,72,66,44,18,73,68,74,Medium Risk
AP2024_4608,Harika Murthy,24A91A0309,harika.murthy611@apedu.ac.in,1st Year,Mechanical Engineering,B,1,77.5,70,66,62,74,65,66,76,79,64,19,80,81,77,Medium Risk
AP2024_4609,Karthik Varma,24A91A4210,karthik.varma612@apedu.ac.in,1st Year,CSE (AI & ML),D,2,99.5,72,60,85,57,65,79,87,75,69,21,80,81,89,Low Risk
AP2024_4610,Sravani Kumar,21A91A0111,sravani.kumar613@apedu.ac.in,4th Year,Civil Engineering,B,8,86.3,61,67,68,58,65,72,75,71,72,19,84,66,82,Low Risk
AP2024_4611,Pranavi Kulkarni,22A91A0212,pranavi.kulkarni614@apedu.ac.in,3rd Year,EEE,A,5,79.2,65,69,72,45,68,58,85,72,52,21,94,65,85,Low Risk
AP2024_4612,Rahul Reddy,22A91A4213,rahul.reddy615@apedu.ac.in,3rd Year,CSE (AI & ML),C,5,91.7,88,96,87,76,99,76,84,99,79,23,91,95,89,Low Risk
AP2024_4613,Ravi Murthy,22A91A1214,ravi.murthy616@apedu.ac.in,3rd Year,Information Technology,D,5,79.8,87,78,100,78,81,72,78,79,73,20,78,78,78,Low Risk
AP2024_4614,Suresh Patel,21A91A0315,suresh.patel617@apedu.ac.in,4th Year,Mechanical Engineering,C,7,77.4,57,66,54,56,66,63,81,61,54,18,77,72,78,Medium Risk
AP2024_4615,Suresh Varma,24A91A1216,suresh.varma618@apedu.ac.in,1st Year,Information Technology,C,2,94.1,77,71,61,50,76,69,96,69,63,24,98,64,95,Low Risk
AP2024_4616,Harika Varma,23A91A1217,harika.varma619@apedu.ac.in,2nd Year,Information Technology,A,4,55.2,62,55,72,63,67,65,59,62,56,9,47,66,53,High Risk
AP2024_4617,Charan Kumar,22A91A0118,charan.kumar620@apedu.ac.in,3rd Year,Civil Engineering,A,5,99.5,94,61,99,73,81,80,90,92,81,24,90,92,93,Low Risk
AP2024_4618,Ramesh Babu,23A91A0119,ramesh.babu621@apedu.ac.in,2nd Year,Civil Engineering,A,3,51.5,61,50,72,69,56,48,49,64,48,15,60,64,53,High Risk
AP2024_4619,Rohit Gupta,22A91A0320,rohit.gupta622@apedu.ac.in,3rd Year,Mechanical Engineering,C,6,51.8,66,55,64,62,53,55,50,61,63,14,41,54,48,High Risk
AP2024_4620,Ganesh Babu,21A91A0521,ganesh.babu623@apedu.ac.in,4th Year,CSE,C,7,72.1,71,69,53,60,53,64,59,54,54,12,65,69,66,Medium Risk
AP2024_4621,Pooja Babu,24A91A1222,pooja.babu624@apedu.ac.in,1st Year,Information Technology,B,1,65.8,41,63,59,55,59,61,56,54,56,15,53,60,59,Medium Risk
AP2024_4622,Ananya Mishra,21A91A0323,ananya.mishra625@apedu.ac.in,4th Year,Mechanical Engineering,D,7,52.9,77,73,75,85,70,63,59,61,70,17,63,69,57,High Risk
AP2024_4623,Kavya Yadav,21A91A1224,kavya.yadav626@apedu.ac.in,4th Year,Information Technology,A,7,78.8,47,73,76,61,63,65,81,67,62,21,74,67,78,Low Risk
AP2024_4624,Manoj Chowdary,21A91A0225,manoj.chowdary627@apedu.ac.in,4th Year,EEE,B,8,76.2,67,69,98,68,76,79,80,80,74,17,72,89,76,Low Risk
AP2024_4625,Akhil Reddy,23A91A0226,akhil.reddy628@apedu.ac.in,2nd Year,EEE,A,4,67.0,49,43,57,36,60,50,72,62,45,22,76,54,71,Medium Risk
AP2024_4626,Pavan Mishra,22A91A4427,pavan.mishra629@apedu.ac.in,3rd Year,CSE (Data Science),D,6,97.9,70,68,78,78,54,66,91,66,46,16,77,68,89,Low Risk
AP2024_4627,Ananya Goud,23A91A0228,ananya.goud630@apedu.ac.in,2nd Year,EEE,D,4,51.6,52,35,62,69,55,47,47,55,51,10,44,63,47,High Risk
AP2024_4628,Akhil Prasad,23A91A4429,akhil.prasad631@apedu.ac.in,2nd Year,CSE (Data Science),C,4,56.4,45,42,54,65,43,70,55,73,50,14,61,65,57,High Risk
AP2024_4629,Karthik Babu,21A91A0230,karthik.babu632@apedu.ac.in,4th Year,EEE,B,8,67.4,59,68,70,56,53,77,64,59,56,19,69,69,66,Medium Risk
AP2024_4630,Sai Babu,21A91A4431,sai.babu633@apedu.ac.in,4th Year,CSE (Data Science),D,7,79.6,66,62,60,55,51,61,75,79,54,18,74,70,76,Medium Risk
AP2024_4631,Pooja Somayajulu,23A91A0432,pooja.somayajulu634@apedu.ac.in,2nd Year,ECE,D,4,48.4,40,51,32,28,52,37,59,38,39,12,47,43,51,High Risk
AP2024_4632,Sravani Murthy,23A91A4433,sravani.murthy635@apedu.ac.in,2nd Year,CSE (Data Science),B,4,41.5,54,42,50,64,43,47,42,59,39,13,35,62,39,High Risk
AP2024_4633,Akhil Murthy,21A91A0134,akhil.murthy636@apedu.ac.in,4th Year,Civil Engineering,A,7,76.3,62,68,85,74,60,78,75,68,57,19,77,73,76,Low Risk
AP2024_4634,Kavya Mishra,21A91A4435,kavya.mishra637@apedu.ac.in,4th Year,CSE (Data Science),A,7,76.9,68,66,69,59,64,63,79,72,64,20,84,79,79,Low Risk
AP2024_4635,Charan Kumar,23A91A0536,charan.kumar638@apedu.ac.in,2nd Year,CSE,C,4,77.0,50,58,62,45,55,60,80,71,50,19,76,54,77,Medium Risk
AP2024_4636,Venkata Kulkarni,23A91A0437,venkata.kulkarni639@apedu.ac.in,2nd Year,ECE,D,4,77.1,89,73,100,85,86,86,74,81,74,20,81,86,77,Low Risk
AP2024_4637,Rahul Patel,21A91A0238,rahul.patel640@apedu.ac.in,4th Year,EEE,A,8,77.9,71,75,56,54,81,68,88,70,60,21,86,74,83,Low Risk
AP2024_4638,Sireesha Sharma,22A91A1239,sireesha.sharma641@apedu.ac.in,3rd Year,Information Technology,A,6,54.3,36,42,39,40,44,48,61,47,34,10,62,35,58,High Risk
AP2024_4639,Sravani Mishra,21A91A0340,sravani.mishra642@apedu.ac.in,4th Year,Mechanical Engineering,C,8,98.4,68,66,66,59,57,59,96,79,57,25,97,69,97,Low Risk
AP2024_4640,Kavya Goud,21A91A0541,kavya.goud643@apedu.ac.in,4th Year,CSE,B,7,49.1,64,46,65,40,45,48,55,61,48,13,51,63,51,High Risk
AP2024_4641,Akhil Raju,23A91A1242,akhil.raju644@apedu.ac.in,2nd Year,Information Technology,B,3,62.5,58,55,59,44,60,62,64,75,54,17,71,60,65,Medium Risk
AP2024_4642,Tarun Varma,21A91A4443,tarun.varma645@apedu.ac.in,4th Year,CSE (Data Science),A,7,66.1,79,58,56,54,53,56,70,59,50,15,65,72,66,Medium Risk
AP2024_4643,Aditya Goud,23A91A4244,aditya.goud646@apedu.ac.in,2nd Year,CSE (AI & ML),A,4,60.2,58,72,77,66,72,69,71,64,61,16,62,80,63,Medium Risk
AP2024_4644,Pooja Babu,22A91A0145,pooja.babu647@apedu.ac.in,3rd Year,Civil Engineering,A,6,52.3,43,41,38,43,43,47,46,42,43,15,45,43,48,High Risk
AP2024_4645,Ravi Chowdary,21A91A0546,ravi.chowdary648@apedu.ac.in,4th Year,CSE,C,7,72.5,50,38,63,48,35,58,79,53,52,19,81,61,76,Medium Risk
AP2024_4646,Sneha Chary,22A91A0247,sneha.chary649@apedu.ac.in,3rd Year,EEE,C,5,75.0,79,62,78,59,74,68,62,76,70,18,61,72,66,Low Risk
AP2024_4647,Yamini Prasad,23A91A0348,yamini.prasad650@apedu.ac.in,2nd Year,Mechanical Engineering,B,3,72.7,64,66,65,72,90,89,60,69,59,13,59,84,64,Low Risk
AP2024_4648,Harika Murthy,24A91A4449,harika.murthy651@apedu.ac.in,1st Year,CSE (Data Science),B,1,79.7,58,51,55,38,64,62,70,60,42,17,74,64,75,Medium Risk
AP2024_4649,Venkata Goud,21A91A4250,venkata.goud652@apedu.ac.in,4th Year,CSE (AI & ML),C,7,88.2,59,72,58,36,66,47,82,62,65,19,72,67,81,Medium Risk
AP2024_4650,Aditya Kulkarni,21A91A1251,aditya.kulkarni653@apedu.ac.in,4th Year,Information Technology,A,8,99.5,59,52,47,47,65,70,84,69,54,26,85,70,90,Medium Risk
AP2024_4651,Ananya Murthy,24A91A1252,ananya.murthy654@apedu.ac.in,1st Year,Information Technology,D,1,70.2,72,66,76,68,72,60,66,60,69,21,72,77,69,Medium Risk
AP2024_4652,Venkata Sharma,24A91A0453,venkata.sharma655@apedu.ac.in,1st Year,ECE,D,2,71.5,49,63,53,38,66,59,72,64,50,19,74,60,72,Medium Risk
AP2024_4653,Karthik Patel,24A91A0254,karthik.patel656@apedu.ac.in,1st Year,EEE,B,1,74.4,77,61,71,49,49,67,72,53,61,15,67,63,71,Medium Risk
AP2024_4654,Manoj Goud,21A91A4455,manoj.goud657@apedu.ac.in,4th Year,CSE (Data Science),C,8,78.5,68,83,88,71,67,79,74,80,62,21,74,77,75,Low Risk
AP2024_4655,Varun Prasad,23A91A1256,varun.prasad658@apedu.ac.in,2nd Year,Information Technology,B,3,67.0,64,50,62,54,63,65,62,53,59,11,62,62,64,Medium Risk
AP2024_4656,Naresh Raju,21A91A0457,naresh.raju659@apedu.ac.in,4th Year,ECE,A,8,55.3,62,63,72,66,62,71,56,66,65,20,71,62,60,High Risk
AP2024_4657,Chaitanya Verma,24A91A0358,chaitanya.verma660@apedu.ac.in,1st Year,Mechanical Engineering,C,2,91.4,64,69,63,50,74,72,85,68,51,20,96,70,90,Low Risk
AP2024_4658,Ananya Goud,22A91A4259,ananya.goud661@apedu.ac.in,3rd Year,CSE (AI & ML),B,6,48.3,57,54,69,77,58,64,47,65,53,10,49,64,48,High Risk
AP2024_4659,Ramesh Verma,23A91A4460,ramesh.verma662@apedu.ac.in,2nd Year,CSE (Data Science),D,4,72.2,74,73,84,70,73,66,61,66,71,10,61,85,65,Low Risk
AP2024_4660,Aditya Joshi,24A91A4261,aditya.joshi663@apedu.ac.in,1st Year,CSE (AI & ML),D,1,93.7,41,73,66,63,48,47,97,65,52,21,92,67,94,Medium Risk
AP2024_4661,Pranavi Kumar,24A91A0162,pranavi.kumar664@apedu.ac.in,1st Year,Civil Engineering,A,2,73.0,67,57,70,73,74,68,65,55,57,20,65,73,68,Low Risk
AP2024_4662,Divya Murthy,21A91A0163,divya.murthy665@apedu.ac.in,4th Year,Civil Engineering,C,8,79.5,87,98,90,93,84,97,74,81,82,18,78,93,77,Low Risk
AP2024_4663,Sneha Babu,23A91A0364,sneha.babu666@apedu.ac.in,2nd Year,Mechanical Engineering,B,4,99.5,66,73,64,56,61,74,97,83,54,25,97,79,98,Low Risk
AP2024_4664,Swathi Sastry,22A91A0565,swathi.sastry667@apedu.ac.in,3rd Year,CSE,D,6,62.3,72,60,35,38,38,56,60,61,50,13,56,54,59,Medium Risk
AP2024_4665,Sai Mishra,21A91A0566,sai.mishra668@apedu.ac.in,4th Year,CSE,D,8,56.8,82,64,72,63,76,74,62,68,63,12,54,76,57,High Risk
AP2024_4666,Ravi Kumar,21A91A4467,ravi.kumar669@apedu.ac.in,4th Year,CSE (Data Science),A,7,63.0,63,50,64,57,49,44,57,58,56,15,64,58,61,High Risk
AP2024_4667,Chaitanya Reddy,24A91A0568,chaitanya.reddy670@apedu.ac.in,1st Year,CSE,B,1,66.2,51,62,41,47,60,58,65,67,48,18,65,69,65,Medium Risk
AP2024_4668,Aditya Naidu,22A91A0469,aditya.naidu671@apedu.ac.in,3rd Year,ECE,A,6,84.9,61,67,52,34,75,71,72,74,57,20,74,70,77,Medium Risk
AP2024_4669,Varun Raju,24A91A4470,varun.raju672@apedu.ac.in,1st Year,CSE (Data Science),B,1,55.6,60,74,61,45,64,51,59,65,48,11,49,69,54,High Risk
AP2024_4670,Keerthi Sharma,23A91A4471,keerthi.sharma673@apedu.ac.in,2nd Year,CSE (Data Science),A,3,64.7,53,55,68,60,53,47,54,53,43,9,49,68,56,Medium Risk
AP2024_4671,Sneha Verma,22A91A0572,sneha.verma674@apedu.ac.in,3rd Year,CSE,B,5,93.1,62,86,74,76,73,73,86,82,65,19,98,94,92,Low Risk
AP2024_4672,Srikanth Yadav,22A91A0573,srikanth.yadav675@apedu.ac.in,3rd Year,CSE,A,6,82.7,89,83,74,56,71,84,74,76,76,15,80,73,79,Low Risk
AP2024_4673,Gayatri Verma,22A91A0374,gayatri.verma676@apedu.ac.in,3rd Year,Mechanical Engineering,A,6,71.7,39,55,73,61,56,68,70,51,50,13,55,59,66,Medium Risk
AP2024_4674,Pranavi Prasad,22A91A0475,pranavi.prasad677@apedu.ac.in,3rd Year,ECE,B,5,54.3,59,61,43,32,45,51,48,46,44,11,52,60,51,High Risk
AP2024_4675,Bhavya Goud,22A91A0176,bhavya.goud678@apedu.ac.in,3rd Year,Civil Engineering,B,5,76.9,56,45,63,48,49,64,67,53,46,15,64,46,70,Medium Risk
AP2024_4676,Swathi Murthy,23A91A0577,swathi.murthy679@apedu.ac.in,2nd Year,CSE,C,3,48.3,76,67,57,66,56,52,50,61,65,14,45,65,47,High Risk
AP2024_4677,Naresh Joshi,23A91A4478,naresh.joshi680@apedu.ac.in,2nd Year,CSE (Data Science),C,3,69.8,56,65,54,55,56,72,61,66,56,15,66,66,66,Medium Risk
AP2024_4678,Varun Naidu,23A91A1279,varun.naidu681@apedu.ac.in,2nd Year,Information Technology,C,3,42.2,73,97,97,76,73,70,53,63,83,12,45,83,46,High Risk
AP2024_4679,Ramesh Prasad,22A91A0580,ramesh.prasad682@apedu.ac.in,3rd Year,CSE,A,5,43.0,71,62,85,87,73,79,40,64,63,13,51,78,44,High Risk
AP2024_4680,Rohit Verma,21A91A0481,rohit.verma683@apedu.ac.in,4th Year,ECE,A,8,87.8,45,57,77,89,53,67,83,52,70,19,81,70,84,Low Risk
AP2024_4681,Sravani Babu,22A91A0282,sravani.babu684@apedu.ac.in,3rd Year,EEE,B,6,74.1,77,66,77,70,65,59,73,66,59,17,71,60,72,Low Risk
AP2024_4682,Pooja Reddy,21A91A0283,pooja.reddy685@apedu.ac.in,4th Year,EEE,A,7,87.8,65,68,94,76,80,74,89,70,70,18,82,82,86,Low Risk
AP2024_4683,Naresh Sharma,21A91A4284,naresh.sharma686@apedu.ac.in,4th Year,CSE (AI & ML),B,8,64.5,54,72,67,44,53,64,58,60,52,14,62,54,61,Medium Risk
AP2024_4684,Aditya Prasad,21A91A0485,aditya.prasad687@apedu.ac.in,4th Year,ECE,A,7,74.5,28,35,44,44,38,40,68,60,49,16,68,38,70,High Risk
AP2024_4685,Sravani Kumar,23A91A4486,sravani.kumar688@apedu.ac.in,2nd Year,CSE (Data Science),D,4,64.0,57,55,63,45,46,59,68,47,52,16,54,59,62,Medium Risk
AP2024_4686,Varun Sastry,22A91A0187,varun.sastry689@apedu.ac.in,3rd Year,Civil Engineering,C,5,99.3,76,68,73,65,80,73,93,85,53,25,90,89,94,Low Risk
AP2024_4687,Manasa Chowdary,23A91A0188,manasa.chowdary690@apedu.ac.in,2nd Year,Civil Engineering,A,3,90.5,70,58,63,62,70,71,77,57,60,22,85,65,84,Low Risk
AP2024_4688,Lavanya Verma,24A91A4489,lavanya.verma691@apedu.ac.in,1st Year,CSE (Data Science),C,1,71.7,84,81,96,83,84,89,73,81,67,16,68,80,70,Medium Risk
AP2024_4689,Sireesha Varma,22A91A0490,sireesha.varma692@apedu.ac.in,3rd Year,ECE,B,5,58.2,44,63,63,57,60,61,60,66,60,13,52,71,56,Medium Risk
AP2024_4690,Harika Naidu,22A91A0301,harika.naidu693@apedu.ac.in,3rd Year,Mechanical Engineering,C,5,67.3,67,77,69,74,74,59,46,68,59,13,57,66,57,Medium Risk
AP2024_4691,Sai Patel,24A91A0402,sai.patel694@apedu.ac.in,1st Year,ECE,B,2,71.7,90,64,50,55,60,62,81,74,54,20,73,62,74,Medium Risk
AP2024_4692,Harika Bhatt,24A91A0403,harika.bhatt695@apedu.ac.in,1st Year,ECE,A,2,76.5,83,88,61,63,55,71,76,70,63,20,84,76,78,Low Risk
AP2024_4693,Akhil Babu,21A91A4404,akhil.babu696@apedu.ac.in,4th Year,CSE (Data Science),C,8,61.0,68,64,55,54,55,72,63,59,60,15,66,54,63,Medium Risk
AP2024_4694,Mahesh Chary,23A91A0205,mahesh.chary697@apedu.ac.in,2nd Year,EEE,B,4,80.7,65,54,71,76,68,71,77,63,62,17,71,76,76,Low Risk
AP2024_4695,Rohit Naidu,23A91A0306,rohit.naidu698@apedu.ac.in,2nd Year,Mechanical Engineering,A,4,75.2,83,76,65,72,88,70,59,62,64,16,70,84,68,Medium Risk
AP2024_4696,Swathi Goud,24A91A1207,swathi.goud699@apedu.ac.in,1st Year,Information Technology,D,2,53.5,58,54,51,36,51,50,60,57,50,18,66,58,59,High Risk
AP2024_4697,Karthik Murthy,21A91A0408,karthik.murthy700@apedu.ac.in,4th Year,ECE,B,8,51.6,44,36,41,33,37,47,51,49,44,16,52,53,51,High Risk
AP2024_4698,Nikhil Goud,21A91A4209,nikhil.goud701@apedu.ac.in,4th Year,CSE (AI & ML),C,8,52.4,79,77,51,57,68,55,56,78,58,10,51,73,53,High Risk
AP2024_4699,Gayatri Rao,23A91A1210,gayatri.rao702@apedu.ac.in,2nd Year,Information Technology,C,4,76.2,78,48,75,80,68,71,65,64,61,16,69,64,70,Medium Risk
AP2024_4700,Ganesh Raju,24A91A0311,ganesh.raju703@apedu.ac.in,1st Year,Mechanical Engineering,B,2,49.1,54,54,58,69,64,60,49,60,56,10,57,73,51,High Risk
AP2024_4701,Chaitanya Goud,22A91A1212,chaitanya.goud704@apedu.ac.in,3rd Year,Information Technology,B,6,85.8,45,26,26,20,27,49,73,42,43,19,63,41,75,High Risk
AP2024_4702,Tarun Goud,24A91A0113,tarun.goud705@apedu.ac.in,1st Year,Civil Engineering,D,2,91.9,86,85,92,74,99,58,76,84,80,18,85,85,85,Low Risk
AP2024_4703,Divya Kulkarni,23A91A0214,divya.kulkarni706@apedu.ac.in,2nd Year,EEE,B,4,79.5,63,64,64,56,55,55,81,53,58,22,76,65,78,Medium Risk
AP2024_4704,Sireesha Kumar,24A91A4415,sireesha.kumar707@apedu.ac.in,1st Year,CSE (Data Science),B,2,74.2,47,61,68,62,51,71,66,63,47,15,70,61,70,Medium Risk
AP2024_4705,Aditya Goud,22A91A4216,aditya.goud708@apedu.ac.in,3rd Year,CSE (AI & ML),B,5,57.0,69,58,89,93,62,64,58,54,70,13,51,57,55,High Risk
AP2024_4706,Keerthi Kulkarni,21A91A0217,keerthi.kulkarni709@apedu.ac.in,4th Year,EEE,D,7,54.3,60,59,57,62,55,56,54,73,53,12,48,55,52,High Risk
AP2024_4707,Aditya Joshi,21A91A0218,aditya.joshi710@apedu.ac.in,4th Year,EEE,B,7,81.3,68,81,89,79,68,82,88,75,76,21,85,80,84,Low Risk
AP2024_4708,Sai Naidu,23A91A0419,sai.naidu711@apedu.ac.in,2nd Year,ECE,C,3,63.3,71,45,59,45,46,42,49,48,53,11,57,51,57,Medium Risk
AP2024_4709,Rahul Gupta,23A91A0520,rahul.gupta712@apedu.ac.in,2nd Year,CSE,D,3,65.6,61,63,79,86,64,72,71,76,68,16,71,79,68,Medium Risk
AP2024_4710,Tarun Goud,21A91A4421,tarun.goud713@apedu.ac.in,4th Year,CSE (Data Science),D,7,69.9,89,80,67,51,68,77,67,85,69,17,75,74,70,Medium Risk
AP2024_4711,Tarun Reddy,22A91A0522,tarun.reddy714@apedu.ac.in,3rd Year,CSE,C,6,77.2,49,51,39,45,67,51,75,62,44,18,68,59,73,Medium Risk
AP2024_4712,Ganesh Sharma,23A91A1223,ganesh.sharma715@apedu.ac.in,2nd Year,Information Technology,C,3,71.7,66,53,65,56,58,55,63,65,55,17,63,63,66,Medium Risk
AP2024_4713,Karthik Reddy,23A91A0524,karthik.reddy716@apedu.ac.in,2nd Year,CSE,A,3,61.5,61,73,59,54,73,66,69,74,62,16,63,79,64,Medium Risk
AP2024_4714,Naresh Verma,23A91A0425,naresh.verma717@apedu.ac.in,2nd Year,ECE,B,4,51.5,48,45,51,24,34,61,53,34,39,14,48,58,50,High Risk
AP2024_4715,Divya Goud,22A91A4226,divya.goud718@apedu.ac.in,3rd Year,CSE (AI & ML),A,6,48.6,47,63,78,80,45,56,41,52,61,8,38,62,43,High Risk
AP2024_4716,Swathi Verma,21A91A0527,swathi.verma719@apedu.ac.in,4th Year,CSE,D,7,74.9,38,68,30,34,48,62,67,59,48,16,68,51,70,Medium Risk
AP2024_4717,Venkata Mishra,23A91A1228,venkata.mishra720@apedu.ac.in,2nd Year,Information Technology,A,4,81.8,51,55,56,55,64,49,70,55,55,22,83,60,78,Medium Risk
AP2024_4718,Sireesha Prasad,22A91A4229,sireesha.prasad721@apedu.ac.in,3rd Year,CSE (AI & ML),D,6,60.9,71,57,67,69,57,58,50,62,51,13,67,60,59,Medium Risk
AP2024_4719,Ananya Sastry,21A91A0130,ananya.sastry722@apedu.ac.in,4th Year,Civil Engineering,C,7,83.7,46,57,44,49,43,76,74,64,42,17,76,60,78,Medium Risk
AP2024_4720,Manoj Somayajulu,22A91A0531,manoj.somayajulu723@apedu.ac.in,3rd Year,CSE,C,5,48.6,78,78,88,53,71,79,48,61,61,18,44,75,47,High Risk
AP2024_4721,Pranavi Babu,23A91A0232,pranavi.babu724@apedu.ac.in,2nd Year,EEE,D,3,71.7,87,86,98,90,82,80,65,75,71,13,55,98,64,Medium Risk
AP2024_4722,Rahul Babu,21A91A0433,rahul.babu725@apedu.ac.in,4th Year,ECE,A,7,82.4,79,62,67,58,69,69,66,68,63,22,76,65,75,Low Risk
AP2024_4723,Manoj Sharma,21A91A0534,manoj.sharma726@apedu.ac.in,4th Year,CSE,C,7,93.0,59,68,72,49,75,61,91,88,57,22,81,70,88,Low Risk
AP2024_4724,Tejaswi Somayajulu,24A91A0235,tejaswi.somayajulu727@apedu.ac.in,1st Year,EEE,B,2,85.6,59,60,70,60,61,60,74,71,59,21,91,78,83,Medium Risk
AP2024_4725,Bhavya Somayajulu,24A91A0336,bhavya.somayajulu728@apedu.ac.in,1st Year,Mechanical Engineering,C,2,79.8,66,69,66,72,62,64,77,70,64,19,62,74,73,Low Risk
AP2024_4726,Tejaswi Chowdary,23A91A4437,tejaswi.chowdary729@apedu.ac.in,2nd Year,CSE (Data Science),D,4,58.4,84,74,82,69,72,72,56,63,72,14,49,69,54,Medium Risk
AP2024_4727,Sravani Kulkarni,21A91A1238,sravani.kulkarni730@apedu.ac.in,4th Year,Information Technology,D,8,79.1,81,63,73,84,68,57,66,77,67,18,60,73,69,Low Risk
AP2024_4728,Karthik Murthy,23A91A0239,karthik.murthy731@apedu.ac.in,2nd Year,EEE,B,4,54.5,75,69,65,56,65,70,55,66,57,13,56,70,55,High Risk
AP2024_4729,Gayatri Rao,22A91A4240,gayatri.rao732@apedu.ac.in,3rd Year,CSE (AI & ML),D,6,66.0,58,49,73,58,50,48,72,51,60,18,81,59,72,Medium Risk
AP2024_4730,Sireesha Patel,24A91A0541,sireesha.patel733@apedu.ac.in,1st Year,CSE,A,2,77.3,64,71,64,58,47,52,80,73,56,16,73,65,76,Medium Risk
AP2024_4731,Ravi Chary,23A91A0242,ravi.chary734@apedu.ac.in,2nd Year,EEE,B,3,57.6,55,59,54,61,58,39,61,62,52,16,51,57,56,High Risk
AP2024_4732,Karthik Goud,22A91A1243,karthik.goud735@apedu.ac.in,3rd Year,Information Technology,C,5,52.5,57,84,52,54,77,66,47,63,66,11,46,74,48,High Risk
AP2024_4733,Varun Raju,24A91A4444,varun.raju736@apedu.ac.in,1st Year,CSE (Data Science),B,2,86.1,72,78,74,67,85,70,72,87,69,19,85,82,81,Low Risk
AP2024_4734,Varun Kumar,21A91A0445,varun.kumar737@apedu.ac.in,4th Year,ECE,D,8,65.8,29,41,61,71,45,59,56,41,45,14,57,50,60,Medium Risk
AP2024_4735,Naresh Raju,21A91A4446,naresh.raju738@apedu.ac.in,4th Year,CSE (Data Science),C,7,99.4,68,81,76,80,70,76,93,86,61,23,94,76,95,Low Risk
AP2024_4736,Tejaswi Joshi,22A91A0147,tejaswi.joshi739@apedu.ac.in,3rd Year,Civil Engineering,B,5,60.8,63,32,43,31,41,52,63,47,42,12,53,62,59,High Risk
AP2024_4737,Deepika Joshi,24A91A1248,deepika.joshi740@apedu.ac.in,1st Year,Information Technology,B,2,73.3,64,61,70,63,77,67,69,78,69,21,75,70,72,Medium Risk
AP2024_4738,Bhavya Mishra,21A91A4249,bhavya.mishra741@apedu.ac.in,4th Year,CSE (AI & ML),A,8,73.4,62,76,63,60,59,62,61,71,73,13,60,75,65,Medium Risk
AP2024_4739,Sai Chary,22A91A0350,sai.chary742@apedu.ac.in,3rd Year,Mechanical Engineering,C,5,74.3,75,72,78,75,69,71,57,78,74,14,61,81,65,Low Risk
AP2024_4740,Sravani Raju,23A91A0151,sravani.raju743@apedu.ac.in,2nd Year,Civil Engineering,C,3,89.3,67,73,78,77,63,71,82,66,83,18,94,57,88,Low Risk
AP2024_4741,Nikhil Patel,24A91A0452,nikhil.patel744@apedu.ac.in,1st Year,ECE,D,1,81.9,73,61,69,57,74,72,84,77,58,22,78,69,81,Low Risk
AP2024_4742,Chaitanya Naidu,22A91A0553,chaitanya.naidu745@apedu.ac.in,3rd Year,CSE,C,6,73.3,83,72,81,82,70,82,74,66,70,15,74,79,73,Low Risk
AP2024_4743,Ravi Yadav,21A91A0254,ravi.yadav746@apedu.ac.in,4th Year,EEE,B,7,54.5,70,78,67,56,70,68,45,71,60,12,33,77,45,High Risk
AP2024_4744,Mahesh Mishra,22A91A0455,mahesh.mishra747@apedu.ac.in,3rd Year,ECE,D,6,74.5,71,72,90,84,68,65,71,73,73,22,80,77,75,Low Risk
AP2024_4745,Ananya Prasad,21A91A1256,ananya.prasad748@apedu.ac.in,4th Year,Information Technology,C,7,84.3,55,51,59,63,56,61,82,69,55,17,83,61,83,Medium Risk
AP2024_4746,Deepika Raju,21A91A4457,deepika.raju749@apedu.ac.in,4th Year,CSE (Data Science),D,8,71.5,77,65,75,55,62,81,76,69,62,19,75,64,73,Medium Risk
AP2024_4747,Pranavi Prasad,24A91A0258,pranavi.prasad750@apedu.ac.in,1st Year,EEE,A,2,70.8,75,54,81,75,59,65,71,56,75,16,68,67,70,Medium Risk
AP2024_4748,Akhil Kumar,24A91A4459,akhil.kumar751@apedu.ac.in,1st Year,CSE (Data Science),D,1,76.9,76,67,73,83,70,67,75,66,74,20,74,76,75,Low Risk
AP2024_4749,Sravani Somayajulu,23A91A0560,sravani.somayajulu752@apedu.ac.in,2nd Year,CSE,C,3,68.4,56,62,64,63,51,41,67,53,71,13,65,57,66,Medium Risk
AP2024_4750,Charan Rao,21A91A0561,charan.rao753@apedu.ac.in,4th Year,CSE,C,8,76.1,76,66,73,59,64,76,73,68,63,19,75,66,74,Low Risk
AP2024_4751,Nikhil Kumar,21A91A0562,nikhil.kumar754@apedu.ac.in,4th Year,CSE,C,8,79.7,73,56,71,67,71,58,66,80,64,16,74,68,73,Low Risk
AP2024_4752,Karthik Verma,23A91A0263,karthik.verma755@apedu.ac.in,2nd Year,EEE,D,4,72.1,76,69,76,69,62,65,83,69,66,19,88,73,80,Medium Risk
AP2024_4753,Swathi Mishra,23A91A0564,swathi.mishra756@apedu.ac.in,2nd Year,CSE,D,3,89.0,66,52,74,72,75,68,88,72,66,20,75,78,84,Low Risk
AP2024_4754,Sravani Yadav,21A91A0565,sravani.yadav757@apedu.ac.in,4th Year,CSE,D,7,95.1,37,60,65,50,54,59,85,79,55,18,94,72,91,Medium Risk
AP2024_4755,Sravani Somayajulu,24A91A4466,sravani.somayajulu758@apedu.ac.in,1st Year,CSE (Data Science),B,1,57.0,57,64,56,53,54,52,52,67,55,12,57,62,55,High Risk
AP2024_4756,Deepika Murthy,21A91A4267,deepika.murthy759@apedu.ac.in,4th Year,CSE (AI & ML),A,8,67.5,58,50,51,33,41,64,72,43,47,14,76,63,71,Medium Risk
AP2024_4757,Sandhya Babu,21A91A0468,sandhya.babu760@apedu.ac.in,4th Year,ECE,C,8,82.8,77,79,85,73,61,75,74,73,64,19,78,88,78,Low Risk
AP2024_4758,Ramesh Rao,21A91A0469,ramesh.rao761@apedu.ac.in,4th Year,ECE,D,8,73.6,57,53,57,54,62,60,68,65,51,17,80,66,73,Medium Risk
AP2024_4759,Manoj Gupta,23A91A0170,manoj.gupta762@apedu.ac.in,2nd Year,Civil Engineering,A,4,59.9,56,48,50,54,49,57,52,61,46,15,48,65,53,High Risk
AP2024_4760,Sireesha Yadav,22A91A0271,sireesha.yadav763@apedu.ac.in,3rd Year,EEE,B,5,69.3,58,27,27,43,45,52,62,55,47,15,69,54,67,High Risk
AP2024_4761,Divya Chowdary,21A91A0272,divya.chowdary764@apedu.ac.in,4th Year,EEE,D,7,79.4,42,58,53,47,45,51,80,56,60,18,81,47,80,Medium Risk
AP2024_4762,Pooja Joshi,21A91A0573,pooja.joshi765@apedu.ac.in,4th Year,CSE,D,8,68.8,74,60,61,61,55,71,69,75,55,20,73,80,70,Medium Risk
AP2024_4763,Tarun Sharma,23A91A4274,tarun.sharma766@apedu.ac.in,2nd Year,CSE (AI & ML),D,3,65.0,66,63,80,68,61,81,64,56,59,14,50,68,60,Medium Risk
AP2024_4764,Sneha Bhatt,24A91A0475,sneha.bhatt767@apedu.ac.in,1st Year,ECE,B,2,61.0,44,68,76,69,62,59,76,65,74,15,51,76,62,Medium Risk
AP2024_4765,Sandhya Chary,24A91A1276,sandhya.chary768@apedu.ac.in,1st Year,Information Technology,A,1,68.4,51,52,88,49,59,53,68,65,58,18,71,71,69,Medium Risk
AP2024_4766,Yamini Varma,21A91A0477,yamini.varma769@apedu.ac.in,4th Year,ECE,B,8,74.0,58,61,56,52,68,54,87,58,52,15,79,62,79,Medium Risk
AP2024_4767,Mahesh Naidu,21A91A0178,mahesh.naidu770@apedu.ac.in,4th Year,Civil Engineering,C,7,74.7,78,42,47,48,65,60,71,73,56,20,71,67,72,Medium Risk
AP2024_4768,Gayatri Raju,23A91A0279,gayatri.raju771@apedu.ac.in,2nd Year,EEE,B,4,51.6,59,73,58,47,70,59,62,66,63,15,41,73,51,High Risk
AP2024_4769,Venkata Sharma,23A91A0480,venkata.sharma772@apedu.ac.in,2nd Year,ECE,C,3,67.9,65,66,71,39,65,66,62,55,59,19,82,76,70,Medium Risk
AP2024_4770,Pavan Kulkarni,24A91A0281,pavan.kulkarni773@apedu.ac.in,1st Year,EEE,C,1,99.5,87,60,59,60,64,76,98,74,68,22,92,66,96,Low Risk
AP2024_4771,Naresh Chary,21A91A0582,naresh.chary774@apedu.ac.in,4th Year,CSE,D,8,88.2,64,52,73,76,62,71,91,70,55,26,85,69,88,Low Risk
AP2024_4772,Ramesh Goud,24A91A1283,ramesh.goud775@apedu.ac.in,1st Year,Information Technology,B,2,80.3,37,41,53,46,57,59,76,48,38,20,74,63,77,Medium Risk
AP2024_4773,Sai Kumar,22A91A0284,sai.kumar776@apedu.ac.in,3rd Year,EEE,B,5,78.9,56,59,76,53,55,58,78,62,58,18,73,57,76,Medium Risk
AP2024_4774,Yamini Mishra,22A91A0585,yamini.mishra777@apedu.ac.in,3rd Year,CSE,B,5,78.1,75,75,59,58,58,67,75,65,62,19,75,63,76,Medium Risk
AP2024_4775,Pooja Babu,24A91A1286,pooja.babu778@apedu.ac.in,1st Year,Information Technology,A,2,83.5,92,88,95,79,81,70,78,85,83,20,80,86,80,Low Risk
AP2024_4776,Manasa Yadav,21A91A0487,manasa.yadav779@apedu.ac.in,4th Year,ECE,A,8,99.5,77,65,64,51,68,89,91,77,51,23,87,71,93,Low Risk
AP2024_4777,Charan Yadav,24A91A0188,charan.yadav780@apedu.ac.in,1st Year,Civil Engineering,C,1,47.5,72,54,50,59,57,58,54,59,49,10,53,67,51,High Risk
AP2024_4778,Swathi Kulkarni,23A91A0389,swathi.kulkarni781@apedu.ac.in,2nd Year,Mechanical Engineering,A,3,68.2,54,45,60,56,60,43,61,62,46,17,58,51,62,Medium Risk
AP2024_4779,Bhavya Babu,24A91A1290,bhavya.babu782@apedu.ac.in,1st Year,Information Technology,A,1,57.3,57,75,74,69,70,63,59,73,64,11,45,77,54,High Risk
AP2024_4780,Ramesh Varma,21A91A0501,ramesh.varma783@apedu.ac.in,4th Year,CSE,D,8,79.3,83,66,89,78,79,80,79,83,74,19,75,87,77,Low Risk
AP2024_4781,Ananya Sharma,24A91A4202,ananya.sharma784@apedu.ac.in,1st Year,CSE (AI & ML),D,1,99.5,73,83,76,65,70,82,92,76,69,22,94,72,95,Low Risk
AP2024_4782,Sneha Prasad,23A91A0103,sneha.prasad785@apedu.ac.in,2nd Year,Civil Engineering,B,3,38.1,85,58,71,54,80,65,43,70,66,8,27,66,36,High Risk
AP2024_4783,Tejaswi Gupta,22A91A0504,tejaswi.gupta786@apedu.ac.in,3rd Year,CSE,D,5,67.4,48,49,50,39,48,59,65,59,37,13,65,56,65,Medium Risk
AP2024_4784,Rohit Mishra,22A91A1205,rohit.mishra787@apedu.ac.in,3rd Year,Information Technology,C,5,90.5,89,82,80,78,76,87,75,83,77,19,74,95,80,Low Risk
AP2024_4785,Rahul Naidu,21A91A0106,rahul.naidu788@apedu.ac.in,4th Year,Civil Engineering,A,7,99.5,87,76,65,55,88,78,80,85,75,21,97,81,92,Low Risk
AP2024_4786,Ramesh Prasad,24A91A1207,ramesh.prasad789@apedu.ac.in,1st Year,Information Technology,D,1,55.7,78,57,73,70,69,57,50,55,63,15,43,67,50,High Risk
AP2024_4787,Tarun Varma,24A91A4408,tarun.varma790@apedu.ac.in,1st Year,CSE (Data Science),A,1,87.3,82,49,72,65,66,53,89,70,68,19,93,66,89,Low Risk
AP2024_4788,Nikhil Chary,24A91A0509,nikhil.chary791@apedu.ac.in,1st Year,CSE,B,2,76.6,52,74,64,50,75,79,74,69,64,17,64,79,72,Low Risk
AP2024_4789,Deepika Sharma,22A91A0210,deepika.sharma792@apedu.ac.in,3rd Year,EEE,B,6,63.9,55,52,63,41,54,56,65,59,44,10,57,60,62,Medium Risk
AP2024_4790,Sireesha Chary,21A91A0211,sireesha.chary793@apedu.ac.in,4th Year,EEE,C,7,63.2,78,54,52,50,55,67,65,59,70,14,63,62,63,Medium Risk
AP2024_4791,Akhil Kulkarni,21A91A4212,akhil.kulkarni794@apedu.ac.in,4th Year,CSE (AI & ML),B,7,53.1,44,34,64,61,50,47,46,53,49,9,47,56,49,High Risk
AP2024_4792,Sai Gupta,23A91A4413,sai.gupta795@apedu.ac.in,2nd Year,CSE (Data Science),C,4,80.8,64,58,68,63,64,57,90,57,57,18,72,56,80,Medium Risk
AP2024_4793,Manoj Murthy,24A91A4414,manoj.murthy796@apedu.ac.in,1st Year,CSE (Data Science),B,1,71.3,90,67,83,65,71,63,75,79,77,10,68,81,71,Medium Risk
AP2024_4794,Mahesh Kumar,23A91A4415,mahesh.kumar797@apedu.ac.in,2nd Year,CSE (Data Science),C,3,62.4,59,56,40,37,65,63,63,47,47,18,67,56,63,Medium Risk
AP2024_4795,Naresh Babu,21A91A0416,naresh.babu798@apedu.ac.in,4th Year,ECE,D,7,58.4,49,37,57,44,48,62,67,54,38,15,62,55,62,Medium Risk
AP2024_4796,Lavanya Reddy,23A91A0417,lavanya.reddy799@apedu.ac.in,2nd Year,ECE,D,4,64.6,84,74,65,69,70,65,71,70,64,15,59,83,64,Medium Risk
AP2024_4797,Sireesha Varma,22A91A0318,sireesha.varma800@apedu.ac.in,3rd Year,Mechanical Engineering,C,5,67.1,49,42,45,44,58,53,58,62,40,14,64,63,63,Medium Risk
AP2024_4798,Pranavi Somayajulu,21A91A4219,pranavi.somayajulu801@apedu.ac.in,4th Year,CSE (AI & ML),D,8,75.1,45,59,56,51,66,63,74,64,49,20,75,63,74,Medium Risk
AP2024_4799,Srikanth Raju,24A91A0120,srikanth.raju802@apedu.ac.in,1st Year,Civil Engineering,C,1,95.3,51,49,40,45,48,74,67,60,46,20,68,53,78,Medium Risk
AP2024_4800,Sandhya Joshi,23A91A0321,sandhya.joshi803@apedu.ac.in,2nd Year,Mechanical Engineering,D,3,99.5,77,71,85,64,87,92,91,86,69,22,98,92,96,Low Risk
AP2024_4801,Ravi Verma,22A91A0122,ravi.verma804@apedu.ac.in,3rd Year,Civil Engineering,D,6,43.7,50,67,68,65,40,57,50,53,56,12,45,58,45,High Risk
AP2024_4802,Rohit Sharma,23A91A0123,rohit.sharma805@apedu.ac.in,2nd Year,Civil Engineering,A,3,89.4,69,52,55,53,47,64,82,55,44,19,85,55,85,Medium Risk
AP2024_4803,Manasa Prasad,21A91A0224,manasa.prasad806@apedu.ac.in,4th Year,EEE,A,8,80.3,52,49,64,68,60,62,66,67,61,18,65,64,71,Medium Risk
AP2024_4804,Divya Kumar,22A91A4425,divya.kumar807@apedu.ac.in,3rd Year,CSE (Data Science),B,6,84.9,57,64,63,48,52,65,72,70,54,16,73,73,77,Medium Risk
AP2024_4805,Ananya Raju,23A91A4426,ananya.raju808@apedu.ac.in,2nd Year,CSE (Data Science),B,4,85.4,95,80,99,90,80,98,84,79,75,25,93,90,87,Low Risk
AP2024_4806,Deepika Bhatt,23A91A0127,deepika.bhatt809@apedu.ac.in,2nd Year,Civil Engineering,D,3,67.9,75,70,82,70,74,71,73,81,67,18,74,79,71,Medium Risk
AP2024_4807,Tarun Naidu,21A91A4428,tarun.naidu810@apedu.ac.in,4th Year,CSE (Data Science),B,8,77.7,64,65,53,51,79,71,78,69,54,19,77,69,77,Low Risk
AP2024_4808,Keerthi Prasad,23A91A0429,keerthi.prasad811@apedu.ac.in,2nd Year,ECE,C,3,84.8,55,69,92,60,70,63,71,74,60,19,75,80,77,Low Risk
AP2024_4809,Yamini Sastry,21A91A1230,yamini.sastry812@apedu.ac.in,4th Year,Information Technology,D,8,79.1,83,60,78,58,60,72,70,67,54,19,76,78,75,Medium Risk
AP2024_4810,Gayatri Goud,22A91A0531,gayatri.goud813@apedu.ac.in,3rd Year,CSE,C,6,53.4,60,66,84,77,76,58,63,61,68,14,51,79,55,High Risk
AP2024_4811,Suresh Verma,22A91A0532,suresh.verma814@apedu.ac.in,3rd Year,CSE,C,5,70.3,78,60,70,72,78,77,79,69,57,15,71,78,73,Medium Risk
AP2024_4812,Ramesh Verma,24A91A0433,ramesh.verma815@apedu.ac.in,1st Year,ECE,B,2,52.6,77,50,72,98,66,87,54,61,64,14,55,78,53,High Risk
AP2024_4813,Ramesh Naidu,23A91A0134,ramesh.naidu816@apedu.ac.in,2nd Year,Civil Engineering,A,3,71.2,76,50,58,44,61,66,68,71,54,16,74,78,71,Medium Risk
AP2024_4814,Venkata Reddy,24A91A0235,venkata.reddy817@apedu.ac.in,1st Year,EEE,A,2,56.5,50,48,72,65,56,59,47,58,48,13,46,63,50,High Risk
AP2024_4815,Mahesh Prasad,23A91A0236,mahesh.prasad818@apedu.ac.in,2nd Year,EEE,B,3,85.9,83,91,89,70,80,71,94,72,80,21,93,78,90,Low Risk
AP2024_4816,Karthik Gupta,24A91A0237,karthik.gupta819@apedu.ac.in,1st Year,EEE,A,1,53.5,64,82,56,70,65,66,63,76,72,14,56,80,57,High Risk
AP2024_4817,Venkata Sharma,21A91A4438,venkata.sharma820@apedu.ac.in,4th Year,CSE (Data Science),D,8,62.7,70,57,59,52,78,65,74,73,64,17,54,67,63,Medium Risk
AP2024_4818,Divya Rao,21A91A0139,divya.rao821@apedu.ac.in,4th Year,Civil Engineering,C,8,64.3,50,37,60,56,47,56,69,48,56,16,68,55,66,High Risk
AP2024_4819,Sneha Kulkarni,23A91A0540,sneha.kulkarni822@apedu.ac.in,2nd Year,CSE,C,4,86.2,67,67,65,64,68,74,77,78,56,22,84,65,82,Medium Risk
AP2024_4820,Gayatri Somayajulu,23A91A4441,gayatri.somayajulu823@apedu.ac.in,2nd Year,CSE (Data Science),B,3,78.4,73,72,73,62,50,71,66,77,59,16,66,84,70,Low Risk
AP2024_4821,Charan Verma,24A91A0142,charan.verma824@apedu.ac.in,1st Year,Civil Engineering,D,2,48.1,57,29,50,37,46,41,52,47,41,11,47,49,48,High Risk
AP2024_4822,Ramesh Chowdary,22A91A4443,ramesh.chowdary825@apedu.ac.in,3rd Year,CSE (Data Science),A,6,73.4,75,80,73,75,91,81,74,77,75,25,84,77,76,Low Risk
AP2024_4823,Srikanth Prasad,23A91A4244,srikanth.prasad826@apedu.ac.in,2nd Year,CSE (AI & ML),D,3,90.1,59,60,57,46,70,72,81,63,52,26,79,64,84,Medium Risk
AP2024_4824,Srikanth Verma,24A91A0145,srikanth.verma827@apedu.ac.in,1st Year,Civil Engineering,D,2,90.6,91,61,74,65,52,73,78,66,58,20,83,78,84,Low Risk
AP2024_4825,Harika Mishra,21A91A1246,harika.mishra828@apedu.ac.in,4th Year,Information Technology,B,8,76.7,69,79,75,80,66,73,77,74,72,17,76,80,76,Medium Risk
AP2024_4826,Tejaswi Reddy,22A91A0247,tejaswi.reddy829@apedu.ac.in,3rd Year,EEE,D,5,80.8,91,80,84,68,79,84,73,81,83,17,67,97,74,Low Risk
AP2024_4827,Kavya Chowdary,23A91A0448,kavya.chowdary830@apedu.ac.in,2nd Year,ECE,A,4,75.5,60,63,79,70,72,71,68,71,59,20,72,82,72,Low Risk
AP2024_4828,Bhavya Sastry,22A91A4249,bhavya.sastry831@apedu.ac.in,3rd Year,CSE (AI & ML),A,6,71.8,76,54,61,53,64,74,64,65,68,17,85,73,73,Medium Risk
AP2024_4829,Ananya Sastry,21A91A0450,ananya.sastry832@apedu.ac.in,4th Year,ECE,B,8,67.2,61,44,56,60,65,71,67,60,60,18,62,69,65,Medium Risk
AP2024_4830,Pooja Sastry,22A91A0451,pooja.sastry833@apedu.ac.in,3rd Year,ECE,D,5,74.1,85,44,58,57,52,60,74,67,52,14,68,69,72,Medium Risk
AP2024_4831,Rahul Bhatt,23A91A4452,rahul.bhatt834@apedu.ac.in,2nd Year,CSE (Data Science),C,3,50.2,72,59,66,67,64,70,63,61,64,13,60,73,56,High Risk
AP2024_4832,Gayatri Bhatt,24A91A1253,gayatri.bhatt835@apedu.ac.in,1st Year,Information Technology,B,1,73.1,52,56,54,42,59,44,62,62,44,17,61,59,66,Medium Risk
AP2024_4833,Manoj Babu,24A91A0254,manoj.babu836@apedu.ac.in,1st Year,EEE,B,1,58.0,74,90,82,87,71,68,57,74,69,11,46,86,54,Medium Risk
AP2024_4834,Tejaswi Gupta,22A91A0255,tejaswi.gupta837@apedu.ac.in,3rd Year,EEE,A,6,85.2,60,79,76,77,77,71,88,72,61,19,72,85,82,Low Risk
AP2024_4835,Varun Sastry,21A91A1256,varun.sastry838@apedu.ac.in,4th Year,Information Technology,D,7,61.2,49,58,53,44,44,48,54,56,46,15,60,56,58,Medium Risk
AP2024_4836,Divya Verma,22A91A0557,divya.verma839@apedu.ac.in,3rd Year,CSE,D,5,80.7,68,54,55,63,64,55,82,62,50,18,76,68,79,Medium Risk
AP2024_4837,Deepika Patel,24A91A1258,deepika.patel840@apedu.ac.in,1st Year,Information Technology,A,1,81.0,55,55,64,50,61,69,60,57,56,14,62,55,68,Medium Risk
AP2024_4838,Yamini Kumar,24A91A0459,yamini.kumar841@apedu.ac.in,1st Year,ECE,B,2,81.6,76,70,89,77,61,70,77,77,73,20,78,79,79,Low Risk
AP2024_4839,Chaitanya Bhatt,22A91A0260,chaitanya.bhatt842@apedu.ac.in,3rd Year,EEE,C,5,84.5,57,56,38,36,54,52,74,57,40,13,70,63,77,Medium Risk
AP2024_4840,Manasa Sharma,22A91A4261,manasa.sharma843@apedu.ac.in,3rd Year,CSE (AI & ML),C,5,91.6,65,65,61,54,59,76,84,73,50,20,72,74,83,Low Risk
AP2024_4841,Sandhya Reddy,22A91A4262,sandhya.reddy844@apedu.ac.in,3rd Year,CSE (AI & ML),A,6,62.2,75,91,72,60,74,66,57,71,61,14,60,68,59,Medium Risk
AP2024_4842,Sireesha Babu,22A91A0163,sireesha.babu845@apedu.ac.in,3rd Year,Civil Engineering,C,6,69.0,47,51,65,68,54,47,70,59,58,15,75,66,71,Medium Risk
AP2024_4843,Nikhil Chary,24A91A0564,nikhil.chary846@apedu.ac.in,1st Year,CSE,D,2,54.6,60,32,37,29,54,49,59,62,35,16,53,59,55,High Risk
AP2024_4844,Sravani Reddy,24A91A0565,sravani.reddy847@apedu.ac.in,1st Year,CSE,B,2,40.2,78,70,62,50,67,58,48,63,47,11,43,74,43,High Risk
AP2024_4845,Sai Somayajulu,22A91A0266,sai.somayajulu848@apedu.ac.in,3rd Year,EEE,A,6,75.8,57,68,44,29,53,54,84,55,52,17,73,64,77,Medium Risk
AP2024_4846,Chaitanya Raju,24A91A4467,chaitanya.raju849@apedu.ac.in,1st Year,CSE (Data Science),B,1,73.0,61,49,65,55,58,60,67,75,57,15,70,67,70,Medium Risk
AP2024_4847,Rahul Joshi,24A91A0168,rahul.joshi850@apedu.ac.in,1st Year,Civil Engineering,D,1,85.9,89,64,77,62,62,71,83,74,62,17,78,72,82,Low Risk
AP2024_4848,Sneha Rao,23A91A0169,sneha.rao851@apedu.ac.in,2nd Year,Civil Engineering,C,4,62.4,40,36,34,47,37,65,64,54,31,21,67,60,64,High Risk
AP2024_4849,Venkata Kulkarni,21A91A4470,venkata.kulkarni852@apedu.ac.in,4th Year,CSE (Data Science),D,7,72.6,63,75,78,85,73,76,70,62,73,19,69,75,70,Medium Risk
AP2024_4850,Sireesha Goud,22A91A0171,sireesha.goud853@apedu.ac.in,3rd Year,Civil Engineering,C,5,63.4,46,40,49,53,41,54,50,61,31,16,54,45,56,High Risk
AP2024_4851,Ganesh Somayajulu,23A91A0472,ganesh.somayajulu854@apedu.ac.in,2nd Year,ECE,C,3,54.7,68,44,67,62,62,63,59,56,50,14,60,72,57,High Risk
AP2024_4852,Deepika Varma,23A91A0473,deepika.varma855@apedu.ac.in,2nd Year,ECE,D,3,59.2,66,51,43,45,60,55,60,68,51,17,55,59,58,Medium Risk
AP2024_4853,Pavan Raju,24A91A0174,pavan.raju856@apedu.ac.in,1st Year,Civil Engineering,D,1,61.5,71,54,56,55,56,63,75,67,60,15,66,63,66,Medium Risk
AP2024_4854,Karthik Mishra,21A91A4475,karthik.mishra857@apedu.ac.in,4th Year,CSE (Data Science),A,7,46.3,45,52,46,44,59,62,49,55,40,14,54,64,49,High Risk
AP2024_4855,Suresh Chary,24A91A0476,suresh.chary858@apedu.ac.in,1st Year,ECE,A,2,74.1,61,79,75,60,73,72,70,73,67,17,72,78,72,Medium Risk
AP2024_4856,Rahul Sharma,23A91A0177,rahul.sharma859@apedu.ac.in,2nd Year,Civil Engineering,A,4,83.3,63,54,71,61,59,56,86,57,57,16,69,63,79,Medium Risk
AP2024_4857,Harika Patel,22A91A0578,harika.patel860@apedu.ac.in,3rd Year,CSE,C,6,60.9,42,37,62,58,57,55,48,61,51,9,58,43,56,Medium Risk
AP2024_4858,Sneha Prasad,23A91A4279,sneha.prasad861@apedu.ac.in,2nd Year,CSE (AI & ML),A,3,80.0,99,98,88,91,94,98,86,96,91,21,78,98,81,Low Risk
AP2024_4859,Ramesh Yadav,21A91A0280,ramesh.yadav862@apedu.ac.in,4th Year,EEE,D,7,66.6,52,53,55,53,51,65,61,54,49,16,60,54,62,High Risk
AP2024_4860,Sneha Varma,24A91A0481,sneha.varma863@apedu.ac.in,1st Year,ECE,D,2,80.8,65,69,62,69,60,65,70,75,57,16,69,77,74,Medium Risk
AP2024_4861,Sai Sastry,21A91A0382,sai.sastry864@apedu.ac.in,4th Year,Mechanical Engineering,C,8,68.3,71,56,39,52,48,57,70,42,49,15,59,53,66,Medium Risk
AP2024_4862,Tejaswi Sastry,24A91A0483,tejaswi.sastry865@apedu.ac.in,1st Year,ECE,A,1,84.3,60,59,60,68,72,61,89,63,50,23,83,63,85,Medium Risk
AP2024_4863,Lavanya Naidu,22A91A4284,lavanya.naidu866@apedu.ac.in,3rd Year,CSE (AI & ML),C,6,80.7,55,46,48,40,42,56,74,59,40,17,79,51,78,Medium Risk
AP2024_4864,Nikhil Bhatt,22A91A1285,nikhil.bhatt867@apedu.ac.in,3rd Year,Information Technology,D,6,68.0,68,75,58,70,69,74,56,73,64,14,44,74,57,Medium Risk
AP2024_4865,Deepika Varma,21A91A0486,deepika.varma868@apedu.ac.in,4th Year,ECE,C,7,85.1,53,48,69,80,62,69,84,73,60,23,81,67,83,Low Risk
AP2024_4866,Naresh Prasad,24A91A0487,naresh.prasad869@apedu.ac.in,1st Year,ECE,A,2,67.5,38,46,43,55,72,43,69,57,51,16,67,49,67,Medium Risk
AP2024_4867,Divya Prasad,24A91A0588,divya.prasad870@apedu.ac.in,1st Year,CSE,B,2,54.4,33,36,35,30,39,49,49,53,34,12,52,49,52,High Risk
AP2024_4868,Srikanth Sastry,21A91A0489,srikanth.sastry871@apedu.ac.in,4th Year,ECE,D,7,89.8,58,43,60,57,57,46,75,59,49,14,76,60,81,Medium Risk
AP2024_4869,Akhil Prasad,24A91A0590,akhil.prasad872@apedu.ac.in,1st Year,CSE,D,2,62.8,55,57,75,75,53,77,70,67,66,14,52,66,61,Medium Risk
AP2024_4870,Nikhil Rao,21A91A0401,nikhil.rao873@apedu.ac.in,4th Year,ECE,D,8,63.1,75,86,88,80,83,68,77,70,70,18,60,77,66,Medium Risk
AP2024_4871,Sai Kumar,24A91A4202,sai.kumar874@apedu.ac.in,1st Year,CSE (AI & ML),D,1,85.1,74,82,90,67,66,98,86,85,78,21,75,71,82,Low Risk
AP2024_4872,Varun Reddy,24A91A0403,varun.reddy875@apedu.ac.in,1st Year,ECE,A,1,99.5,73,44,76,76,52,72,89,79,60,21,98,78,95,Low Risk
AP2024_4873,Swathi Chowdary,23A91A0404,swathi.chowdary876@apedu.ac.in,2nd Year,ECE,A,3,62.8,43,71,45,41,51,59,59,53,43,14,76,63,65,Medium Risk
AP2024_4874,Rohit Kumar,23A91A0205,rohit.kumar877@apedu.ac.in,2nd Year,EEE,C,3,75.0,65,61,48,46,70,54,71,52,54,12,69,65,71,Medium Risk
AP2024_4875,Sneha Somayajulu,23A91A0306,sneha.somayajulu878@apedu.ac.in,2nd Year,Mechanical Engineering,D,4,82.3,72,71,89,82,70,63,84,70,68,19,60,83,76,Low Risk
AP2024_4876,Ramesh Kumar,23A91A4407,ramesh.kumar879@apedu.ac.in,2nd Year,CSE (Data Science),D,3,87.4,96,88,90,92,74,87,91,88,86,21,88,88,88,Low Risk
AP2024_4877,Karthik Rao,21A91A4408,karthik.rao880@apedu.ac.in,4th Year,CSE (Data Science),D,7,90.4,44,54,42,35,61,49,91,75,39,20,97,62,92,Medium Risk
AP2024_4878,Keerthi Sastry,22A91A0209,keerthi.sastry881@apedu.ac.in,3rd Year,EEE,C,6,50.5,66,67,61,59,51,38,56,61,50,13,55,75,53,High Risk
AP2024_4879,Swathi Varma,24A91A0210,swathi.varma882@apedu.ac.in,1st Year,EEE,C,2,51.4,73,92,87,91,74,78,60,66,82,20,60,82,56,High Risk
AP2024_4880,Tejaswi Patel,23A91A4211,tejaswi.patel883@apedu.ac.in,2nd Year,CSE (AI & ML),A,3,84.3,58,70,66,67,76,66,72,75,62,20,74,63,77,Low Risk
AP2024_4881,Yamini Chowdary,21A91A0312,yamini.chowdary884@apedu.ac.in,4th Year,Mechanical Engineering,B,8,85.3,87,86,76,72,84,79,71,65,78,17,70,85,76,Low Risk
AP2024_4882,Tejaswi Gupta,22A91A0113,tejaswi.gupta885@apedu.ac.in,3rd Year,Civil Engineering,B,6,81.6,88,79,68,66,72,80,82,71,70,17,89,81,83,Low Risk
AP2024_4883,Sneha Chary,22A91A4214,sneha.chary886@apedu.ac.in,3rd Year,CSE (AI & ML),D,5,67.1,69,50,51,45,57,52,61,56,59,12,58,57,62,Medium Risk
AP2024_4884,Gayatri Sastry,24A91A0115,gayatri.sastry887@apedu.ac.in,1st Year,Civil Engineering,D,2,42.7,69,82,73,72,81,70,56,75,71,16,60,79,51,High Risk
AP2024_4885,Sai Verma,21A91A0116,sai.verma888@apedu.ac.in,4th Year,Civil Engineering,B,7,68.7,51,50,41,36,56,58,74,62,48,17,46,53,63,Medium Risk
AP2024_4886,Pavan Joshi,21A91A1217,pavan.joshi889@apedu.ac.in,4th Year,Information Technology,A,7,78.1,53,65,68,51,63,60,74,64,46,18,81,57,77,Medium Risk
AP2024_4887,Tejaswi Babu,23A91A0118,tejaswi.babu890@apedu.ac.in,2nd Year,Civil Engineering,A,4,80.3,51,64,68,42,43,63,87,86,39,20,79,77,81,Medium Risk
AP2024_4888,Divya Sharma,22A91A0319,divya.sharma891@apedu.ac.in,3rd Year,Mechanical Engineering,C,5,95.4,65,81,63,47,56,64,100,65,65,22,80,61,92,Low Risk
AP2024_4889,Venkata Naidu,22A91A0520,venkata.naidu892@apedu.ac.in,3rd Year,CSE,A,5,68.2,61,62,55,50,72,58,63,56,53,13,51,61,61,Medium Risk
AP2024_4890,Lavanya Verma,24A91A1221,lavanya.verma893@apedu.ac.in,1st Year,Information Technology,A,2,65.8,73,60,46,36,50,60,62,59,56,13,69,64,65,Medium Risk
AP2024_4891,Sireesha Murthy,24A91A1222,sireesha.murthy894@apedu.ac.in,1st Year,Information Technology,A,2,63.9,48,55,71,54,65,69,58,69,55,18,65,67,62,Medium Risk
AP2024_4892,Srikanth Varma,23A91A0223,srikanth.varma895@apedu.ac.in,2nd Year,EEE,A,4,74.5,69,55,75,70,68,79,70,63,58,15,72,74,72,Low Risk
AP2024_4893,Manoj Verma,22A91A1224,manoj.verma896@apedu.ac.in,3rd Year,Information Technology,C,6,62.3,72,70,63,57,48,47,58,63,55,15,56,64,59,Medium Risk
AP2024_4894,Ananya Somayajulu,21A91A0325,ananya.somayajulu897@apedu.ac.in,4th Year,Mechanical Engineering,B,8,65.3,60,55,38,40,54,45,58,52,53,14,58,56,60,Medium Risk
AP2024_4895,Harika Kulkarni,22A91A0526,harika.kulkarni898@apedu.ac.in,3rd Year,CSE,C,6,87.6,48,48,55,43,60,70,83,65,53,23,78,61,83,Medium Risk
AP2024_4896,Mahesh Chowdary,24A91A0127,mahesh.chowdary899@apedu.ac.in,1st Year,Civil Engineering,C,2,72.4,99,92,98,91,85,84,65,76,87,17,65,91,67,Low Risk
AP2024_4897,Tarun Bhatt,23A91A0328,tarun.bhatt900@apedu.ac.in,2nd Year,Mechanical Engineering,D,4,58.6,93,66,65,74,70,64,54,72,65,12,54,84,55,Medium Risk
AP2024_4898,Suresh Joshi,23A91A0329,suresh.joshi901@apedu.ac.in,2nd Year,Mechanical Engineering,D,3,86.9,81,84,94,66,68,77,83,80,68,19,77,81,82,Low Risk
AP2024_4899,Kavya Yadav,21A91A0530,kavya.yadav902@apedu.ac.in,4th Year,CSE,C,8,80.7,78,62,77,65,69,64,92,60,57,23,89,66,86,Medium Risk
AP2024_4900,Mahesh Rao,23A91A1231,mahesh.rao903@apedu.ac.in,2nd Year,Information Technology,D,3,65.7,66,76,79,76,63,69,66,58,60,16,54,71,62,Medium Risk
AP2024_4901,Rahul Joshi,22A91A0532,rahul.joshi904@apedu.ac.in,3rd Year,CSE,A,5,85.9,54,47,53,37,71,74,84,58,39,21,76,61,82,Medium Risk
AP2024_4902,Naresh Goud,23A91A0333,naresh.goud905@apedu.ac.in,2nd Year,Mechanical Engineering,D,3,47.7,74,67,53,52,66,36,39,51,67,11,42,55,43,High Risk
AP2024_4903,Ravi Verma,23A91A4434,ravi.verma906@apedu.ac.in,2nd Year,CSE (Data Science),D,3,75.8,84,78,88,68,69,63,83,71,60,18,88,77,81,Low Risk
AP2024_4904,Manoj Kulkarni,23A91A0135,manoj.kulkarni907@apedu.ac.in,2nd Year,Civil Engineering,C,3,65.7,61,47,43,48,61,54,63,53,56,18,53,50,61,Medium Risk
AP2024_4905,Kavya Rao,23A91A0336,kavya.rao908@apedu.ac.in,2nd Year,Mechanical Engineering,B,3,79.7,62,68,52,52,52,64,76,66,52,18,74,70,76,Medium Risk
AP2024_4906,Sneha Prasad,21A91A4437,sneha.prasad909@apedu.ac.in,4th Year,CSE (Data Science),C,8,67.9,63,78,66,52,70,59,73,68,55,17,65,65,68,Medium Risk
AP2024_4907,Sneha Babu,21A91A4438,sneha.babu910@apedu.ac.in,4th Year,CSE (Data Science),B,7,86.9,63,55,66,44,55,74,82,65,44,19,81,72,83,Medium Risk
AP2024_4908,Chaitanya Patel,23A91A4439,chaitanya.patel911@apedu.ac.in,2nd Year,CSE (Data Science),B,3,84.2,76,80,93,74,81,86,67,69,68,22,78,83,77,Low Risk
AP2024_4909,Aditya Reddy,24A91A0540,aditya.reddy912@apedu.ac.in,1st Year,CSE,A,2,73.1,73,62,84,63,58,77,83,77,59,17,84,79,79,Low Risk
AP2024_4910,Ganesh Chary,23A91A4441,ganesh.chary913@apedu.ac.in,2nd Year,CSE (Data Science),C,3,69.0,45,44,42,25,38,35,63,54,33,18,63,47,65,High Risk
AP2024_4911,Tejaswi Varma,23A91A1242,tejaswi.varma914@apedu.ac.in,2nd Year,Information Technology,A,4,75.1,91,84,88,94,86,71,67,78,85,16,70,88,71,Low Risk
AP2024_4912,Ramesh Bhatt,23A91A1243,ramesh.bhatt915@apedu.ac.in,2nd Year,Information Technology,C,3,76.4,63,68,70,74,84,66,71,66,65,16,75,82,74,Low Risk
AP2024_4913,Sireesha Naidu,22A91A0344,sireesha.naidu916@apedu.ac.in,3rd Year,Mechanical Engineering,B,6,79.4,59,47,58,57,66,62,73,69,54,19,82,64,78,Medium Risk
AP2024_4914,Manasa Rao,21A91A0145,manasa.rao917@apedu.ac.in,4th Year,Civil Engineering,A,8,46.3,42,45,47,44,42,36,43,44,49,12,49,59,46,High Risk
AP2024_4915,Bhavya Joshi,23A91A0546,bhavya.joshi918@apedu.ac.in,2nd Year,CSE,A,3,93.5,85,58,57,80,76,66,84,78,70,18,98,81,92,Low Risk
AP2024_4916,Tarun Gupta,23A91A4447,tarun.gupta919@apedu.ac.in,2nd Year,CSE (Data Science),B,3,60.4,69,81,52,45,55,63,51,68,50,14,61,59,57,Medium Risk
AP2024_4917,Ganesh Yadav,23A91A1248,ganesh.yadav920@apedu.ac.in,2nd Year,Information Technology,D,3,94.0,48,67,71,62,63,78,87,81,60,23,92,83,91,Low Risk
AP2024_4918,Mahesh Babu,23A91A4249,mahesh.babu921@apedu.ac.in,2nd Year,CSE (AI & ML),D,3,72.9,74,81,78,71,76,85,74,72,67,16,73,81,73,Medium Risk
AP2024_4919,Sandhya Somayajulu,24A91A0150,sandhya.somayajulu922@apedu.ac.in,1st Year,Civil Engineering,C,2,82.7,37,45,66,46,53,67,75,56,48,19,71,57,76,Medium Risk
AP2024_4920,Sravani Reddy,21A91A0451,sravani.reddy923@apedu.ac.in,4th Year,ECE,C,7,54.8,63,54,56,49,54,56,58,71,56,15,54,64,55,High Risk
AP2024_4921,Ananya Verma,21A91A0352,ananya.verma924@apedu.ac.in,4th Year,Mechanical Engineering,C,7,55.8,42,41,30,26,54,35,54,56,28,15,68,52,58,High Risk
AP2024_4922,Sneha Chary,22A91A0253,sneha.chary925@apedu.ac.in,3rd Year,EEE,A,5,69.3,63,56,70,58,53,88,68,76,50,18,67,79,68,Medium Risk
AP2024_4923,Karthik Yadav,21A91A0554,karthik.yadav926@apedu.ac.in,4th Year,CSE,B,8,77.2,74,53,62,57,66,67,75,80,61,15,70,79,74,Low Risk
AP2024_4924,Ravi Raju,24A91A1255,ravi.raju927@apedu.ac.in,1st Year,Information Technology,C,2,76.8,63,62,70,76,61,89,82,62,68,19,73,70,77,Low Risk
AP2024_4925,Sandhya Goud,21A91A0156,sandhya.goud928@apedu.ac.in,4th Year,Civil Engineering,B,8,59.1,58,77,89,79,73,87,64,67,69,16,56,85,59,Medium Risk
AP2024_4926,Srikanth Bhatt,24A91A4457,srikanth.bhatt929@apedu.ac.in,1st Year,CSE (Data Science),A,2,57.4,62,44,61,40,40,54,65,54,31,17,55,56,58,High Risk
AP2024_4927,Karthik Verma,21A91A0358,karthik.verma930@apedu.ac.in,4th Year,Mechanical Engineering,D,7,73.9,39,40,47,41,44,50,75,52,45,20,79,50,75,High Risk
AP2024_4928,Kavya Murthy,24A91A1259,kavya.murthy931@apedu.ac.in,1st Year,Information Technology,C,2,62.3,56,60,65,51,64,65,66,63,54,17,57,57,61,Medium Risk
AP2024_4929,Sireesha Chary,21A91A4260,sireesha.chary932@apedu.ac.in,4th Year,CSE (AI & ML),B,7,69.3,78,63,52,50,66,76,79,70,57,17,76,65,74,Medium Risk
AP2024_4930,Swathi Somayajulu,21A91A4261,swathi.somayajulu933@apedu.ac.in,4th Year,CSE (AI & ML),C,8,78.4,44,63,37,35,61,62,81,63,51,17,88,68,82,Medium Risk
AP2024_4931,Ramesh Somayajulu,21A91A0362,ramesh.somayajulu934@apedu.ac.in,4th Year,Mechanical Engineering,C,7,74.7,65,78,85,92,81,72,68,68,84,17,70,73,71,Low Risk
AP2024_4932,Sai Gupta,23A91A0163,sai.gupta935@apedu.ac.in,2nd Year,Civil Engineering,D,3,73.8,77,65,71,78,75,51,71,79,59,18,63,72,69,Medium Risk
AP2024_4933,Tejaswi Sharma,23A91A0464,tejaswi.sharma936@apedu.ac.in,2nd Year,ECE,C,3,57.2,54,42,67,65,61,40,44,63,60,10,48,52,50,High Risk
AP2024_4934,Manasa Chowdary,23A91A4465,manasa.chowdary937@apedu.ac.in,2nd Year,CSE (Data Science),A,3,74.3,61,65,79,63,72,78,74,64,63,23,75,67,74,Low Risk
AP2024_4935,Harika Patel,22A91A0466,harika.patel938@apedu.ac.in,3rd Year,ECE,C,6,53.9,54,78,57,64,71,51,55,61,55,10,42,62,50,High Risk
AP2024_4936,Venkata Reddy,24A91A1267,venkata.reddy939@apedu.ac.in,1st Year,Information Technology,D,1,67.3,53,43,36,23,58,69,54,56,39,19,57,61,60,Medium Risk
AP2024_4937,Sneha Varma,23A91A1268,sneha.varma940@apedu.ac.in,2nd Year,Information Technology,C,4,68.9,96,82,100,83,67,78,51,81,75,13,50,82,57,Medium Risk
AP2024_4938,Aditya Yadav,23A91A0169,aditya.yadav941@apedu.ac.in,2nd Year,Civil Engineering,D,4,71.7,51,35,56,44,61,61,70,54,41,17,74,52,71,Medium Risk
AP2024_4939,Sandhya Somayajulu,21A91A4470,sandhya.somayajulu942@apedu.ac.in,4th Year,CSE (Data Science),B,7,99.5,51,45,51,62,50,55,91,58,53,25,95,53,95,Medium Risk
AP2024_4940,Manoj Babu,21A91A0371,manoj.babu943@apedu.ac.in,4th Year,Mechanical Engineering,C,7,75.8,67,79,77,69,80,74,69,79,59,23,71,84,72,Low Risk
AP2024_4941,Pooja Prasad,24A91A4272,pooja.prasad944@apedu.ac.in,1st Year,CSE (AI & ML),B,2,74.1,84,66,74,57,76,85,72,78,80,17,80,74,75,Low Risk
AP2024_4942,Kavya Bhatt,22A91A0273,kavya.bhatt945@apedu.ac.in,3rd Year,EEE,D,6,74.1,55,65,76,70,65,62,68,62,59,19,54,65,66,Medium Risk
AP2024_4943,Naresh Chary,22A91A0574,naresh.chary946@apedu.ac.in,3rd Year,CSE,C,6,61.3,84,67,67,61,77,58,65,65,65,17,69,65,64,Medium Risk
AP2024_4944,Sandhya Murthy,21A91A0175,sandhya.murthy947@apedu.ac.in,4th Year,Civil Engineering,B,8,92.3,75,73,85,69,70,63,77,71,67,18,83,69,84,Low Risk
AP2024_4945,Chaitanya Verma,24A91A4476,chaitanya.verma948@apedu.ac.in,1st Year,CSE (Data Science),B,2,77.7,82,81,93,75,69,61,70,80,77,22,63,75,70,Low Risk
AP2024_4946,Tarun Chowdary,24A91A4477,tarun.chowdary949@apedu.ac.in,1st Year,CSE (Data Science),D,1,85.8,58,33,43,45,49,57,81,70,48,20,91,57,85,Medium Risk
AP2024_4947,Rahul Prasad,21A91A0578,rahul.prasad950@apedu.ac.in,4th Year,CSE,A,7,86.3,70,70,58,59,78,70,90,84,62,20,76,86,84,Low Risk
AP2024_4948,Deepika Patel,22A91A1279,deepika.patel951@apedu.ac.in,3rd Year,Information Technology,D,6,99.5,71,66,79,66,67,65,100,73,65,28,98,74,99,Low Risk
AP2024_4949,Varun Patel,21A91A0380,varun.patel952@apedu.ac.in,4th Year,Mechanical Engineering,C,8,70.9,63,82,76,50,67,62,63,62,56,17,59,60,64,Medium Risk
AP2024_4950,Keerthi Sastry,22A91A4481,keerthi.sastry953@apedu.ac.in,3rd Year,CSE (Data Science),C,5,76.2,83,88,73,65,71,94,80,72,64,17,67,84,74,Low Risk
AP2024_4951,Sravani Murthy,22A91A0582,sravani.murthy954@apedu.ac.in,3rd Year,CSE,A,5,87.4,54,53,56,40,71,74,83,77,55,21,80,63,83,Medium Risk
AP2024_4952,Manasa Mishra,21A91A0183,manasa.mishra955@apedu.ac.in,4th Year,Civil Engineering,B,8,67.3,83,66,69,58,77,72,68,75,60,17,77,67,70,Medium Risk
AP2024_4953,Tejaswi Kulkarni,24A91A4284,tejaswi.kulkarni956@apedu.ac.in,1st Year,CSE (AI & ML),D,2,51.1,41,35,59,49,56,62,53,62,43,13,52,68,51,High Risk
AP2024_4954,Manasa Kumar,22A91A4285,manasa.kumar957@apedu.ac.in,3rd Year,CSE (AI & ML),B,6,64.0,57,52,54,26,54,52,67,51,50,16,71,62,66,Medium Risk
AP2024_4955,Aditya Raju,22A91A4286,aditya.raju958@apedu.ac.in,3rd Year,CSE (AI & ML),D,6,90.4,72,56,91,75,60,79,87,59,62,18,84,74,87,Low Risk
AP2024_4956,Tejaswi Reddy,23A91A0487,tejaswi.reddy959@apedu.ac.in,2nd Year,ECE,D,3,77.5,64,72,73,64,61,59,78,64,62,19,76,72,77,Medium Risk
AP2024_4957,Chaitanya Murthy,24A91A0388,chaitanya.murthy960@apedu.ac.in,1st Year,Mechanical Engineering,D,1,38.0,69,68,84,63,55,56,36,60,63,3,38,68,37,High Risk
AP2024_4958,Karthik Naidu,21A91A0489,karthik.naidu961@apedu.ac.in,4th Year,ECE,D,7,73.6,70,70,74,63,64,59,74,62,64,16,67,73,71,Medium Risk
AP2024_4959,Bhavya Rao,22A91A4490,bhavya.rao962@apedu.ac.in,3rd Year,CSE (Data Science),B,6,55.0,60,50,72,47,68,61,64,63,58,15,62,76,59,High Risk
AP2024_4960,Sandhya Yadav,21A91A4401,sandhya.yadav963@apedu.ac.in,4th Year,CSE (Data Science),A,7,67.5,47,48,65,63,50,60,61,54,52,19,56,54,62,Medium Risk
AP2024_4961,Charan Rao,23A91A0202,charan.rao964@apedu.ac.in,2nd Year,EEE,A,3,57.9,58,56,59,38,57,59,48,49,44,13,38,61,48,High Risk
AP2024_4962,Manoj Raju,24A91A4203,manoj.raju965@apedu.ac.in,1st Year,CSE (AI & ML),D,2,94.5,53,62,73,81,60,57,95,71,64,23,89,60,92,Low Risk
AP2024_4963,Ramesh Sastry,21A91A0204,ramesh.sastry966@apedu.ac.in,4th Year,EEE,C,7,72.8,64,53,56,31,59,53,75,65,50,16,73,47,73,Medium Risk
AP2024_4964,Rohit Joshi,22A91A0405,rohit.joshi967@apedu.ac.in,3rd Year,ECE,C,5,75.0,84,86,97,64,81,88,70,88,65,22,75,86,73,Low Risk
AP2024_4965,Manasa Chary,22A91A0206,manasa.chary968@apedu.ac.in,3rd Year,EEE,C,5,74.3,58,61,69,74,68,70,77,71,57,22,80,69,76,Medium Risk
AP2024_4966,Karthik Babu,23A91A0107,karthik.babu969@apedu.ac.in,2nd Year,Civil Engineering,D,4,58.3,65,57,56,55,57,35,50,60,60,14,61,57,56,Medium Risk
AP2024_4967,Pavan Mishra,24A91A1208,pavan.mishra970@apedu.ac.in,1st Year,Information Technology,B,2,75.5,75,55,58,55,54,60,61,69,65,15,72,62,70,Medium Risk
AP2024_4968,Naresh Raju,24A91A0509,naresh.raju971@apedu.ac.in,1st Year,CSE,B,2,61.6,77,58,60,48,69,52,73,68,45,15,54,69,62,Medium Risk
AP2024_4969,Ganesh Reddy,23A91A0210,ganesh.reddy972@apedu.ac.in,2nd Year,EEE,B,4,73.4,83,74,82,79,67,80,75,75,68,14,79,70,75,Low Risk
AP2024_4970,Karthik Verma,24A91A4411,karthik.verma973@apedu.ac.in,1st Year,CSE (Data Science),C,2,88.6,81,70,66,46,64,75,82,84,51,17,94,75,88,Low Risk
AP2024_4971,Akhil Raju,24A91A0412,akhil.raju974@apedu.ac.in,1st Year,ECE,C,2,74.0,91,78,83,81,68,90,80,77,71,17,66,86,73,Low Risk
AP2024_4972,Rohit Rao,23A91A1213,rohit.rao975@apedu.ac.in,2nd Year,Information Technology,D,3,79.2,79,59,88,81,72,90,75,79,68,19,64,86,73,Low Risk
AP2024_4973,Sravani Gupta,21A91A0314,sravani.gupta976@apedu.ac.in,4th Year,Mechanical Engineering,C,8,76.9,57,70,64,62,43,65,65,58,58,17,73,60,72,Medium Risk
AP2024_4974,Suresh Kulkarni,22A91A0115,suresh.kulkarni977@apedu.ac.in,3rd Year,Civil Engineering,C,5,52.7,71,63,54,47,49,54,45,57,44,16,64,66,53,High Risk
AP2024_4975,Akhil Goud,23A91A4416,akhil.goud978@apedu.ac.in,2nd Year,CSE (Data Science),C,3,76.0,43,57,47,41,47,61,78,50,42,17,66,52,73,Medium Risk
AP2024_4976,Akhil Prasad,22A91A0117,akhil.prasad979@apedu.ac.in,3rd Year,Civil Engineering,B,5,72.2,57,54,66,67,31,57,63,61,45,14,63,57,66,Medium Risk
AP2024_4977,Nikhil Yadav,23A91A0118,nikhil.yadav980@apedu.ac.in,2nd Year,Civil Engineering,A,3,69.6,88,65,77,67,79,71,68,83,73,20,71,73,69,Medium Risk
AP2024_4978,Srikanth Joshi,21A91A4419,srikanth.joshi981@apedu.ac.in,4th Year,CSE (Data Science),D,8,63.0,65,67,61,70,56,53,60,47,59,16,63,57,62,Medium Risk
AP2024_4979,Deepika Sastry,22A91A4220,deepika.sastry982@apedu.ac.in,3rd Year,CSE (AI & ML),D,5,46.2,70,66,64,62,56,65,50,67,58,11,33,56,43,High Risk
AP2024_4980,Bhavya Somayajulu,24A91A0121,bhavya.somayajulu983@apedu.ac.in,1st Year,Civil Engineering,B,2,97.7,64,50,50,37,48,64,89,69,56,22,79,65,89,Medium Risk
AP2024_4981,Swathi Sharma,24A91A4222,swathi.sharma984@apedu.ac.in,1st Year,CSE (AI & ML),A,2,65.7,72,66,46,48,62,59,65,68,60,17,68,67,66,Medium Risk
AP2024_4982,Mahesh Joshi,23A91A4423,mahesh.joshi985@apedu.ac.in,2nd Year,CSE (Data Science),D,4,67.2,39,54,57,60,32,62,68,63,46,13,55,56,63,Medium Risk
AP2024_4983,Srikanth Patel,22A91A0524,srikanth.patel986@apedu.ac.in,3rd Year,CSE,D,6,62.8,50,38,38,31,56,49,60,46,42,14,62,56,61,High Risk
AP2024_4984,Rohit Verma,23A91A4425,rohit.verma987@apedu.ac.in,2nd Year,CSE (Data Science),B,4,93.2,69,64,62,53,61,63,80,75,47,19,89,73,87,Low Risk
AP2024_4985,Sravani Chowdary,21A91A4426,sravani.chowdary988@apedu.ac.in,4th Year,CSE (Data Science),B,7,74.8,81,70,84,78,70,77,66,72,76,14,62,80,68,Low Risk
AP2024_4986,Pranavi Sastry,24A91A0127,pranavi.sastry989@apedu.ac.in,1st Year,Civil Engineering,C,1,41.6,96,83,60,50,76,72,48,71,66,9,37,73,42,High Risk
AP2024_4987,Varun Somayajulu,21A91A0228,varun.somayajulu990@apedu.ac.in,4th Year,EEE,D,7,83.4,75,70,54,71,79,79,85,63,61,18,77,67,81,Medium Risk
AP2024_4988,Lavanya Bhatt,22A91A4229,lavanya.bhatt991@apedu.ac.in,3rd Year,CSE (AI & ML),D,6,47.4,80,62,72,55,48,60,51,53,58,13,41,65,46,High Risk
AP2024_4989,Deepika Sastry,22A91A0430,deepika.sastry992@apedu.ac.in,3rd Year,ECE,A,6,53.3,80,63,87,89,72,78,53,71,77,9,46,84,51,High Risk
AP2024_4990,Chaitanya Joshi,24A91A0431,chaitanya.joshi993@apedu.ac.in,1st Year,ECE,D,2,59.9,69,67,81,72,76,73,57,73,70,11,51,85,56,Medium Risk
AP2024_4991,Sandhya Naidu,22A91A0332,sandhya.naidu994@apedu.ac.in,3rd Year,Mechanical Engineering,D,5,66.6,53,52,55,46,47,67,76,68,53,17,72,59,71,Medium Risk
AP2024_4992,Ramesh Rao,22A91A0133,ramesh.rao995@apedu.ac.in,3rd Year,Civil Engineering,B,6,69.2,52,52,59,55,60,47,65,56,59,14,67,69,67,Medium Risk
AP2024_4993,Tarun Joshi,23A91A1234,tarun.joshi996@apedu.ac.in,2nd Year,Information Technology,D,4,56.6,62,49,57,56,55,68,55,61,56,12,59,75,56,High Risk
AP2024_4994,Manoj Mishra,24A91A0535,manoj.mishra997@apedu.ac.in,1st Year,CSE,D,1,87.5,64,58,69,76,59,61,95,76,61,24,97,69,92,Low Risk
AP2024_4995,Tarun Naidu,23A91A0136,tarun.naidu998@apedu.ac.in,2nd Year,Civil Engineering,A,3,66.4,52,57,53,51,67,47,65,62,54,15,52,57,61,Medium Risk
AP2024_4996,Aditya Chowdary,24A91A4237,aditya.chowdary0@apedu.ac.in,1st Year,CSE (AI & ML),A,2,44.5,65,44,49,35,62,61,49,66,59,9,48,56,46,High Risk
AP2024_4997,Rohit Bhatt,21A91A4438,rohit.bhatt1@apedu.ac.in,4th Year,CSE (Data Science),A,7,38.3,71,63,47,45,56,47,43,58,53,10,32,75,37,High Risk
AP2024_4998,Ravi Reddy,21A91A0539,ravi.reddy2@apedu.ac.in,4th Year,CSE,A,8,58.3,82,59,82,56,58,69,55,73,65,15,57,61,56,Medium Risk
AP2024_4999,Ananya Babu,23A91A1240,ananya.babu3@apedu.ac.in,2nd Year,Information Technology,B,3,54.0,69,59,62,58,48,65,55,57,57,13,54,73,54,High Risk
AP2024_5000,Swathi Joshi,23A91A0441,swathi.joshi4@apedu.ac.in,2nd Year,ECE,B,4,79.0,38,65,51,60,51,50,75,55,46,17,69,55,74,Medium Risk
AP2024_5001,Varun Somayajulu,21A91A1242,varun.somayajulu5@apedu.ac.in,4th Year,Information Technology,A,8,66.9,52,69,60,52,70,66,75,62,60,18,70,69,70,Medium Risk
AP2024_5002,Nikhil Somayajulu,22A91A0143,nikhil.somayajulu6@apedu.ac.in,3rd Year,Civil Engineering,D,5,79.1,69,70,62,67,73,77,81,73,55,20,71,65,77,Low Risk
AP2024_5003,Sireesha Babu,21A91A0444,sireesha.babu7@apedu.ac.in,4th Year,ECE,C,7,72.6,72,59,59,56,70,64,69,67,67,18,74,68,71,Medium Risk
AP2024_5004,Keerthi Somayajulu,21A91A1245,keerthi.somayajulu8@apedu.ac.in,4th Year,Information Technology,D,7,38.0,57,65,66,75,57,62,54,58,59,13,51,59,46,High Risk
AP2024_5005,Nikhil Chowdary,23A91A4246,nikhil.chowdary9@apedu.ac.in,2nd Year,CSE (AI & ML),C,3,92.5,81,77,53,71,82,55,87,79,68,19,82,80,87,Low Risk
AP2024_5006,Charan Patel,24A91A1247,charan.patel10@apedu.ac.in,1st Year,Information Technology,A,2,78.9,28,42,24,20,50,46,80,48,33,17,80,38,79,High Risk
AP2024_5007,Keerthi Varma,24A91A0448,keerthi.varma11@apedu.ac.in,1st Year,ECE,C,2,74.0,83,59,59,40,49,66,77,85,56,20,89,71,79,Medium Risk
AP2024_5008,Varun Raju,24A91A0349,varun.raju12@apedu.ac.in,1st Year,Mechanical Engineering,B,2,86.4,77,83,72,65,66,76,87,70,65,21,84,77,85,Low Risk
AP2024_5009,Harika Naidu,22A91A0250,harika.naidu13@apedu.ac.in,3rd Year,EEE,D,5,90.1,68,60,68,61,54,73,82,75,59,22,86,81,86,Low Risk
AP2024_5010,Ananya Yadav,24A91A0451,ananya.yadav14@apedu.ac.in,1st Year,ECE,C,1,69.0,62,58,42,36,54,74,60,66,54,15,57,67,62,Medium Risk
AP2024_5011,Ananya Sharma,21A91A4252,ananya.sharma15@apedu.ac.in,4th Year,CSE (AI & ML),C,8,55.6,44,45,57,47,37,53,58,52,46,14,56,56,56,High Risk
AP2024_5012,Tarun Joshi,24A91A1253,tarun.joshi16@apedu.ac.in,1st Year,Information Technology,D,1,90.7,69,61,68,40,71,71,90,85,61,19,73,79,85,Low Risk
AP2024_5013,Gayatri Babu,24A91A0454,gayatri.babu17@apedu.ac.in,1st Year,ECE,C,1,70.7,54,76,96,91,52,51,69,65,78,15,69,72,69,Medium Risk
AP2024_5014,Varun Kumar,21A91A0255,varun.kumar18@apedu.ac.in,4th Year,EEE,D,8,74.6,89,67,86,95,71,60,67,70,75,20,66,90,69,Low Risk
AP2024_5015,Sravani Bhatt,22A91A0456,sravani.bhatt19@apedu.ac.in,3rd Year,ECE,D,5,64.3,88,98,83,80,83,87,69,88,77,22,73,82,68,Medium Risk
AP2024_5016,Ganesh Gupta,24A91A0157,ganesh.gupta20@apedu.ac.in,1st Year,Civil Engineering,B,1,80.4,61,46,53,38,58,61,80,55,50,20,65,59,75,Medium Risk
AP2024_5017,Divya Chary,22A91A0458,divya.chary21@apedu.ac.in,3rd Year,ECE,D,6,76.6,60,38,69,77,48,54,64,64,60,15,63,53,68,Medium Risk
AP2024_5018,Sandhya Kulkarni,23A91A0359,sandhya.kulkarni22@apedu.ac.in,2nd Year,Mechanical Engineering,D,3,62.3,69,59,67,52,58,49,57,50,64,11,52,62,57,Medium Risk
AP2024_5019,Srikanth Babu,23A91A1260,srikanth.babu23@apedu.ac.in,2nd Year,Information Technology,B,3,70.2,74,61,71,74,57,79,71,75,65,19,73,70,71,Medium Risk
AP2024_5020,Harika Mishra,21A91A0561,harika.mishra24@apedu.ac.in,4th Year,CSE,B,7,63.1,61,43,31,31,50,58,60,60,42,12,64,50,62,Medium Risk
AP2024_5021,Naresh Naidu,22A91A0262,naresh.naidu25@apedu.ac.in,3rd Year,EEE,B,6,66.9,63,53,53,51,55,66,70,45,56,15,80,51,71,Medium Risk
AP2024_5022,Pranavi Verma,23A91A4263,pranavi.verma26@apedu.ac.in,2nd Year,CSE (AI & ML),D,4,62.1,76,67,82,80,55,67,53,72,67,13,50,72,55,Medium Risk
AP2024_5023,Srikanth Naidu,22A91A0464,srikanth.naidu27@apedu.ac.in,3rd Year,ECE,D,6,82.8,65,58,71,75,58,63,72,69,64,22,79,78,78,Low Risk
AP2024_5024,Manasa Reddy,21A91A0265,manasa.reddy28@apedu.ac.in,4th Year,EEE,C,7,42.7,68,48,62,48,41,45,39,39,49,9,36,60,39,High Risk
AP2024_5025,Manasa Sastry,22A91A4466,manasa.sastry29@apedu.ac.in,3rd Year,CSE (Data Science),A,6,40.9,67,47,65,70,62,55,54,54,43,12,46,63,46,High Risk
AP2024_5026,Keerthi Yadav,22A91A4267,keerthi.yadav30@apedu.ac.in,3rd Year,CSE (AI & ML),D,6,62.0,45,77,70,59,67,56,75,70,60,19,75,68,69,Medium Risk
AP2024_5027,Varun Chary,24A91A4268,varun.chary31@apedu.ac.in,1st Year,CSE (AI & ML),D,2,59.1,60,53,61,59,62,53,58,66,49,14,49,55,55,Medium Risk
AP2024_5028,Sai Patel,24A91A4469,sai.patel32@apedu.ac.in,1st Year,CSE (Data Science),A,1,57.2,67,71,76,71,59,69,61,70,71,18,53,65,57,High Risk
AP2024_5029,Sandhya Kulkarni,24A91A4270,sandhya.kulkarni33@apedu.ac.in,1st Year,CSE (AI & ML),C,2,94.0,63,72,64,47,64,63,77,73,62,23,87,75,86,Low Risk
AP2024_5030,Harika Verma,22A91A1271,harika.verma34@apedu.ac.in,3rd Year,Information Technology,D,6,71.2,63,57,50,43,51,56,68,62,51,14,59,66,66,Medium Risk
AP2024_5031,Ananya Somayajulu,22A91A1272,ananya.somayajulu35@apedu.ac.in,3rd Year,Information Technology,D,5,76.1,69,57,51,55,44,67,76,84,54,19,80,67,77,Medium Risk
AP2024_5032,Tejaswi Reddy,23A91A0173,tejaswi.reddy36@apedu.ac.in,2nd Year,Civil Engineering,C,3,72.1,69,77,56,38,52,45,84,57,59,18,63,68,72,Medium Risk
AP2024_5033,Nikhil Sharma,24A91A0174,nikhil.sharma37@apedu.ac.in,1st Year,Civil Engineering,C,1,53.3,51,64,74,83,64,70,57,65,68,10,58,73,55,High Risk
AP2024_5034,Venkata Bhatt,21A91A4275,venkata.bhatt38@apedu.ac.in,4th Year,CSE (AI & ML),B,7,82.5,41,54,40,56,70,57,72,68,37,16,75,59,77,Medium Risk
AP2024_5035,Deepika Prasad,21A91A4276,deepika.prasad39@apedu.ac.in,4th Year,CSE (AI & ML),D,8,68.3,67,69,69,62,49,62,89,65,59,22,83,68,78,Medium Risk
AP2024_5036,Deepika Murthy,21A91A0577,deepika.murthy40@apedu.ac.in,4th Year,CSE,B,7,81.0,57,50,52,54,78,45,70,69,52,18,63,70,72,Medium Risk
AP2024_5037,Sireesha Prasad,23A91A4478,sireesha.prasad41@apedu.ac.in,2nd Year,CSE (Data Science),A,4,83.5,84,72,86,74,72,67,70,90,77,21,69,82,75,Low Risk
AP2024_5038,Divya Varma,23A91A0279,divya.varma42@apedu.ac.in,2nd Year,EEE,A,3,65.8,48,67,73,69,60,65,59,74,64,20,74,79,66,Medium Risk
AP2024_5039,Pooja Sharma,21A91A0480,pooja.sharma43@apedu.ac.in,4th Year,ECE,D,8,89.2,83,87,65,51,76,69,90,83,65,21,93,70,90,Low Risk
AP2024_5040,Ravi Kumar,24A91A1281,ravi.kumar44@apedu.ac.in,1st Year,Information Technology,D,1,80.5,65,68,65,50,77,74,70,71,54,17,67,75,73,Low Risk
AP2024_5041,Gayatri Naidu,22A91A0282,gayatri.naidu45@apedu.ac.in,3rd Year,EEE,C,5,44.3,82,80,93,76,82,74,55,72,81,12,47,68,48,High Risk
AP2024_5042,Tarun Chowdary,22A91A0583,tarun.chowdary46@apedu.ac.in,3rd Year,CSE,B,6,73.7,52,53,59,53,62,58,68,67,58,21,80,53,73,Medium Risk
AP2024_5043,Manoj Verma,22A91A1284,manoj.verma47@apedu.ac.in,3rd Year,Information Technology,C,5,91.9,61,63,46,42,70,76,92,68,47,19,75,56,86,Medium Risk
AP2024_5044,Tarun Kumar,21A91A4485,tarun.kumar48@apedu.ac.in,4th Year,CSE (Data Science),D,8,64.6,66,59,64,59,66,62,70,73,60,16,69,70,67,Medium Risk
AP2024_5045,Ananya Chowdary,21A91A1286,ananya.chowdary49@apedu.ac.in,4th Year,Information Technology,B,7,63.1,60,62,68,57,72,61,67,64,68,17,71,75,66,Medium Risk
AP2024_5046,Manasa Sharma,24A91A0187,manasa.sharma50@apedu.ac.in,1st Year,Civil Engineering,C,2,57.9,92,82,78,74,68,60,61,73,78,13,63,73,60,High Risk
AP2024_5047,Keerthi Bhatt,23A91A1288,keerthi.bhatt51@apedu.ac.in,2nd Year,Information Technology,D,3,70.8,57,69,50,45,66,70,64,65,61,11,52,70,63,Medium Risk
AP2024_5048,Manasa Raju,24A91A0589,manasa.raju52@apedu.ac.in,1st Year,CSE,A,2,78.3,67,58,53,51,58,55,75,63,63,16,64,67,73,Medium Risk
AP2024_5049,Manoj Joshi,22A91A4490,manoj.joshi53@apedu.ac.in,3rd Year,CSE (Data Science),C,5,65.5,46,64,40,37,56,61,72,50,53,14,62,54,66,High Risk
AP2024_5050,Charan Naidu,23A91A0201,charan.naidu54@apedu.ac.in,2nd Year,EEE,C,4,66.9,73,67,83,63,70,66,56,61,69,16,48,64,57,Medium Risk
AP2024_5051,Yamini Prasad,21A91A4402,yamini.prasad55@apedu.ac.in,4th Year,CSE (Data Science),B,7,84.3,88,86,73,61,72,77,91,72,71,18,81,85,85,Low Risk
AP2024_5052,Naresh Reddy,22A91A0403,naresh.reddy56@apedu.ac.in,3rd Year,ECE,B,6,61.1,62,61,77,75,62,57,67,71,54,16,58,76,61,Medium Risk
AP2024_5053,Pooja Raju,22A91A0104,pooja.raju57@apedu.ac.in,3rd Year,Civil Engineering,A,6,85.9,86,54,87,71,71,77,67,76,65,18,73,77,76,Low Risk
AP2024_5054,Srikanth Kulkarni,21A91A0405,srikanth.kulkarni58@apedu.ac.in,4th Year,ECE,B,8,43.3,32,30,36,32,43,39,48,46,33,10,45,31,45,High Risk
AP2024_5055,Keerthi Naidu,24A91A1206,keerthi.naidu59@apedu.ac.in,1st Year,Information Technology,D,2,90.2,66,57,51,34,67,76,82,61,53,19,81,58,84,Medium Risk
AP2024_5056,Swathi Patel,23A91A4407,swathi.patel60@apedu.ac.in,2nd Year,CSE (Data Science),A,3,66.7,67,51,63,55,55,55,65,48,54,16,62,64,64,Medium Risk
AP2024_5057,Tejaswi Reddy,22A91A0408,tejaswi.reddy61@apedu.ac.in,3rd Year,ECE,D,6,75.2,62,72,87,74,61,50,78,74,58,18,69,71,74,Low Risk
AP2024_5058,Ravi Yadav,21A91A4209,ravi.yadav62@apedu.ac.in,4th Year,CSE (AI & ML),B,8,82.8,75,75,74,81,72,67,70,75,65,17,75,79,76,Low Risk
AP2024_5059,Ananya Somayajulu,22A91A0510,ananya.somayajulu63@apedu.ac.in,3rd Year,CSE,A,5,76.6,90,73,93,65,86,84,72,84,73,16,62,84,70,Low Risk
AP2024_5060,Chaitanya Sastry,23A91A0211,chaitanya.sastry64@apedu.ac.in,2nd Year,EEE,B,3,63.4,86,71,71,54,63,53,47,73,69,15,34,77,49,Medium Risk
AP2024_5061,Swathi Naidu,22A91A4212,swathi.naidu65@apedu.ac.in,3rd Year,CSE (AI & ML),C,5,57.3,53,52,59,61,64,46,48,52,53,16,58,59,54,High Risk
AP2024_5062,Pranavi Murthy,21A91A4413,pranavi.murthy66@apedu.ac.in,4th Year,CSE (Data Science),A,8,53.4,58,41,59,42,52,63,61,52,61,14,62,47,58,High Risk
AP2024_5063,Sai Sastry,24A91A4214,sai.sastry67@apedu.ac.in,1st Year,CSE (AI & ML),A,2,72.3,64,70,67,73,54,76,65,63,58,16,57,58,65,Medium Risk
AP2024_5064,Gayatri Kulkarni,21A91A0115,gayatri.kulkarni68@apedu.ac.in,4th Year,Civil Engineering,C,8,77.9,71,75,88,71,78,75,71,70,67,19,81,79,76,Low Risk
AP2024_5065,Divya Patel,21A91A0116,divya.patel69@apedu.ac.in,4th Year,Civil Engineering,A,7,74.7,50,56,67,54,66,58,76,63,55,18,60,76,70,Medium Risk
AP2024_5066,Rohit Murthy,23A91A4217,rohit.murthy70@apedu.ac.in,2nd Year,CSE (AI & ML),C,3,56.3,41,63,55,52,63,41,55,57,54,14,60,53,57,High Risk
AP2024_5067,Kavya Goud,23A91A0118,kavya.goud71@apedu.ac.in,2nd Year,Civil Engineering,A,3,73.5,68,52,57,57,50,64,71,69,66,17,64,74,69,Medium Risk
AP2024_5068,Ananya Goud,23A91A4419,ananya.goud72@apedu.ac.in,2nd Year,CSE (Data Science),D,3,63.3,70,58,74,56,52,47,53,60,63,12,60,63,59,Medium Risk
AP2024_5069,Charan Yadav,22A91A0320,charan.yadav73@apedu.ac.in,3rd Year,Mechanical Engineering,B,5,50.5,51,58,56,39,50,59,50,72,62,14,53,55,51,High Risk
AP2024_5070,Sneha Gupta,24A91A0221,sneha.gupta74@apedu.ac.in,1st Year,EEE,B,1,78.1,57,50,41,44,52,52,73,64,40,14,66,61,72,Medium Risk
AP2024_5071,Venkata Prasad,21A91A0522,venkata.prasad75@apedu.ac.in,4th Year,CSE,A,8,74.9,77,71,69,68,59,65,72,71,66,17,69,74,72,Low Risk
AP2024_5072,Sireesha Naidu,22A91A4423,sireesha.naidu76@apedu.ac.in,3rd Year,CSE (Data Science),A,6,85.3,66,46,62,46,72,68,79,66,49,20,79,65,81,Medium Risk
AP2024_5073,Harika Prasad,21A91A0424,harika.prasad77@apedu.ac.in,4th Year,ECE,B,7,91.7,69,62,56,54,77,68,79,73,63,19,72,75,81,Low Risk
AP2024_5074,Divya Varma,23A91A0525,divya.varma78@apedu.ac.in,2nd Year,CSE,A,4,99.5,99,79,78,67,75,83,91,81,66,27,93,95,95,Low Risk
AP2024_5075,Sireesha Verma,23A91A4426,sireesha.verma79@apedu.ac.in,2nd Year,CSE (Data Science),A,3,70.5,80,92,75,66,90,76,68,81,74,18,59,88,66,Medium Risk
AP2024_5076,Srikanth Prasad,23A91A4227,srikanth.prasad80@apedu.ac.in,2nd Year,CSE (AI & ML),A,3,75.8,58,67,72,49,60,68,72,66,58,16,80,65,75,Medium Risk
AP2024_5077,Pooja Chowdary,23A91A0228,pooja.chowdary81@apedu.ac.in,2nd Year,EEE,B,4,62.0,67,54,65,46,64,60,65,54,58,17,50,72,59,Medium Risk
AP2024_5078,Pranavi Bhatt,24A91A0429,pranavi.bhatt82@apedu.ac.in,1st Year,ECE,B,1,73.9,38,48,32,38,51,63,70,75,39,20,73,62,72,Medium Risk
AP2024_5079,Srikanth Goud,21A91A0430,srikanth.goud83@apedu.ac.in,4th Year,ECE,B,7,76.2,67,69,68,61,79,65,63,67,70,13,77,59,72,Low Risk
AP2024_5080,Nikhil Chary,22A91A0131,nikhil.chary84@apedu.ac.in,3rd Year,Civil Engineering,C,6,63.0,75,68,66,65,78,71,59,78,68,17,53,67,58,Medium Risk
AP2024_5081,Charan Varma,23A91A4432,charan.varma85@apedu.ac.in,2nd Year,CSE (Data Science),D,4,79.0,77,66,66,66,65,70,65,62,55,16,74,77,73,Low Risk
AP2024_5082,Pavan Gupta,21A91A0533,pavan.gupta86@apedu.ac.in,4th Year,CSE,B,8,70.2,77,55,83,73,67,84,75,74,73,16,72,79,72,Medium Risk
AP2024_5083,Kavya Bhatt,21A91A0434,kavya.bhatt87@apedu.ac.in,4th Year,ECE,C,8,81.3,61,63,85,78,73,86,78,75,61,23,76,71,78,Low Risk
AP2024_5084,Aditya Rao,22A91A0135,aditya.rao88@apedu.ac.in,3rd Year,Civil Engineering,D,5,83.9,69,57,79,67,61,77,75,88,67,18,75,78,78,Low Risk
AP2024_5085,Sravani Yadav,23A91A0336,sravani.yadav89@apedu.ac.in,2nd Year,Mechanical Engineering,B,4,68.9,71,69,56,58,57,69,63,62,61,14,53,62,62,Medium Risk
AP2024_5086,Gayatri Sastry,23A91A0137,gayatri.sastry90@apedu.ac.in,2nd Year,Civil Engineering,A,4,77.3,43,29,54,42,47,67,71,63,36,18,80,53,76,Medium Risk
AP2024_5087,Charan Somayajulu,23A91A0138,charan.somayajulu91@apedu.ac.in,2nd Year,Civil Engineering,C,4,56.3,40,59,47,38,61,60,56,51,40,18,55,56,55,High Risk
AP2024_5088,Charan Bhatt,24A91A1239,charan.bhatt92@apedu.ac.in,1st Year,Information Technology,D,2,72.5,72,80,78,74,66,75,69,77,60,21,76,77,72,Medium Risk
AP2024_5089,Sneha Kumar,23A91A0140,sneha.kumar93@apedu.ac.in,2nd Year,Civil Engineering,D,3,82.6,56,58,84,71,67,70,86,66,55,18,74,63,81,Low Risk
AP2024_5090,Pavan Chowdary,22A91A0341,pavan.chowdary94@apedu.ac.in,3rd Year,Mechanical Engineering,B,6,38.0,37,55,66,55,38,42,25,46,40,7,19,38,28,High Risk
AP2024_5091,Nikhil Prasad,22A91A0242,nikhil.prasad95@apedu.ac.in,3rd Year,EEE,D,5,99.5,54,41,76,67,69,61,92,75,50,20,91,68,94,Medium Risk
AP2024_5092,Varun Prasad,21A91A0443,varun.prasad96@apedu.ac.in,4th Year,ECE,C,8,73.8,54,61,33,40,46,42,76,58,41,20,70,61,73,Medium Risk
AP2024_5093,Manoj Joshi,21A91A0344,manoj.joshi97@apedu.ac.in,4th Year,Mechanical Engineering,B,7,68.1,80,74,69,58,65,79,82,78,56,21,80,80,75,Medium Risk
AP2024_5094,Rohit Gupta,23A91A1245,rohit.gupta98@apedu.ac.in,2nd Year,Information Technology,B,4,65.2,87,82,79,73,82,82,57,78,84,18,64,85,62,Medium Risk
AP2024_5095,Pavan Chowdary,22A91A4246,pavan.chowdary99@apedu.ac.in,3rd Year,CSE (AI & ML),B,6,77.3,76,58,67,57,55,63,80,57,58,17,64,58,74,Low Risk
AP2024_5096,Mahesh Yadav,21A91A0447,mahesh.yadav100@apedu.ac.in,4th Year,ECE,C,7,71.3,70,63,85,64,66,58,67,67,72,18,74,60,70,Medium Risk
AP2024_5097,Varun Sharma,22A91A0348,varun.sharma101@apedu.ac.in,3rd Year,Mechanical Engineering,D,6,50.4,62,65,61,69,52,46,62,67,51,11,62,66,57,High Risk
AP2024_5098,Nikhil Kulkarni,24A91A4249,nikhil.kulkarni102@apedu.ac.in,1st Year,CSE (AI & ML),D,2,87.1,67,70,69,61,70,59,86,69,49,20,83,73,85,Low Risk
AP2024_5099,Chaitanya Varma,22A91A0450,chaitanya.varma103@apedu.ac.in,3rd Year,ECE,A,6,67.0,82,79,82,80,83,67,66,72,68,16,53,93,62,Medium Risk
AP2024_5100,Deepika Chowdary,22A91A4251,deepika.chowdary104@apedu.ac.in,3rd Year,CSE (AI & ML),A,5,69.3,43,58,51,46,63,49,67,63,43,18,61,64,66,Medium Risk
AP2024_5101,Tarun Mishra,23A91A4252,tarun.mishra105@apedu.ac.in,2nd Year,CSE (AI & ML),A,4,61.3,56,69,69,60,62,67,72,64,52,21,56,69,62,Medium Risk
AP2024_5102,Nikhil Reddy,21A91A1253,nikhil.reddy106@apedu.ac.in,4th Year,Information Technology,B,7,88.5,84,64,60,67,49,62,82,72,63,20,78,63,83,Low Risk
AP2024_5103,Manasa Rao,21A91A0554,manasa.rao107@apedu.ac.in,4th Year,CSE,A,7,66.7,71,68,77,73,50,81,74,74,63,15,51,68,64,Medium Risk
AP2024_5104,Varun Joshi,21A91A0555,varun.joshi108@apedu.ac.in,4th Year,CSE,B,8,78.4,74,84,76,79,78,65,75,72,68,20,87,80,79,Low Risk
AP2024_5105,Manasa Raju,23A91A4456,manasa.raju109@apedu.ac.in,2nd Year,CSE (Data Science),A,3,62.0,68,45,62,47,59,72,65,65,59,15,78,60,67,Medium Risk
AP2024_5106,Tejaswi Prasad,23A91A1257,tejaswi.prasad110@apedu.ac.in,2nd Year,Information Technology,D,4,95.7,71,59,60,51,47,75,80,55,60,19,84,71,87,Medium Risk
AP2024_5107,Aditya Patel,22A91A4458,aditya.patel111@apedu.ac.in,3rd Year,CSE (Data Science),D,5,78.5,79,83,69,70,72,87,75,86,70,18,75,84,76,Low Risk
AP2024_5108,Tejaswi Kumar,21A91A0459,tejaswi.kumar112@apedu.ac.in,4th Year,ECE,A,7,68.1,42,47,46,27,49,48,67,44,31,17,72,52,68,High Risk
AP2024_5109,Mahesh Varma,22A91A0460,mahesh.varma113@apedu.ac.in,3rd Year,ECE,D,5,99.5,76,84,75,69,73,84,90,77,60,24,97,76,95,Low Risk
AP2024_5110,Naresh Raju,24A91A4461,naresh.raju114@apedu.ac.in,1st Year,CSE (Data Science),D,1,73.0,69,67,71,72,60,75,73,65,75,22,64,69,70,Medium Risk
AP2024_5111,Manasa Somayajulu,22A91A4262,manasa.somayajulu115@apedu.ac.in,3rd Year,CSE (AI & ML),D,6,65.1,80,78,63,48,64,57,68,73,69,20,74,75,68,Medium Risk
AP2024_5112,Lavanya Kulkarni,24A91A0463,lavanya.kulkarni116@apedu.ac.in,1st Year,ECE,B,2,73.9,45,45,41,50,48,35,72,54,49,18,81,45,75,High Risk
AP2024_5113,Charan Verma,24A91A4264,charan.verma117@apedu.ac.in,1st Year,CSE (AI & ML),D,1,75.4,75,60,72,64,63,74,82,67,72,20,88,76,81,Low Risk
AP2024_5114,Harika Goud,22A91A4265,harika.goud118@apedu.ac.in,3rd Year,CSE (AI & ML),D,5,74.9,69,40,66,64,46,55,66,60,49,15,63,59,68,Medium Risk
AP2024_5115,Nikhil Bhatt,22A91A4266,nikhil.bhatt119@apedu.ac.in,3rd Year,CSE (AI & ML),B,5,70.6,30,25,36,35,42,47,66,58,34,16,54,50,64,High Risk
AP2024_5116,Pranavi Verma,22A91A0467,pranavi.verma120@apedu.ac.in,3rd Year,ECE,D,6,79.8,62,61,40,51,78,62,77,65,64,15,65,63,74,Medium Risk
AP2024_5117,Deepika Sastry,23A91A4268,deepika.sastry121@apedu.ac.in,2nd Year,CSE (AI & ML),C,4,70.0,74,76,72,73,71,74,69,75,57,15,77,75,71,Medium Risk
AP2024_5118,Karthik Bhatt,22A91A0569,karthik.bhatt122@apedu.ac.in,3rd Year,CSE,A,5,74.7,61,56,40,53,56,54,68,61,42,16,77,69,73,Medium Risk
AP2024_5119,Ganesh Sastry,23A91A4270,ganesh.sastry123@apedu.ac.in,2nd Year,CSE (AI & ML),C,3,55.1,70,74,61,58,64,54,59,66,65,14,44,74,52,High Risk
AP2024_5120,Chaitanya Naidu,24A91A0571,chaitanya.naidu124@apedu.ac.in,1st Year,CSE,C,2,76.6,55,45,49,51,37,55,70,65,43,12,79,52,75,Medium Risk
AP2024_5121,Swathi Yadav,24A91A0572,swathi.yadav125@apedu.ac.in,1st Year,CSE,C,1,80.7,57,66,65,58,62,50,87,71,68,18,86,74,84,Medium Risk
AP2024_5122,Sneha Rao,23A91A0173,sneha.rao126@apedu.ac.in,2nd Year,Civil Engineering,A,4,62.3,68,76,80,76,52,65,58,67,59,16,64,72,61,Medium Risk
AP2024_5123,Tarun Joshi,24A91A0574,tarun.joshi127@apedu.ac.in,1st Year,CSE,B,1,74.5,69,66,66,50,69,83,74,71,74,19,60,68,69,Low Risk
AP2024_5124,Tejaswi Varma,24A91A0275,tejaswi.varma128@apedu.ac.in,1st Year,EEE,C,1,72.6,77,69,80,59,70,59,68,78,57,16,58,81,66,Low Risk
AP2024_5125,Pavan Joshi,22A91A0576,pavan.joshi129@apedu.ac.in,3rd Year,CSE,B,5,66.9,70,44,58,34,65,73,62,53,44,12,66,68,65,Medium Risk
AP2024_5126,Sireesha Sharma,24A91A0577,sireesha.sharma130@apedu.ac.in,1st Year,CSE,D,2,99.5,73,58,68,67,69,70,91,65,52,25,93,73,95,Low Risk
AP2024_5127,Naresh Kulkarni,24A91A4278,naresh.kulkarni131@apedu.ac.in,1st Year,CSE (AI & ML),B,2,65.0,46,67,70,62,55,62,50,65,57,10,53,54,56,Medium Risk
AP2024_5128,Chaitanya Prasad,24A91A0379,chaitanya.prasad132@apedu.ac.in,1st Year,Mechanical Engineering,D,1,68.4,72,67,72,58,55,66,69,61,58,14,63,70,66,Medium Risk
AP2024_5129,Harika Somayajulu,24A91A4280,harika.somayajulu133@apedu.ac.in,1st Year,CSE (AI & ML),B,2,46.2,73,72,70,67,69,64,53,73,70,15,54,76,50,High Risk
AP2024_5130,Divya Somayajulu,24A91A0581,divya.somayajulu134@apedu.ac.in,1st Year,CSE,B,2,83.3,79,73,71,57,69,84,86,71,61,20,85,70,84,Low Risk
AP2024_5131,Pavan Babu,24A91A4282,pavan.babu135@apedu.ac.in,1st Year,CSE (AI & ML),C,1,38.0,49,39,52,39,51,47,25,38,33,9,32,49,32,High Risk
AP2024_5132,Rahul Chowdary,23A91A0283,rahul.chowdary136@apedu.ac.in,2nd Year,EEE,C,4,71.1,53,55,54,51,61,52,56,64,56,16,56,72,62,Medium Risk
AP2024_5133,Divya Sastry,24A91A0184,divya.sastry137@apedu.ac.in,1st Year,Civil Engineering,D,1,76.8,62,57,72,54,42,51,71,74,52,16,75,63,74,Medium Risk
AP2024_5134,Sandhya Kumar,21A91A0285,sandhya.kumar138@apedu.ac.in,4th Year,EEE,D,8,76.1,58,75,73,74,73,89,66,63,67,15,68,68,70,Low Risk
AP2024_5135,Bhavya Chary,24A91A4286,bhavya.chary139@apedu.ac.in,1st Year,CSE (AI & ML),A,1,98.0,62,62,80,87,70,70,92,74,57,24,82,77,91,Low Risk
AP2024_5136,Ravi Gupta,24A91A4287,ravi.gupta140@apedu.ac.in,1st Year,CSE (AI & ML),C,2,75.4,63,45,53,51,52,62,70,68,42,21,77,60,74,Medium Risk
AP2024_5137,Sneha Verma,23A91A0388,sneha.verma141@apedu.ac.in,2nd Year,Mechanical Engineering,C,3,91.3,77,60,58,71,59,61,76,72,66,13,80,76,83,Low Risk
AP2024_5138,Ananya Naidu,23A91A0389,ananya.naidu142@apedu.ac.in,2nd Year,Mechanical Engineering,B,3,75.2,37,48,34,41,46,42,70,48,35,18,64,48,70,High Risk
AP2024_5139,Charan Rao,21A91A4490,charan.rao143@apedu.ac.in,4th Year,CSE (Data Science),D,8,75.1,69,53,59,45,66,57,85,65,57,20,82,71,80,Medium Risk
AP2024_5140,Pooja Murthy,22A91A0301,pooja.murthy144@apedu.ac.in,3rd Year,Mechanical Engineering,B,6,99.5,61,67,43,51,55,74,89,76,48,24,92,69,94,Medium Risk
AP2024_5141,Sireesha Goud,21A91A4202,sireesha.goud145@apedu.ac.in,4th Year,CSE (AI & ML),A,8,81.9,61,59,51,37,52,59,91,59,52,18,76,63,82,Medium Risk
AP2024_5142,Divya Yadav,22A91A1203,divya.yadav146@apedu.ac.in,3rd Year,Information Technology,A,6,58.5,86,70,89,79,82,63,49,79,67,13,62,77,56,Medium Risk
AP2024_5143,Mahesh Bhatt,22A91A0104,mahesh.bhatt147@apedu.ac.in,3rd Year,Civil Engineering,D,6,99.5,63,54,65,51,56,62,83,53,54,19,85,66,90,Medium Risk
AP2024_5144,Ramesh Gupta,23A91A0505,ramesh.gupta148@apedu.ac.in,2nd Year,CSE,C,3,68.2,55,57,85,74,83,60,70,81,55,17,64,75,67,Medium Risk
AP2024_5145,Harika Bhatt,22A91A1206,harika.bhatt149@apedu.ac.in,3rd Year,Information Technology,C,6,69.0,66,59,54,47,46,70,70,68,46,20,68,69,69,Medium Risk
AP2024_5146,Tarun Sharma,22A91A0207,tarun.sharma150@apedu.ac.in,3rd Year,EEE,B,6,80.2,69,55,59,51,65,73,77,76,53,23,76,70,77,Medium Risk
AP2024_5147,Aditya Babu,24A91A4408,aditya.babu151@apedu.ac.in,1st Year,CSE (Data Science),D,2,94.5,58,71,46,54,57,74,96,71,59,20,90,71,93,Medium Risk
AP2024_5148,Tarun Varma,22A91A0309,tarun.varma152@apedu.ac.in,3rd Year,Mechanical Engineering,A,6,74.1,39,47,53,36,62,59,67,60,43,15,63,50,68,Medium Risk
AP2024_5149,Kavya Prasad,24A91A0510,kavya.prasad153@apedu.ac.in,1st Year,CSE,A,2,87.5,87,97,83,72,88,82,86,74,84,20,88,92,87,Low Risk
AP2024_5150,Rahul Gupta,22A91A0411,rahul.gupta154@apedu.ac.in,3rd Year,ECE,A,5,66.6,61,70,87,78,64,77,71,73,74,16,71,85,69,Medium Risk
AP2024_5151,Manasa Mishra,21A91A0212,manasa.mishra155@apedu.ac.in,4th Year,EEE,A,7,63.2,65,75,65,70,55,64,58,68,72,15,63,66,61,Medium Risk
AP2024_5152,Sandhya Babu,24A91A0513,sandhya.babu156@apedu.ac.in,1st Year,CSE,D,1,72.9,71,82,68,57,79,84,65,71,69,20,61,82,66,Low Risk
AP2024_5153,Deepika Joshi,24A91A4214,deepika.joshi157@apedu.ac.in,1st Year,CSE (AI & ML),D,2,74.5,81,78,82,67,73,74,71,80,72,18,78,92,74,Low Risk
AP2024_5154,Divya Joshi,23A91A1215,divya.joshi158@apedu.ac.in,2nd Year,Information Technology,D,3,93.6,91,73,75,64,80,56,83,73,79,20,84,82,87,Low Risk
AP2024_5155,Sneha Sharma,24A91A0316,sneha.sharma159@apedu.ac.in,1st Year,Mechanical Engineering,B,1,65.0,53,47,59,52,63,56,57,58,61,12,57,57,60,Medium Risk
AP2024_5156,Divya Verma,23A91A4417,divya.verma160@apedu.ac.in,2nd Year,CSE (Data Science),B,3,60.7,65,45,58,56,52,59,53,53,54,14,57,69,57,Medium Risk
AP2024_5157,Yamini Varma,22A91A0218,yamini.varma161@apedu.ac.in,3rd Year,EEE,D,5,73.8,47,42,74,71,68,67,65,58,55,19,58,72,66,Medium Risk
AP2024_5158,Sireesha Varma,23A91A0219,sireesha.varma162@apedu.ac.in,2nd Year,EEE,A,4,54.3,48,46,67,38,60,72,46,57,54,12,49,71,50,High Risk
AP2024_5159,Sai Raju,24A91A0220,sai.raju163@apedu.ac.in,1st Year,EEE,D,1,77.2,47,69,64,71,57,61,86,64,55,20,85,67,82,Medium Risk
AP2024_5160,Ramesh Chowdary,23A91A4221,ramesh.chowdary164@apedu.ac.in,2nd Year,CSE (AI & ML),A,4,45.1,41,24,41,29,29,43,48,55,32,10,44,43,45,High Risk
AP2024_5161,Nikhil Kumar,24A91A0422,nikhil.kumar165@apedu.ac.in,1st Year,ECE,C,2,83.7,56,55,42,47,47,67,88,77,51,22,88,68,86,Medium Risk
AP2024_5162,Lavanya Varma,23A91A0523,lavanya.varma166@apedu.ac.in,2nd Year,CSE,D,3,48.3,51,54,53,35,48,52,52,41,39,14,57,51,52,High Risk
AP2024_5163,Tejaswi Chowdary,22A91A0524,tejaswi.chowdary167@apedu.ac.in,3rd Year,CSE,D,6,99.1,82,70,82,86,61,72,100,80,68,23,93,75,97,Low Risk
AP2024_5164,Akhil Verma,24A91A0525,akhil.verma168@apedu.ac.in,1st Year,CSE,A,1,79.5,84,88,82,73,85,66,76,85,87,16,73,85,76,Low Risk
AP2024_5165,Venkata Gupta,24A91A0326,venkata.gupta169@apedu.ac.in,1st Year,Mechanical Engineering,B,2,86.9,68,93,68,68,66,65,74,92,66,19,89,81,83,Low Risk
AP2024_5166,Pavan Naidu,22A91A4227,pavan.naidu170@apedu.ac.in,3rd Year,CSE (AI & ML),C,5,74.8,64,53,57,55,62,67,65,74,46,17,69,71,70,Medium Risk
AP2024_5167,Tejaswi Sastry,21A91A0228,tejaswi.sastry171@apedu.ac.in,4th Year,EEE,B,8,58.1,68,62,46,53,62,57,52,51,47,12,50,56,53,Medium Risk
AP2024_5168,Yamini Rao,23A91A0429,yamini.rao172@apedu.ac.in,2nd Year,ECE,A,3,69.0,62,54,54,44,55,55,67,53,52,16,64,65,66,Medium Risk
AP2024_5169,Manasa Verma,22A91A0530,manasa.verma173@apedu.ac.in,3rd Year,CSE,B,6,50.4,81,82,74,56,68,66,44,68,54,13,47,70,47,High Risk
AP2024_5170,Mahesh Joshi,24A91A4231,mahesh.joshi174@apedu.ac.in,1st Year,CSE (AI & ML),B,1,73.6,49,52,80,72,67,76,68,67,54,19,75,60,72,Low Risk
AP2024_5171,Gayatri Somayajulu,21A91A0432,gayatri.somayajulu175@apedu.ac.in,4th Year,ECE,D,8,83.0,80,72,92,80,83,56,71,65,74,16,75,78,76,Low Risk
AP2024_5172,Ramesh Bhatt,24A91A0333,ramesh.bhatt176@apedu.ac.in,1st Year,Mechanical Engineering,C,2,61.1,59,48,54,39,64,53,62,70,37,16,71,76,64,High Risk
AP2024_5173,Keerthi Sastry,22A91A0534,keerthi.sastry177@apedu.ac.in,3rd Year,CSE,C,6,99.5,85,83,94,69,70,97,90,94,69,22,93,85,94,Low Risk
AP2024_5174,Aditya Bhatt,24A91A0135,aditya.bhatt178@apedu.ac.in,1st Year,Civil Engineering,A,2,87.9,89,65,90,81,65,81,84,73,59,22,84,85,85,Low Risk
AP2024_5175,Pavan Kumar,23A91A0536,pavan.kumar179@apedu.ac.in,2nd Year,CSE,D,4,75.0,80,80,74,70,70,75,76,64,68,18,80,76,76,Low Risk
AP2024_5176,Pooja Rao,21A91A0137,pooja.rao180@apedu.ac.in,4th Year,Civil Engineering,D,8,72.2,40,48,51,49,67,54,59,45,44,16,60,50,64,Medium Risk
AP2024_5177,Nikhil Verma,21A91A0338,nikhil.verma181@apedu.ac.in,4th Year,Mechanical Engineering,D,8,63.7,48,47,51,51,51,44,51,55,38,13,60,56,58,Medium Risk
AP2024_5178,Karthik Naidu,21A91A4439,karthik.naidu182@apedu.ac.in,4th Year,CSE (Data Science),D,8,90.2,59,56,56,44,54,61,84,53,51,22,84,65,86,Medium Risk
AP2024_5179,Deepika Naidu,23A91A4240,deepika.naidu183@apedu.ac.in,2nd Year,CSE (AI & ML),C,4,50.6,58,53,53,54,53,54,37,55,37,8,42,58,43,High Risk
AP2024_5180,Swathi Joshi,24A91A0341,swathi.joshi184@apedu.ac.in,1st Year,Mechanical Engineering,B,1,51.2,77,57,87,78,50,65,53,65,68,12,53,67,52,High Risk
AP2024_5181,Venkata Mishra,22A91A1242,venkata.mishra185@apedu.ac.in,3rd Year,Information Technology,D,5,84.3,57,49,90,81,53,54,69,60,66,16,70,56,75,Low Risk
AP2024_5182,Gayatri Chary,23A91A0243,gayatri.chary186@apedu.ac.in,2nd Year,EEE,C,4,55.7,52,51,68,62,65,67,55,58,63,20,62,53,57,High Risk
AP2024_5183,Pavan Babu,21A91A0344,pavan.babu187@apedu.ac.in,4th Year,Mechanical Engineering,A,7,82.2,54,50,59,48,66,52,73,72,56,21,75,63,77,Medium Risk
AP2024_5184,Chaitanya Gupta,23A91A4445,chaitanya.gupta188@apedu.ac.in,2nd Year,CSE (Data Science),C,3,69.5,73,78,72,56,70,72,59,79,68,18,78,93,68,Medium Risk
AP2024_5185,Aditya Sharma,22A91A0546,aditya.sharma189@apedu.ac.in,3rd Year,CSE,C,5,79.0,48,50,51,55,48,59,67,50,47,16,71,62,72,Medium Risk
AP2024_5186,Rahul Babu,23A91A4247,rahul.babu190@apedu.ac.in,2nd Year,CSE (AI & ML),C,4,89.7,68,67,66,57,62,68,90,67,58,19,84,71,88,Low Risk
AP2024_5187,Charan Verma,21A91A0348,charan.verma191@apedu.ac.in,4th Year,Mechanical Engineering,C,7,60.4,83,78,77,67,71,69,73,82,74,18,78,71,69,Medium Risk
AP2024_5188,Sireesha Babu,22A91A0149,sireesha.babu192@apedu.ac.in,3rd Year,Civil Engineering,B,5,76.6,79,74,63,36,61,57,78,77,58,20,78,79,77,Medium Risk
AP2024_5189,Ravi Bhatt,21A91A4450,ravi.bhatt193@apedu.ac.in,4th Year,CSE (Data Science),C,7,87.3,57,46,55,36,50,70,80,58,41,19,89,60,85,Medium Risk
AP2024_5190,Sneha Kumar,21A91A0451,sneha.kumar194@apedu.ac.in,4th Year,ECE,B,7,64.0,67,62,52,56,69,72,66,64,46,17,56,74,62,Medium Risk
AP2024_5191,Pranavi Kulkarni,23A91A0252,pranavi.kulkarni195@apedu.ac.in,2nd Year,EEE,C,4,91.5,56,48,49,64,44,59,86,69,46,24,92,58,90,Medium Risk
AP2024_5192,Aditya Verma,24A91A4453,aditya.verma196@apedu.ac.in,1st Year,CSE (Data Science),D,2,50.8,79,71,89,99,80,68,52,76,80,14,61,76,54,High Risk
AP2024_5193,Pranavi Rao,22A91A4454,pranavi.rao197@apedu.ac.in,3rd Year,CSE (Data Science),D,5,79.1,75,68,49,62,68,62,78,73,60,21,54,86,71,Low Risk
AP2024_5194,Tarun Goud,24A91A4455,tarun.goud198@apedu.ac.in,1st Year,CSE (Data Science),A,2,83.7,59,63,57,51,62,51,76,64,59,16,71,76,77,Medium Risk
AP2024_5195,Ravi Gupta,23A91A4456,ravi.gupta199@apedu.ac.in,2nd Year,CSE (Data Science),A,3,77.7,54,45,47,51,55,63,72,68,43,18,72,57,74,Medium Risk
AP2024_5196,Pavan Naidu,21A91A4457,pavan.naidu200@apedu.ac.in,4th Year,CSE (Data Science),A,8,66.2,52,63,48,33,47,70,66,67,39,15,67,75,66,Medium Risk
AP2024_5197,Keerthi Kulkarni,23A91A0158,keerthi.kulkarni201@apedu.ac.in,2nd Year,Civil Engineering,D,3,66.9,48,33,60,46,46,49,67,58,45,16,72,59,68,Medium Risk
AP2024_5198,Ramesh Sharma,21A91A0159,ramesh.sharma202@apedu.ac.in,4th Year,Civil Engineering,B,7,68.4,58,55,68,65,43,54,73,59,48,19,76,50,72,Medium Risk
AP2024_5199,Divya Kumar,24A91A4260,divya.kumar203@apedu.ac.in,1st Year,CSE (AI & ML),B,1,64.2,69,72,76,47,66,64,59,66,59,15,58,55,60,Medium Risk
AP2024_5200,Swathi Goud,24A91A0361,swathi.goud204@apedu.ac.in,1st Year,Mechanical Engineering,A,2,60.0,42,41,55,41,52,39,53,49,36,11,51,50,55,High Risk
AP2024_5201,Aditya Varma,24A91A4262,aditya.varma205@apedu.ac.in,1st Year,CSE (AI & ML),A,2,80.7,42,49,49,34,44,55,78,62,32,14,74,60,77,Medium Risk
AP2024_5202,Harika Bhatt,23A91A0463,harika.bhatt206@apedu.ac.in,2nd Year,ECE,C,3,69.6,47,57,49,47,60,39,63,59,39,12,59,57,64,Medium Risk
AP2024_5203,Gayatri Verma,21A91A4264,gayatri.verma207@apedu.ac.in,4th Year,CSE (AI & ML),A,8,61.1,69,59,64,88,57,67,72,72,65,17,60,74,64,Medium Risk
AP2024_5204,Sai Rao,24A91A0365,sai.rao208@apedu.ac.in,1st Year,Mechanical Engineering,D,1,58.5,73,59,57,68,68,67,61,59,57,12,63,67,60,Medium Risk
AP2024_5205,Harika Prasad,23A91A0366,harika.prasad209@apedu.ac.in,2nd Year,Mechanical Engineering,D,3,94.8,64,56,60,49,57,54,86,59,48,22,94,69,91,Medium Risk
AP2024_5206,Varun Somayajulu,21A91A0367,varun.somayajulu210@apedu.ac.in,4th Year,Mechanical Engineering,C,7,76.6,49,50,40,34,54,48,80,76,45,18,86,62,80,Medium Risk
AP2024_5207,Ramesh Gupta,24A91A4468,ramesh.gupta211@apedu.ac.in,1st Year,CSE (Data Science),B,2,71.1,51,67,84,65,65,55,71,71,67,18,66,71,69,Medium Risk
AP2024_5208,Sai Gupta,22A91A4469,sai.gupta212@apedu.ac.in,3rd Year,CSE (Data Science),B,5,66.9,86,77,82,83,67,60,53,63,72,14,63,65,61,Medium Risk
AP2024_5209,Rahul Prasad,21A91A4270,rahul.prasad213@apedu.ac.in,4th Year,CSE (AI & ML),C,8,59.6,50,62,66,61,68,59,49,60,63,11,40,61,50,Medium Risk
AP2024_5210,Charan Prasad,22A91A0271,charan.prasad214@apedu.ac.in,3rd Year,EEE,B,6,83.2,76,76,70,51,65,69,85,78,62,18,81,71,83,Low Risk
AP2024_5211,Lavanya Reddy,24A91A0372,lavanya.reddy215@apedu.ac.in,1st Year,Mechanical Engineering,B,2,69.5,45,43,44,43,59,64,59,58,46,16,59,57,63,Medium Risk
AP2024_5212,Gayatri Somayajulu,24A91A1273,gayatri.somayajulu216@apedu.ac.in,1st Year,Information Technology,D,1,72.2,54,58,44,40,58,57,73,74,45,18,65,65,70,Medium Risk
AP2024_5213,Ganesh Murthy,21A91A0574,ganesh.murthy217@apedu.ac.in,4th Year,CSE,C,8,78.3,71,63,73,57,68,61,78,60,59,20,80,65,78,Medium Risk
AP2024_5214,Aditya Kulkarni,21A91A4275,aditya.kulkarni218@apedu.ac.in,4th Year,CSE (AI & ML),B,8,69.8,61,49,59,45,58,48,68,63,42,19,70,62,69,Medium Risk
AP2024_5215,Venkata Bhatt,23A91A0376,venkata.bhatt219@apedu.ac.in,2nd Year,Mechanical Engineering,D,3,77.2,92,79,72,73,71,76,71,79,65,18,71,83,73,Low Risk
AP2024_5216,Yamini Rao,21A91A0577,yamini.rao220@apedu.ac.in,4th Year,CSE,B,7,73.5,66,38,60,57,63,76,74,72,47,17,64,77,70,Medium Risk
AP2024_5217,Divya Verma,24A91A0178,divya.verma221@apedu.ac.in,1st Year,Civil Engineering,D,1,57.6,59,62,57,51,41,54,53,56,45,14,51,72,54,High Risk
AP2024_5218,Yamini Kulkarni,21A91A0179,yamini.kulkarni222@apedu.ac.in,4th Year,Civil Engineering,D,7,66.0,65,66,75,80,64,64,65,73,65,15,60,80,63,Medium Risk
AP2024_5219,Ganesh Sharma,22A91A4480,ganesh.sharma223@apedu.ac.in,3rd Year,CSE (Data Science),B,5,61.2,87,61,82,64,61,71,66,78,61,21,77,75,67,Medium Risk
AP2024_5220,Bhavya Kulkarni,21A91A0381,bhavya.kulkarni224@apedu.ac.in,4th Year,Mechanical Engineering,B,7,48.1,54,36,54,53,65,63,53,65,39,16,49,64,49,High Risk
AP2024_5221,Pooja Varma,21A91A0382,pooja.varma225@apedu.ac.in,4th Year,Mechanical Engineering,D,8,63.0,76,59,67,69,69,74,70,77,72,18,66,78,65,Medium Risk
AP2024_5222,Pranavi Sastry,24A91A0283,pranavi.sastry226@apedu.ac.in,1st Year,EEE,B,1,69.2,71,57,73,67,50,70,62,67,52,19,64,63,65,Medium Risk
AP2024_5223,Ramesh Gupta,23A91A0584,ramesh.gupta227@apedu.ac.in,2nd Year,CSE,A,3,63.9,68,67,88,76,82,61,59,71,69,19,59,70,60,Medium Risk
AP2024_5224,Nikhil Babu,22A91A4485,nikhil.babu228@apedu.ac.in,3rd Year,CSE (Data Science),B,5,71.7,51,61,76,75,58,73,61,72,59,15,64,61,66,Medium Risk
AP2024_5225,Pooja Sharma,23A91A0186,pooja.sharma229@apedu.ac.in,2nd Year,Civil Engineering,C,4,82.5,73,55,81,72,74,68,82,67,65,21,82,72,82,Low Risk
AP2024_5226,Ramesh Kulkarni,21A91A0487,ramesh.kulkarni230@apedu.ac.in,4th Year,ECE,B,8,43.6,59,51,71,54,58,57,42,60,62,13,44,66,43,High Risk
AP2024_5227,Sravani Joshi,22A91A1288,sravani.joshi231@apedu.ac.in,3rd Year,Information Technology,B,5,58.5,60,67,52,69,48,58,41,64,62,8,46,65,49,Medium Risk
AP2024_5228,Ravi Murthy,22A91A0389,ravi.murthy232@apedu.ac.in,3rd Year,Mechanical Engineering,B,5,60.9,61,48,65,62,58,55,67,57,61,18,50,61,59,Medium Risk
AP2024_5229,Akhil Varma,24A91A4290,akhil.varma233@apedu.ac.in,1st Year,CSE (AI & ML),C,1,52.9,67,49,64,55,57,57,60,61,55,10,52,61,54,High Risk
AP2024_5230,Venkata Prasad,22A91A0101,venkata.prasad234@apedu.ac.in,3rd Year,Civil Engineering,D,5,74.1,82,66,69,54,75,71,83,68,63,20,75,63,77,Medium Risk
AP2024_5231,Tejaswi Goud,21A91A0402,tejaswi.goud235@apedu.ac.in,4th Year,ECE,C,8,89.3,76,65,69,59,92,70,80,78,66,24,96,76,88,Low Risk
AP2024_5232,Pooja Varma,21A91A0203,pooja.varma236@apedu.ac.in,4th Year,EEE,C,7,68.7,68,51,86,74,61,60,61,63,60,13,55,66,62,Medium Risk
AP2024_5233,Keerthi Verma,23A91A0304,keerthi.verma237@apedu.ac.in,2nd Year,Mechanical Engineering,D,4,72.9,52,58,83,74,78,73,80,77,60,20,78,67,76,Low Risk
AP2024_5234,Sireesha Prasad,21A91A0205,sireesha.prasad238@apedu.ac.in,4th Year,EEE,D,8,88.8,56,63,87,67,91,73,82,69,69,19,87,82,86,Low Risk
AP2024_5235,Sandhya Gupta,21A91A4406,sandhya.gupta239@apedu.ac.in,4th Year,CSE (Data Science),C,7,87.2,41,53,58,52,67,51,94,47,54,21,87,65,89,Medium Risk
AP2024_5236,Naresh Gupta,22A91A0507,naresh.gupta240@apedu.ac.in,3rd Year,CSE,C,5,70.1,72,71,79,73,73,69,56,67,70,12,50,80,59,Medium Risk
AP2024_5237,Deepika Yadav,23A91A0508,deepika.yadav241@apedu.ac.in,2nd Year,CSE,D,4,63.8,72,59,66,64,53,70,67,56,54,14,47,69,59,Medium Risk
AP2024_5238,Swathi Varma,21A91A0109,swathi.varma242@apedu.ac.in,4th Year,Civil Engineering,C,8,62.8,72,64,44,42,68,72,79,61,49,16,67,69,68,Medium Risk
AP2024_5239,Suresh Varma,24A91A4410,suresh.varma243@apedu.ac.in,1st Year,CSE (Data Science),D,2,80.8,85,51,68,63,78,70,65,77,68,16,78,77,75,Low Risk
AP2024_5240,Deepika Somayajulu,21A91A0411,deepika.somayajulu244@apedu.ac.in,4th Year,ECE,C,7,78.3,68,72,57,62,66,76,74,73,63,18,75,60,76,Low Risk
AP2024_5241,Venkata Chary,21A91A0212,venkata.chary245@apedu.ac.in,4th Year,EEE,C,7,68.6,51,51,50,43,53,74,63,63,39,15,74,63,68,Medium Risk
AP2024_5242,Divya Naidu,23A91A0213,divya.naidu246@apedu.ac.in,2nd Year,EEE,D,3,75.0,74,75,73,75,65,71,78,69,68,19,83,75,78,Low Risk
AP2024_5243,Srikanth Reddy,23A91A0414,srikanth.reddy247@apedu.ac.in,2nd Year,ECE,C,3,67.8,67,69,63,47,59,58,64,69,63,18,71,78,67,Medium Risk
AP2024_5244,Ravi Babu,24A91A0315,ravi.babu248@apedu.ac.in,1st Year,Mechanical Engineering,D,2,44.3,53,56,52,56,37,35,47,51,52,13,40,54,43,High Risk
AP2024_5245,Naresh Babu,23A91A4216,naresh.babu249@apedu.ac.in,2nd Year,CSE (AI & ML),C,4,60.2,60,73,51,52,68,50,58,63,60,14,62,54,60,Medium Risk
AP2024_5246,Ananya Babu,24A91A0417,ananya.babu250@apedu.ac.in,1st Year,ECE,B,1,72.4,52,49,73,43,50,55,75,66,53,18,74,73,73,Medium Risk
AP2024_5247,Rahul Gupta,21A91A0418,rahul.gupta251@apedu.ac.in,4th Year,ECE,B,7,68.0,73,67,82,72,69,73,57,71,58,15,62,80,62,Medium Risk
AP2024_5248,Lavanya Yadav,23A91A0219,lavanya.yadav252@apedu.ac.in,2nd Year,EEE,C,3,51.2,75,65,69,56,77,68,48,69,62,14,56,71,51,High Risk
AP2024_5249,Pooja Somayajulu,21A91A0120,pooja.somayajulu253@apedu.ac.in,4th Year,Civil Engineering,D,8,82.6,67,35,58,45,60,54,75,56,47,17,69,57,76,Medium Risk
AP2024_5250,Sai Prasad,23A91A0421,sai.prasad254@apedu.ac.in,2nd Year,ECE,B,4,83.7,69,67,77,74,59,64,75,49,65,24,75,59,78,Low Risk
AP2024_5251,Akhil Murthy,23A91A4222,akhil.murthy255@apedu.ac.in,2nd Year,CSE (AI & ML),A,3,73.2,59,52,55,49,68,66,70,59,48,20,67,62,70,Medium Risk
AP2024_5252,Divya Varma,24A91A0223,divya.varma256@apedu.ac.in,1st Year,EEE,C,1,70.2,48,56,65,75,62,56,63,66,64,18,73,64,68,Medium Risk
AP2024_5253,Divya Prasad,22A91A0424,divya.prasad257@apedu.ac.in,3rd Year,ECE,B,5,78.7,64,79,64,64,72,65,83,73,64,18,74,83,78,Low Risk
AP2024_5254,Ganesh Babu,21A91A4425,ganesh.babu258@apedu.ac.in,4th Year,CSE (Data Science),D,7,88.3,73,53,54,48,50,74,83,71,47,21,68,70,80,Medium Risk
AP2024_5255,Ravi Yadav,24A91A0126,ravi.yadav259@apedu.ac.in,1st Year,Civil Engineering,A,1,52.8,48,64,52,30,44,35,56,59,43,15,54,55,54,High Risk
AP2024_5256,Charan Yadav,22A91A0127,charan.yadav260@apedu.ac.in,3rd Year,Civil Engineering,B,6,95.8,78,78,86,73,73,69,100,86,63,25,93,81,96,Low Risk
AP2024_5257,Venkata Joshi,22A91A0228,venkata.joshi261@apedu.ac.in,3rd Year,EEE,A,6,87.0,66,66,54,50,56,58,84,66,51,21,77,64,83,Medium Risk
AP2024_5258,Suresh Sharma,23A91A0329,suresh.sharma262@apedu.ac.in,2nd Year,Mechanical Engineering,A,4,63.8,78,73,73,79,67,65,71,65,63,16,59,68,64,Medium Risk
AP2024_5259,Naresh Sharma,22A91A0530,naresh.sharma263@apedu.ac.in,3rd Year,CSE,A,5,48.3,42,46,43,46,46,59,52,50,39,10,55,39,51,High Risk
AP2024_5260,Harika Patel,22A91A4231,harika.patel264@apedu.ac.in,3rd Year,CSE (AI & ML),D,6,59.1,63,73,62,58,65,54,61,74,57,17,58,75,59,Medium Risk
AP2024_5261,Keerthi Mishra,24A91A0432,keerthi.mishra265@apedu.ac.in,1st Year,ECE,A,1,73.8,75,62,80,83,80,75,68,77,66,14,68,72,70,Low Risk
AP2024_5262,Tejaswi Raju,24A91A0233,tejaswi.raju266@apedu.ac.in,1st Year,EEE,A,1,80.7,89,60,66,50,68,68,75,80,65,18,65,68,74,Medium Risk
AP2024_5263,Varun Verma,24A91A0134,varun.verma267@apedu.ac.in,1st Year,Civil Engineering,D,2,64.6,46,49,59,63,55,49,71,52,54,17,69,56,67,Medium Risk
AP2024_5264,Sandhya Patel,24A91A0335,sandhya.patel268@apedu.ac.in,1st Year,Mechanical Engineering,B,1,90.5,58,55,69,58,52,60,82,64,46,21,86,57,86,Medium Risk
AP2024_5265,Akhil Yadav,24A91A0436,akhil.yadav269@apedu.ac.in,1st Year,ECE,D,2,72.8,73,59,92,77,52,77,77,70,61,16,81,75,76,Low Risk
AP2024_5266,Pavan Babu,22A91A0537,pavan.babu270@apedu.ac.in,3rd Year,CSE,B,6,79.8,57,61,48,29,63,64,78,61,40,16,79,71,79,Medium Risk
AP2024_5267,Karthik Chary,24A91A0138,karthik.chary271@apedu.ac.in,1st Year,Civil Engineering,C,1,69.0,57,35,45,45,57,59,70,61,46,20,65,53,68,Medium Risk
AP2024_5268,Manasa Gupta,21A91A1239,manasa.gupta272@apedu.ac.in,4th Year,Information Technology,D,7,76.4,59,52,77,73,76,77,84,78,55,19,82,76,80,Low Risk
AP2024_5269,Yamini Raju,24A91A0540,yamini.raju273@apedu.ac.in,1st Year,CSE,B,1,73.3,71,76,75,64,64,74,83,74,62,20,77,74,77,Medium Risk
AP2024_5270,Mahesh Kulkarni,24A91A0441,mahesh.kulkarni274@apedu.ac.in,1st Year,ECE,D,2,63.9,68,62,68,74,81,59,63,65,66,15,60,73,62,Medium Risk
AP2024_5271,Harika Murthy,24A91A0342,harika.murthy275@apedu.ac.in,1st Year,Mechanical Engineering,D,1,69.6,88,76,100,84,78,94,80,76,79,21,65,89,71,Medium Risk
AP2024_5272,Ganesh Mishra,21A91A4243,ganesh.mishra276@apedu.ac.in,4th Year,CSE (AI & ML),D,7,86.7,46,78,53,52,60,62,73,59,59,21,88,58,82,Medium Risk
AP2024_5273,Manasa Babu,22A91A0444,manasa.babu277@apedu.ac.in,3rd Year,ECE,B,5,51.1,67,56,51,57,84,61,58,66,60,14,52,70,53,High Risk
AP2024_5274,Deepika Naidu,21A91A0345,deepika.naidu278@apedu.ac.in,4th Year,Mechanical Engineering,A,7,67.0,69,65,60,63,70,64,61,54,53,19,58,69,62,Medium Risk
AP2024_5275,Charan Joshi,23A91A0446,charan.joshi279@apedu.ac.in,2nd Year,ECE,C,4,68.8,68,67,50,49,64,55,54,66,54,17,64,70,62,Medium Risk
AP2024_5276,Keerthi Yadav,24A91A0147,keerthi.yadav280@apedu.ac.in,1st Year,Civil Engineering,C,2,83.5,88,90,93,89,99,81,76,96,91,18,77,96,79,Low Risk
AP2024_5277,Lavanya Somayajulu,23A91A0448,lavanya.somayajulu281@apedu.ac.in,2nd Year,ECE,C,4,47.4,72,57,64,46,70,63,50,55,61,11,58,67,51,High Risk
AP2024_5278,Nikhil Verma,23A91A4449,nikhil.verma282@apedu.ac.in,2nd Year,CSE (Data Science),D,4,58.8,74,65,68,68,61,54,52,56,67,13,60,70,57,Medium Risk
AP2024_5279,Tarun Kulkarni,23A91A1250,tarun.kulkarni283@apedu.ac.in,2nd Year,Information Technology,D,3,63.8,80,57,62,44,48,70,67,63,58,15,68,60,66,Medium Risk
AP2024_5280,Charan Joshi,24A91A0351,charan.joshi284@apedu.ac.in,1st Year,Mechanical Engineering,C,1,61.5,30,42,52,31,51,35,61,49,34,12,58,57,60,High Risk
AP2024_5281,Ganesh Murthy,21A91A0552,ganesh.murthy285@apedu.ac.in,4th Year,CSE,B,7,74.3,79,70,86,81,86,74,64,76,72,16,72,80,70,Low Risk
AP2024_5282,Sai Varma,22A91A4453,sai.varma286@apedu.ac.in,3rd Year,CSE (Data Science),D,5,64.3,65,61,64,55,59,76,60,67,57,17,56,69,60,Medium Risk
AP2024_5283,Aditya Sastry,21A91A0454,aditya.sastry287@apedu.ac.in,4th Year,ECE,C,8,80.3,70,66,52,51,62,75,81,78,53,21,76,69,79,Low Risk
AP2024_5284,Sireesha Naidu,22A91A4455,sireesha.naidu288@apedu.ac.in,3rd Year,CSE (Data Science),C,5,60.5,71,76,60,57,69,52,55,72,71,14,58,72,58,Medium Risk
AP2024_5285,Divya Mishra,22A91A0156,divya.mishra289@apedu.ac.in,3rd Year,Civil Engineering,A,6,82.1,60,44,47,43,58,71,75,66,41,15,67,58,75,Medium Risk
AP2024_5286,Nikhil Reddy,21A91A0557,nikhil.reddy290@apedu.ac.in,4th Year,CSE,D,7,59.3,61,59,62,44,45,55,42,52,48,14,66,67,56,Medium Risk
AP2024_5287,Divya Reddy,21A91A4458,divya.reddy291@apedu.ac.in,4th Year,CSE (Data Science),D,7,74.6,60,52,54,49,55,47,68,52,53,18,74,52,72,Medium Risk
AP2024_5288,Sravani Sastry,21A91A4259,sravani.sastry292@apedu.ac.in,4th Year,CSE (AI & ML),C,7,68.1,68,67,78,59,80,63,74,76,59,19,83,65,74,Medium Risk
AP2024_5289,Divya Patel,23A91A0160,divya.patel293@apedu.ac.in,2nd Year,Civil Engineering,B,4,95.0,73,78,73,77,76,76,100,78,65,22,98,81,97,Low Risk
AP2024_5290,Sai Chary,24A91A1261,sai.chary294@apedu.ac.in,1st Year,Information Technology,A,1,79.8,62,59,66,60,54,58,78,68,56,19,74,63,77,Medium Risk
AP2024_5291,Rohit Naidu,24A91A0262,rohit.naidu295@apedu.ac.in,1st Year,EEE,B,1,65.1,58,56,63,58,72,64,67,74,58,18,65,70,65,Medium Risk
AP2024_5292,Bhavya Gupta,22A91A0463,bhavya.gupta296@apedu.ac.in,3rd Year,ECE,A,6,87.9,54,70,54,49,65,57,74,60,63,16,73,70,79,Medium Risk
AP2024_5293,Keerthi Kulkarni,21A91A1264,keerthi.kulkarni297@apedu.ac.in,4th Year,Information Technology,A,8,71.3,67,79,89,69,72,67,72,71,64,16,57,81,67,Medium Risk
AP2024_5294,Gayatri Somayajulu,21A91A1265,gayatri.somayajulu298@apedu.ac.in,4th Year,Information Technology,A,7,69.0,79,74,66,55,66,62,72,61,60,16,65,71,68,Medium Risk
AP2024_5295,Manasa Kumar,21A91A0166,manasa.kumar299@apedu.ac.in,4th Year,Civil Engineering,D,8,72.8,73,63,46,42,61,77,76,75,52,16,84,78,77,Medium Risk
AP2024_5296,Mahesh Murthy,22A91A0167,mahesh.murthy300@apedu.ac.in,3rd Year,Civil Engineering,B,5,72.1,89,71,74,78,56,61,68,84,61,14,63,78,68,Low Risk
AP2024_5297,Bhavya Gupta,22A91A0568,bhavya.gupta301@apedu.ac.in,3rd Year,CSE,C,5,87.2,52,63,59,65,62,78,76,80,61,21,97,67,86,Low Risk
AP2024_5298,Rohit Goud,22A91A0169,rohit.goud302@apedu.ac.in,3rd Year,Civil Engineering,C,5,84.2,65,73,64,59,51,69,84,67,66,17,77,65,81,Low Risk
AP2024_5299,Bhavya Babu,23A91A4470,bhavya.babu303@apedu.ac.in,2nd Year,CSE (Data Science),A,3,65.4,59,58,32,26,36,58,56,61,27,16,63,47,61,High Risk
AP2024_5300,Swathi Naidu,22A91A0571,swathi.naidu304@apedu.ac.in,3rd Year,CSE,D,5,38.0,64,59,63,50,52,63,34,54,60,5,36,59,36,High Risk
AP2024_5301,Venkata Kumar,22A91A0472,venkata.kumar305@apedu.ac.in,3rd Year,ECE,D,6,66.1,68,75,84,74,62,76,58,67,63,9,57,78,60,Medium Risk
AP2024_5302,Ananya Chowdary,22A91A4273,ananya.chowdary306@apedu.ac.in,3rd Year,CSE (AI & ML),A,6,89.0,68,65,82,72,67,73,85,81,72,19,83,74,86,Low Risk
AP2024_5303,Charan Rao,24A91A4274,charan.rao307@apedu.ac.in,1st Year,CSE (AI & ML),D,1,84.0,79,75,79,64,62,65,89,67,62,25,80,73,84,Low Risk
AP2024_5304,Rohit Murthy,24A91A0575,rohit.murthy308@apedu.ac.in,1st Year,CSE,B,1,55.3,72,55,82,74,69,51,49,75,57,16,50,69,51,High Risk
AP2024_5305,Tarun Kumar,23A91A1276,tarun.kumar309@apedu.ac.in,2nd Year,Information Technology,C,4,86.4,49,52,62,40,58,72,85,72,51,21,78,59,83,Medium Risk
AP2024_5306,Ramesh Babu,23A91A0377,ramesh.babu310@apedu.ac.in,2nd Year,Mechanical Engineering,C,3,72.8,59,64,54,60,57,54,69,75,66,17,62,76,68,Medium Risk
AP2024_5307,Sandhya Mishra,23A91A1278,sandhya.mishra311@apedu.ac.in,2nd Year,Information Technology,A,4,77.3,70,54,63,55,43,68,82,59,49,18,86,66,81,Medium Risk
AP2024_5308,Ramesh Goud,24A91A0179,ramesh.goud312@apedu.ac.in,1st Year,Civil Engineering,D,2,60.1,70,75,71,75,72,61,66,71,73,16,56,69,60,Medium Risk
AP2024_5309,Naresh Naidu,22A91A0480,naresh.naidu313@apedu.ac.in,3rd Year,ECE,D,6,68.9,57,59,74,54,50,39,76,46,51,11,65,66,69,Medium Risk
AP2024_5310,Manasa Gupta,23A91A0581,manasa.gupta314@apedu.ac.in,2nd Year,CSE,B,3,73.4,72,80,66,62,75,80,70,81,76,16,58,80,67,Low Risk
AP2024_5311,Rahul Sastry,23A91A0182,rahul.sastry315@apedu.ac.in,2nd Year,Civil Engineering,C,4,71.7,47,58,72,65,58,59,66,57,52,18,59,72,66,Medium Risk
AP2024_5312,Rohit Mishra,23A91A0183,rohit.mishra316@apedu.ac.in,2nd Year,Civil Engineering,C,4,74.2,71,70,74,66,75,81,73,72,59,14,74,76,73,Low Risk
AP2024_5313,Kavya Bhatt,23A91A4484,kavya.bhatt317@apedu.ac.in,2nd Year,CSE (Data Science),C,4,57.6,72,55,81,76,56,87,66,71,53,16,64,66,62,High Risk
AP2024_5314,Sai Rao,24A91A0585,sai.rao318@apedu.ac.in,1st Year,CSE,D,1,89.4,39,42,57,50,45,53,75,59,40,19,69,60,78,Medium Risk
AP2024_5315,Ananya Naidu,22A91A0586,ananya.naidu319@apedu.ac.in,3rd Year,CSE,C,6,67.4,70,58,42,47,61,57,70,70,47,15,72,73,69,Medium Risk
AP2024_5316,Rahul Bhatt,24A91A0287,rahul.bhatt320@apedu.ac.in,1st Year,EEE,B,2,68.0,65,74,74,89,66,70,71,73,62,13,75,83,71,Medium Risk
AP2024_5317,Rohit Sastry,24A91A0488,rohit.sastry321@apedu.ac.in,1st Year,ECE,A,2,64.3,49,59,72,51,72,59,66,73,55,18,66,72,65,Medium Risk
AP2024_5318,Bhavya Verma,22A91A0489,bhavya.verma322@apedu.ac.in,3rd Year,ECE,D,6,72.7,69,72,74,74,80,63,67,79,69,19,55,69,65,Low Risk
AP2024_5319,Ramesh Somayajulu,23A91A4290,ramesh.somayajulu323@apedu.ac.in,2nd Year,CSE (AI & ML),A,3,80.9,64,53,50,30,49,47,69,76,44,17,79,56,76,Medium Risk
AP2024_5320,Ananya Rao,24A91A4201,ananya.rao324@apedu.ac.in,1st Year,CSE (AI & ML),D,1,67.0,75,64,77,54,71,61,71,73,58,19,62,82,66,Medium Risk
AP2024_5321,Akhil Chowdary,24A91A0502,akhil.chowdary325@apedu.ac.in,1st Year,CSE,B,2,93.0,54,53,81,81,61,52,88,68,55,16,74,62,85,Low Risk
AP2024_5322,Akhil Yadav,23A91A0203,akhil.yadav326@apedu.ac.in,2nd Year,EEE,A,4,72.0,60,64,43,32,54,58,75,66,52,19,76,63,74,Medium Risk
AP2024_5323,Charan Joshi,23A91A0404,charan.joshi327@apedu.ac.in,2nd Year,ECE,A,3,65.2,87,59,61,56,72,60,56,64,59,14,57,71,59,Medium Risk
AP2024_5324,Kavya Somayajulu,23A91A0105,kavya.somayajulu328@apedu.ac.in,2nd Year,Civil Engineering,D,4,86.7,88,98,79,79,94,96,74,79,78,21,90,92,83,Low Risk
AP2024_5325,Rahul Verma,21A91A4406,rahul.verma329@apedu.ac.in,4th Year,CSE (Data Science),A,8,89.7,70,73,70,50,71,56,81,76,56,22,82,72,84,Low Risk
AP2024_5326,Sandhya Naidu,23A91A0107,sandhya.naidu330@apedu.ac.in,2nd Year,Civil Engineering,A,3,71.4,75,78,82,63,72,71,76,62,63,19,71,72,72,Medium Risk
AP2024_5327,Keerthi Bhatt,22A91A0208,keerthi.bhatt331@apedu.ac.in,3rd Year,EEE,D,6,65.7,57,65,51,53,53,66,70,71,57,18,70,63,68,Medium Risk
AP2024_5328,Sai Kumar,23A91A4209,sai.kumar332@apedu.ac.in,2nd Year,CSE (AI & ML),A,3,52.4,94,80,100,74,86,77,66,80,70,13,47,87,54,High Risk
AP2024_5329,Keerthi Kulkarni,23A91A0510,keerthi.kulkarni333@apedu.ac.in,2nd Year,CSE,D,3,89.5,60,62,79,87,57,70,81,61,57,18,75,66,82,Low Risk
AP2024_5330,Ravi Sharma,21A91A4411,ravi.sharma334@apedu.ac.in,4th Year,CSE (Data Science),A,8,99.5,59,52,77,71,53,59,89,75,64,23,89,70,93,Medium Risk
AP2024_5331,Yamini Bhatt,24A91A4412,yamini.bhatt335@apedu.ac.in,1st Year,CSE (Data Science),D,2,83.5,73,43,68,66,68,55,83,82,61,19,79,62,81,Low Risk
AP2024_5332,Ramesh Verma,21A91A0313,ramesh.verma336@apedu.ac.in,4th Year,Mechanical Engineering,A,8,42.0,67,59,60,64,39,49,45,58,45,13,46,59,44,High Risk
AP2024_5333,Harika Prasad,21A91A1214,harika.prasad337@apedu.ac.in,4th Year,Information Technology,A,8,38.1,60,64,67,62,61,52,25,55,51,8,28,63,31,High Risk
AP2024_5334,Sandhya Sastry,21A91A4415,sandhya.sastry338@apedu.ac.in,4th Year,CSE (Data Science),B,8,58.8,54,59,43,32,57,63,64,58,50,15,52,63,58,Medium Risk
AP2024_5335,Deepika Verma,21A91A0516,deepika.verma339@apedu.ac.in,4th Year,CSE,A,8,88.6,55,43,43,30,36,49,84,58,44,15,82,47,85,High Risk
AP2024_5336,Tarun Yadav,23A91A0117,tarun.yadav340@apedu.ac.in,2nd Year,Civil Engineering,B,4,38.0,52,65,81,63,67,74,35,56,55,10,43,75,38,High Risk
AP2024_5337,Swathi Goud,23A91A0118,swathi.goud341@apedu.ac.in,2nd Year,Civil Engineering,D,4,59.7,47,63,54,40,40,56,63,66,54,14,55,49,59,Medium Risk
AP2024_5338,Lavanya Mishra,24A91A1219,lavanya.mishra342@apedu.ac.in,1st Year,Information Technology,D,1,87.4,81,86,61,60,62,62,79,72,63,19,73,68,80,Low Risk
AP2024_5339,Rahul Prasad,22A91A4420,rahul.prasad343@apedu.ac.in,3rd Year,CSE (Data Science),A,5,64.3,60,80,75,72,75,73,55,78,74,17,63,71,61,Medium Risk
AP2024_5340,Mahesh Gupta,23A91A4221,mahesh.gupta344@apedu.ac.in,2nd Year,CSE (AI & ML),B,4,63.7,61,63,48,52,62,64,68,66,55,15,66,69,65,Medium Risk
AP2024_5341,Sireesha Patel,21A91A1222,sireesha.patel345@apedu.ac.in,4th Year,Information Technology,B,8,75.6,53,55,51,36,52,56,77,57,47,19,79,56,77,Medium Risk
AP2024_5342,Ganesh Patel,21A91A0223,ganesh.patel346@apedu.ac.in,4th Year,EEE,A,8,64.7,68,63,40,46,56,41,71,60,52,17,74,58,69,Medium Risk
AP2024_5343,Yamini Sharma,22A91A0324,yamini.sharma347@apedu.ac.in,3rd Year,Mechanical Engineering,A,5,86.2,74,79,63,59,74,74,82,84,63,25,84,86,84,Low Risk
AP2024_5344,Pooja Somayajulu,22A91A1225,pooja.somayajulu348@apedu.ac.in,3rd Year,Information Technology,A,5,90.0,63,49,88,63,74,69,93,78,65,23,89,78,90,Low Risk
AP2024_5345,Manasa Patel,21A91A4226,manasa.patel349@apedu.ac.in,4th Year,CSE (AI & ML),B,7,80.9,73,52,52,68,56,63,69,66,53,15,71,69,74,Medium Risk
AP2024_5346,Swathi Kumar,21A91A4227,swathi.kumar350@apedu.ac.in,4th Year,CSE (AI & ML),D,8,48.1,67,61,54,41,48,65,46,56,49,11,50,68,48,High Risk
AP2024_5347,Rahul Yadav,24A91A0128,rahul.yadav351@apedu.ac.in,1st Year,Civil Engineering,A,2,57.6,92,81,86,79,61,86,63,76,78,14,63,70,60,High Risk
AP2024_5348,Ananya Yadav,22A91A0529,ananya.yadav352@apedu.ac.in,3rd Year,CSE,B,5,68.8,92,74,70,68,61,58,67,81,64,19,67,75,67,Medium Risk
AP2024_5349,Kavya Raju,23A91A1230,kavya.raju353@apedu.ac.in,2nd Year,Information Technology,C,4,84.6,64,53,76,78,88,70,77,78,66,19,91,84,84,Low Risk
AP2024_5350,Mahesh Rao,23A91A4431,mahesh.rao354@apedu.ac.in,2nd Year,CSE (Data Science),B,3,78.5,53,55,48,41,45,43,70,74,46,16,78,51,75,Medium Risk
AP2024_5351,Venkata Chowdary,24A91A0332,venkata.chowdary355@apedu.ac.in,1st Year,Mechanical Engineering,A,1,76.2,78,62,72,55,60,64,82,76,58,21,64,78,74,Medium Risk
AP2024_5352,Pooja Yadav,21A91A1233,pooja.yadav356@apedu.ac.in,4th Year,Information Technology,C,7,63.8,65,66,80,74,73,71,56,72,66,17,66,69,62,Medium Risk
AP2024_5353,Sneha Bhatt,24A91A0334,sneha.bhatt357@apedu.ac.in,1st Year,Mechanical Engineering,B,2,72.3,64,79,61,38,66,65,74,62,59,19,60,66,69,Medium Risk
AP2024_5354,Aditya Goud,23A91A0135,aditya.goud358@apedu.ac.in,2nd Year,Civil Engineering,B,3,76.2,69,52,60,56,49,46,59,46,51,15,64,60,67,Medium Risk
AP2024_5355,Suresh Yadav,24A91A4436,suresh.yadav359@apedu.ac.in,1st Year,CSE (Data Science),A,2,77.7,43,61,66,71,55,69,57,58,57,16,61,72,66,Medium Risk
AP2024_5356,Sai Sastry,23A91A4437,sai.sastry360@apedu.ac.in,2nd Year,CSE (Data Science),C,3,70.8,45,48,61,57,51,67,72,55,39,18,74,66,72,Medium Risk
AP2024_5357,Aditya Prasad,21A91A0238,aditya.prasad361@apedu.ac.in,4th Year,EEE,D,7,72.1,60,62,72,70,57,57,81,62,60,20,75,67,75,Low Risk
AP2024_5358,Srikanth Verma,21A91A0539,srikanth.verma362@apedu.ac.in,4th Year,CSE,C,8,73.2,74,50,60,52,52,54,73,74,50,17,57,57,68,Medium Risk
AP2024_5359,Ravi Somayajulu,24A91A0240,ravi.somayajulu363@apedu.ac.in,1st Year,EEE,D,2,78.2,32,56,48,27,59,54,71,60,34,19,63,44,71,Medium Risk
AP2024_5360,Ramesh Kumar,21A91A0241,ramesh.kumar364@apedu.ac.in,4th Year,EEE,A,8,58.9,61,52,69,52,54,79,60,65,52,13,56,73,58,Medium Risk
AP2024_5361,Manasa Joshi,21A91A0342,manasa.joshi365@apedu.ac.in,4th Year,Mechanical Engineering,C,7,70.1,44,45,57,63,61,41,64,52,50,18,75,60,69,Medium Risk
AP2024_5362,Kavya Kumar,23A91A0343,kavya.kumar366@apedu.ac.in,2nd Year,Mechanical Engineering,A,4,69.8,44,52,56,45,58,51,63,61,46,22,56,64,63,Medium Risk
AP2024_5363,Varun Prasad,21A91A0344,varun.prasad367@apedu.ac.in,4th Year,Mechanical Engineering,B,8,68.1,56,55,57,53,43,58,66,63,48,18,56,57,63,Medium Risk
AP2024_5364,Varun Mishra,23A91A0445,varun.mishra368@apedu.ac.in,2nd Year,ECE,C,4,46.9,48,36,63,38,53,42,44,51,44,13,45,47,45,High Risk
AP2024_5365,Yamini Murthy,23A91A1246,yamini.murthy369@apedu.ac.in,2nd Year,Information Technology,B,4,48.7,43,69,53,53,52,57,66,46,50,9,57,65,56,High Risk
AP2024_5366,Ganesh Prasad,22A91A0447,ganesh.prasad370@apedu.ac.in,3rd Year,ECE,B,6,55.2,82,82,84,78,72,72,56,77,69,19,59,82,56,High Risk
AP2024_5367,Venkata Kulkarni,21A91A0348,venkata.kulkarni371@apedu.ac.in,4th Year,Mechanical Engineering,D,8,81.7,46,32,47,38,59,53,83,55,42,22,88,53,83,Medium Risk
AP2024_5368,Sai Mishra,22A91A4449,sai.mishra372@apedu.ac.in,3rd Year,CSE (Data Science),D,5,45.2,75,55,75,88,64,53,32,57,61,8,34,61,37,High Risk
AP2024_5369,Gayatri Joshi,23A91A0250,gayatri.joshi373@apedu.ac.in,2nd Year,EEE,B,4,82.1,62,61,69,47,63,58,84,65,55,19,87,67,84,Medium Risk
AP2024_5370,Ganesh Chary,22A91A0351,ganesh.chary374@apedu.ac.in,3rd Year,Mechanical Engineering,A,5,38.0,54,50,63,58,45,54,43,43,52,9,41,47,40,High Risk
AP2024_5371,Pavan Patel,24A91A0552,pavan.patel375@apedu.ac.in,1st Year,CSE,B,2,62.8,56,55,68,65,55,65,66,69,56,16,65,70,64,Medium Risk
AP2024_5372,Chaitanya Raju,21A91A4453,chaitanya.raju376@apedu.ac.in,4th Year,CSE (Data Science),A,8,78.7,62,63,64,69,57,57,73,66,56,18,71,71,74,Low Risk
AP2024_5373,Ananya Babu,23A91A4454,ananya.babu377@apedu.ac.in,2nd Year,CSE (Data Science),B,4,58.0,46,46,59,62,52,45,70,54,46,11,60,55,62,High Risk
AP2024_5374,Naresh Rao,21A91A0455,naresh.rao378@apedu.ac.in,4th Year,ECE,D,8,60.7,46,33,58,44,40,69,65,53,41,17,74,55,65,Medium Risk
AP2024_5375,Rohit Bhatt,22A91A0356,rohit.bhatt379@apedu.ac.in,3rd Year,Mechanical Engineering,A,6,93.7,59,49,50,59,61,51,84,68,54,22,87,64,88,Medium Risk
AP2024_5376,Nikhil Joshi,24A91A0157,nikhil.joshi380@apedu.ac.in,1st Year,Civil Engineering,B,1,73.0,72,61,61,54,56,68,75,78,38,24,81,73,75,Low Risk
AP2024_5377,Charan Joshi,22A91A0358,charan.joshi381@apedu.ac.in,3rd Year,Mechanical Engineering,A,5,99.5,64,74,68,49,82,82,100,80,56,23,95,81,98,Low Risk
AP2024_5378,Divya Somayajulu,24A91A0359,divya.somayajulu382@apedu.ac.in,1st Year,Mechanical Engineering,A,2,63.8,47,56,47,21,56,54,67,55,47,16,71,58,66,Medium Risk
AP2024_5379,Aditya Joshi,24A91A0460,aditya.joshi383@apedu.ac.in,1st Year,ECE,C,2,63.1,60,60,56,47,60,61,80,61,58,19,75,66,71,Medium Risk
AP2024_5380,Pranavi Naidu,23A91A0261,pranavi.naidu384@apedu.ac.in,2nd Year,EEE,B,4,90.9,92,60,76,65,69,81,82,75,67,21,87,77,87,Low Risk
AP2024_5381,Pranavi Sastry,22A91A4262,pranavi.sastry385@apedu.ac.in,3rd Year,CSE (AI & ML),A,5,66.9,66,63,54,54,63,59,75,72,55,19,66,69,69,Medium Risk
AP2024_5382,Suresh Varma,23A91A0563,suresh.varma386@apedu.ac.in,2nd Year,CSE,C,4,84.8,66,60,63,41,50,68,80,76,51,27,78,68,81,Medium Risk
AP2024_5383,Sneha Prasad,22A91A1264,sneha.prasad387@apedu.ac.in,3rd Year,Information Technology,C,5,95.6,79,51,61,61,76,56,86,72,54,22,92,72,91,Low Risk
AP2024_5384,Rohit Joshi,21A91A4465,rohit.joshi388@apedu.ac.in,4th Year,CSE (Data Science),C,8,64.3,56,62,37,39,62,65,80,63,47,17,82,65,74,Medium Risk
AP2024_5385,Suresh Somayajulu,24A91A1266,suresh.somayajulu389@apedu.ac.in,1st Year,Information Technology,B,2,90.2,65,87,66,50,75,80,83,63,61,19,83,79,85,Low Risk
AP2024_5386,Akhil Sharma,22A91A0267,akhil.sharma390@apedu.ac.in,3rd Year,EEE,C,6,61.3,60,57,81,56,56,73,52,63,62,14,51,59,55,Medium Risk
AP2024_5387,Rahul Raju,21A91A4268,rahul.raju391@apedu.ac.in,4th Year,CSE (AI & ML),B,7,61.6,57,51,57,44,41,45,54,52,40,17,51,54,56,Medium Risk
AP2024_5388,Sireesha Chowdary,24A91A0269,sireesha.chowdary392@apedu.ac.in,1st Year,EEE,C,2,72.5,67,67,68,66,61,63,66,50,64,16,61,67,67,Medium Risk
AP2024_5389,Keerthi Patel,23A91A0570,keerthi.patel393@apedu.ac.in,2nd Year,CSE,D,4,86.6,60,66,59,80,57,67,75,61,53,19,78,71,80,Medium Risk
AP2024_5390,Divya Sastry,23A91A0171,divya.sastry394@apedu.ac.in,2nd Year,Civil Engineering,D,3,78.7,62,48,74,46,69,58,79,76,66,20,74,50,77,Medium Risk
AP2024_5391,Bhavya Verma,21A91A0172,bhavya.verma395@apedu.ac.in,4th Year,Civil Engineering,A,8,66.3,70,58,56,47,58,68,64,59,61,14,65,59,65,Medium Risk
AP2024_5392,Divya Naidu,22A91A0373,divya.naidu396@apedu.ac.in,3rd Year,Mechanical Engineering,D,6,47.4,45,34,49,66,62,45,49,49,54,12,49,59,48,High Risk
AP2024_5393,Sneha Murthy,22A91A4474,sneha.murthy397@apedu.ac.in,3rd Year,CSE (Data Science),D,5,79.9,58,48,46,49,59,64,71,62,62,16,77,71,76,Medium Risk
AP2024_5394,Venkata Mishra,22A91A1275,venkata.mishra398@apedu.ac.in,3rd Year,Information Technology,D,5,73.3,38,51,50,48,55,56,74,63,43,15,70,51,72,Medium Risk
AP2024_5395,Sneha Reddy,24A91A0476,sneha.reddy399@apedu.ac.in,1st Year,ECE,A,2,73.5,72,56,64,43,44,69,72,66,51,17,55,66,67,Medium Risk
AP2024_5396,Ramesh Murthy,23A91A0477,ramesh.murthy400@apedu.ac.in,2nd Year,ECE,C,3,75.9,30,49,43,32,59,68,82,56,44,20,68,54,75,Medium Risk
AP2024_5397,Pooja Murthy,21A91A0278,pooja.murthy401@apedu.ac.in,4th Year,EEE,C,7,61.8,46,63,56,60,85,70,55,73,61,15,62,72,59,Medium Risk
AP2024_5398,Karthik Somayajulu,22A91A4479,karthik.somayajulu402@apedu.ac.in,3rd Year,CSE (Data Science),D,5,87.0,73,87,81,79,71,85,77,83,79,19,79,79,81,Low Risk
AP2024_5399,Lavanya Verma,24A91A0480,lavanya.verma403@apedu.ac.in,1st Year,ECE,C,1,99.5,75,52,68,54,57,53,96,62,61,23,95,63,97,Medium Risk
AP2024_5400,Pranavi Mishra,24A91A0381,pranavi.mishra404@apedu.ac.in,1st Year,Mechanical Engineering,A,2,94.2,64,70,80,62,77,85,88,74,61,21,87,80,90,Low Risk
AP2024_5401,Tejaswi Yadav,23A91A4482,tejaswi.yadav405@apedu.ac.in,2nd Year,CSE (Data Science),C,3,70.0,70,59,69,58,57,60,60,60,59,17,57,64,63,Medium Risk
AP2024_5402,Ramesh Verma,21A91A0383,ramesh.verma406@apedu.ac.in,4th Year,Mechanical Engineering,A,8,68.0,59,41,42,35,49,65,70,65,32,15,58,58,65,Medium Risk
AP2024_5403,Rohit Joshi,23A91A4284,rohit.joshi407@apedu.ac.in,2nd Year,CSE (AI & ML),B,3,44.2,64,56,56,54,54,67,52,65,55,9,53,58,49,High Risk
AP2024_5404,Kavya Varma,21A91A0385,kavya.varma408@apedu.ac.in,4th Year,Mechanical Engineering,D,8,73.4,57,61,46,41,50,54,79,65,45,20,70,61,74,Medium Risk
AP2024_5405,Manasa Babu,23A91A4286,manasa.babu409@apedu.ac.in,2nd Year,CSE (AI & ML),C,3,59.7,41,34,57,43,44,48,71,55,50,15,67,40,65,High Risk
AP2024_5406,Tejaswi Bhatt,24A91A0287,tejaswi.bhatt410@apedu.ac.in,1st Year,EEE,B,2,74.3,41,59,73,62,53,56,76,53,35,17,80,61,76,Medium Risk
AP2024_5407,Rahul Mishra,23A91A0488,rahul.mishra411@apedu.ac.in,2nd Year,ECE,D,4,61.8,50,52,56,45,58,58,56,63,54,16,50,50,56,Medium Risk
AP2024_5408,Gayatri Kumar,23A91A0589,gayatri.kumar412@apedu.ac.in,2nd Year,CSE,B,3,57.3,74,53,78,80,68,50,58,61,65,10,67,76,60,High Risk
AP2024_5409,Swathi Sastry,21A91A4290,swathi.sastry413@apedu.ac.in,4th Year,CSE (AI & ML),C,7,79.9,52,56,26,22,41,47,80,64,41,17,75,49,78,High Risk
AP2024_5410,Venkata Murthy,23A91A1201,venkata.murthy414@apedu.ac.in,2nd Year,Information Technology,B,3,70.9,55,73,61,60,56,52,57,55,62,15,74,69,67,Medium Risk
AP2024_5411,Manasa Patel,24A91A0402,manasa.patel415@apedu.ac.in,1st Year,ECE,B,2,70.0,54,58,43,38,40,47,69,62,28,19,67,56,68,Medium Risk
AP2024_5412,Sandhya Chowdary,21A91A4203,sandhya.chowdary416@apedu.ac.in,4th Year,CSE (AI & ML),A,7,70.1,79,76,61,60,63,68,78,76,68,19,78,70,74,Medium Risk
AP2024_5413,Sandhya Sastry,23A91A4404,sandhya.sastry417@apedu.ac.in,2nd Year,CSE (Data Science),A,3,69.8,62,69,67,60,57,70,79,74,52,21,69,70,72,Medium Risk
AP2024_5414,Swathi Joshi,23A91A4205,swathi.joshi418@apedu.ac.in,2nd Year,CSE (AI & ML),C,4,74.9,76,74,72,65,76,64,87,90,63,23,84,77,81,Low Risk
AP2024_5415,Lavanya Sharma,21A91A1206,lavanya.sharma419@apedu.ac.in,4th Year,Information Technology,A,8,67.7,73,66,71,68,72,71,65,68,60,15,73,79,68,Medium Risk
AP2024_5416,Venkata Kumar,23A91A1207,venkata.kumar420@apedu.ac.in,2nd Year,Information Technology,A,4,66.7,63,79,66,66,68,57,62,72,67,11,61,69,63,Medium Risk
AP2024_5417,Lavanya Yadav,22A91A4208,lavanya.yadav421@apedu.ac.in,3rd Year,CSE (AI & ML),C,6,73.8,52,49,54,53,51,65,88,62,39,16,69,74,76,Medium Risk
AP2024_5418,Bhavya Rao,22A91A0309,bhavya.rao422@apedu.ac.in,3rd Year,Mechanical Engineering,A,6,59.4,55,68,68,58,63,77,58,54,63,15,57,61,58,Medium Risk
AP2024_5419,Sai Goud,24A91A0110,sai.goud423@apedu.ac.in,1st Year,Civil Engineering,B,1,85.8,71,50,60,52,48,56,77,65,58,16,85,72,82,Medium Risk
AP2024_5420,Yamini Sastry,24A91A0211,yamini.sastry424@apedu.ac.in,1st Year,EEE,C,1,49.8,67,62,73,80,61,53,56,52,66,12,48,63,51,High Risk
AP2024_5421,Ananya Goud,22A91A1212,ananya.goud425@apedu.ac.in,3rd Year,Information Technology,D,6,54.9,67,66,65,39,54,64,77,67,51,16,55,73,61,High Risk
AP2024_5422,Ananya Verma,24A91A0513,ananya.verma426@apedu.ac.in,1st Year,CSE,B,2,79.1,55,68,58,55,65,68,67,68,56,18,67,65,71,Medium Risk
AP2024_5423,Varun Murthy,21A91A0214,varun.murthy427@apedu.ac.in,4th Year,EEE,A,8,73.2,62,63,89,62,63,67,80,70,64,20,71,79,74,Low Risk
AP2024_5424,Chaitanya Somayajulu,23A91A0115,chaitanya.somayajulu428@apedu.ac.in,2nd Year,Civil Engineering,A,3,71.9,65,61,68,83,68,65,67,73,58,17,68,64,69,Medium Risk
AP2024_5425,Karthik Naidu,23A91A1216,karthik.naidu429@apedu.ac.in,2nd Year,Information Technology,B,3,86.1,99,79,80,69,77,81,93,80,76,20,80,82,86,Low Risk
AP2024_5426,Pooja Rao,22A91A0417,pooja.rao430@apedu.ac.in,3rd Year,ECE,B,5,70.4,68,63,62,70,63,68,69,71,53,15,69,65,69,Medium Risk
AP2024_5427,Varun Prasad,24A91A0218,varun.prasad431@apedu.ac.in,1st Year,EEE,B,1,75.4,66,66,73,68,55,68,62,63,54,17,63,65,67,Low Risk
AP2024_5428,Rohit Reddy,24A91A4419,rohit.reddy432@apedu.ac.in,1st Year,CSE (Data Science),C,1,80.3,68,72,60,54,62,66,93,78,56,19,80,62,84,Low Risk
AP2024_5429,Nikhil Goud,24A91A4220,nikhil.goud433@apedu.ac.in,1st Year,CSE (AI & ML),D,1,59.7,59,52,63,45,50,59,55,78,56,16,58,71,57,Medium Risk
AP2024_5430,Akhil Chowdary,21A91A0121,akhil.chowdary434@apedu.ac.in,4th Year,Civil Engineering,A,7,68.0,51,54,49,60,54,42,51,56,45,15,57,53,59,High Risk
AP2024_5431,Nikhil Joshi,24A91A0422,nikhil.joshi435@apedu.ac.in,1st Year,ECE,D,2,73.6,57,50,37,33,54,66,57,68,35,14,52,52,62,Medium Risk
AP2024_5432,Ramesh Reddy,21A91A1223,ramesh.reddy436@apedu.ac.in,4th Year,Information Technology,D,8,76.0,69,84,61,57,62,63,76,68,49,19,77,69,76,Low Risk
AP2024_5433,Sravani Goud,24A91A0524,sravani.goud437@apedu.ac.in,1st Year,CSE,C,1,66.0,64,60,63,63,57,65,65,64,60,19,66,65,65,Medium Risk
AP2024_5434,Divya Naidu,22A91A0525,divya.naidu438@apedu.ac.in,3rd Year,CSE,D,5,73.6,55,72,64,58,79,69,81,73,54,23,79,75,77,Low Risk
AP2024_5435,Sai Babu,24A91A0426,sai.babu439@apedu.ac.in,1st Year,ECE,C,2,71.7,57,75,58,66,64,80,72,78,68,17,75,77,72,Medium Risk
AP2024_5436,Yamini Kumar,24A91A4227,yamini.kumar440@apedu.ac.in,1st Year,CSE (AI & ML),B,2,60.7,69,67,65,45,56,65,68,69,53,19,72,69,66,Medium Risk
AP2024_5437,Manoj Babu,24A91A4228,manoj.babu441@apedu.ac.in,1st Year,CSE (AI & ML),A,2,46.5,42,56,51,48,47,48,42,53,52,12,46,58,44,High Risk
AP2024_5438,Swathi Naidu,22A91A0329,swathi.naidu442@apedu.ac.in,3rd Year,Mechanical Engineering,C,6,92.9,63,84,63,51,80,71,97,69,62,22,86,66,92,Low Risk
AP2024_5439,Srikanth Murthy,21A91A0130,srikanth.murthy443@apedu.ac.in,4th Year,Civil Engineering,C,7,81.8,70,67,69,66,83,83,79,71,60,19,80,71,80,Low Risk
AP2024_5440,Charan Prasad,24A91A1231,charan.prasad444@apedu.ac.in,1st Year,Information Technology,D,1,50.8,47,41,32,36,47,46,34,48,52,11,35,49,41,High Risk
AP2024_5441,Ravi Naidu,23A91A1232,ravi.naidu445@apedu.ac.in,2nd Year,Information Technology,A,4,48.9,53,47,55,58,55,52,61,61,44,16,56,58,54,High Risk
AP2024_5442,Sandhya Mishra,21A91A0133,sandhya.mishra446@apedu.ac.in,4th Year,Civil Engineering,B,7,51.5,63,53,55,39,61,69,48,63,43,15,47,57,49,High Risk
AP2024_5443,Swathi Kumar,21A91A4434,swathi.kumar447@apedu.ac.in,4th Year,CSE (Data Science),D,7,68.4,66,74,79,79,65,67,65,81,69,19,73,70,68,Medium Risk
AP2024_5444,Manasa Babu,23A91A0335,manasa.babu448@apedu.ac.in,2nd Year,Mechanical Engineering,C,3,93.9,58,77,72,65,61,88,87,73,54,25,92,72,91,Low Risk
AP2024_5445,Ravi Sharma,21A91A0436,ravi.sharma449@apedu.ac.in,4th Year,ECE,D,7,68.4,55,59,85,54,61,69,66,60,47,17,59,73,64,Medium Risk
AP2024_5446,Tejaswi Rao,23A91A0437,tejaswi.rao450@apedu.ac.in,2nd Year,ECE,C,3,83.3,76,84,69,74,63,73,91,85,68,18,77,87,83,Low Risk
AP2024_5447,Manasa Naidu,22A91A0138,manasa.naidu451@apedu.ac.in,3rd Year,Civil Engineering,D,6,61.8,64,43,55,55,69,60,55,52,57,15,47,61,55,Medium Risk
AP2024_5448,Aditya Sastry,21A91A0439,aditya.sastry452@apedu.ac.in,4th Year,ECE,A,7,55.9,50,69,76,88,66,56,59,72,72,11,51,62,55,High Risk
AP2024_5449,Tejaswi Kulkarni,24A91A1240,tejaswi.kulkarni453@apedu.ac.in,1st Year,Information Technology,D,1,93.8,61,47,42,42,61,68,85,70,48,24,81,73,87,Medium Risk
AP2024_5450,Harika Kulkarni,22A91A4241,harika.kulkarni454@apedu.ac.in,3rd Year,CSE (AI & ML),C,5,80.3,50,36,43,37,55,51,78,56,35,17,74,53,77,Medium Risk
AP2024_5451,Aditya Gupta,23A91A0142,aditya.gupta455@apedu.ac.in,2nd Year,Civil Engineering,D,3,91.0,62,65,77,59,88,78,87,79,74,19,77,78,85,Low Risk
AP2024_5452,Manoj Murthy,22A91A0543,manoj.murthy456@apedu.ac.in,3rd Year,CSE,C,6,91.8,98,81,82,61,65,73,91,79,68,25,79,81,87,Low Risk
AP2024_5453,Manasa Patel,21A91A1244,manasa.patel457@apedu.ac.in,4th Year,Information Technology,A,8,75.8,70,75,75,66,68,65,67,56,66,15,65,66,69,Medium Risk
AP2024_5454,Manoj Prasad,23A91A0545,manoj.prasad458@apedu.ac.in,2nd Year,CSE,C,3,58.9,60,70,27,22,58,59,64,53,43,16,58,60,60,Medium Risk
AP2024_5455,Chaitanya Verma,21A91A0146,chaitanya.verma459@apedu.ac.in,4th Year,Civil Engineering,B,7,93.4,59,62,52,54,51,71,80,69,54,18,81,62,85,Medium Risk
AP2024_5456,Rahul Kumar,23A91A4247,rahul.kumar460@apedu.ac.in,2nd Year,CSE (AI & ML),B,3,61.3,52,64,55,47,70,58,59,77,54,16,58,65,59,Medium Risk
AP2024_5457,Sravani Rao,21A91A0448,sravani.rao461@apedu.ac.in,4th Year,ECE,C,8,83.4,63,45,82,91,62,56,79,72,66,15,79,76,80,Low Risk
AP2024_5458,Pooja Rao,22A91A0149,pooja.rao462@apedu.ac.in,3rd Year,Civil Engineering,B,5,57.2,59,48,76,64,51,44,69,53,57,12,54,69,59,High Risk
AP2024_5459,Swathi Chowdary,24A91A4450,swathi.chowdary463@apedu.ac.in,1st Year,CSE (Data Science),B,2,48.1,82,69,72,60,55,52,44,60,69,13,46,72,46,High Risk
AP2024_5460,Sandhya Goud,22A91A4251,sandhya.goud464@apedu.ac.in,3rd Year,CSE (AI & ML),B,6,91.2,51,70,67,57,63,65,74,71,52,17,74,59,80,Low Risk
AP2024_5461,Venkata Naidu,24A91A0152,venkata.naidu465@apedu.ac.in,1st Year,Civil Engineering,A,2,38.0,59,51,55,50,50,69,32,49,44,4,31,44,34,High Risk
AP2024_5462,Sravani Patel,21A91A1253,sravani.patel466@apedu.ac.in,4th Year,Information Technology,C,8,95.7,97,84,69,81,77,72,100,77,81,24,98,96,97,Low Risk
AP2024_5463,Swathi Chary,21A91A0354,swathi.chary467@apedu.ac.in,4th Year,Mechanical Engineering,B,7,87.8,85,75,75,76,68,67,72,75,71,18,81,82,81,Low Risk
AP2024_5464,Divya Chowdary,21A91A4255,divya.chowdary468@apedu.ac.in,4th Year,CSE (AI & ML),C,7,74.2,28,49,29,29,39,72,68,56,41,18,77,53,73,High Risk
AP2024_5465,Chaitanya Murthy,22A91A0356,chaitanya.murthy469@apedu.ac.in,3rd Year,Mechanical Engineering,A,6,65.4,77,58,63,58,39,64,59,67,49,16,62,75,62,Medium Risk
AP2024_5466,Yamini Chary,24A91A0157,yamini.chary470@apedu.ac.in,1st Year,Civil Engineering,A,1,68.6,69,66,72,63,63,71,72,84,68,12,49,62,63,Medium Risk
AP2024_5467,Ravi Sharma,22A91A0458,ravi.sharma471@apedu.ac.in,3rd Year,ECE,A,6,76.4,77,54,69,48,77,61,62,63,57,17,68,84,69,Medium Risk
AP2024_5468,Deepika Sharma,24A91A1259,deepika.sharma472@apedu.ac.in,1st Year,Information Technology,C,1,89.9,55,47,45,30,51,68,91,63,42,21,89,55,89,Medium Risk
AP2024_5469,Keerthi Babu,23A91A4260,keerthi.babu473@apedu.ac.in,2nd Year,CSE (AI & ML),D,4,83.2,50,53,54,58,56,66,81,61,54,19,81,60,81,Medium Risk
AP2024_5470,Ramesh Gupta,21A91A1261,ramesh.gupta474@apedu.ac.in,4th Year,Information Technology,A,7,61.4,42,44,47,34,59,50,58,44,43,16,60,56,59,Medium Risk
AP2024_5471,Rahul Bhatt,23A91A0162,rahul.bhatt475@apedu.ac.in,2nd Year,Civil Engineering,B,3,57.2,57,61,77,62,52,49,57,66,57,16,53,64,55,High Risk
AP2024_5472,Ananya Chowdary,23A91A1263,ananya.chowdary476@apedu.ac.in,2nd Year,Information Technology,A,3,72.0,47,39,68,52,56,49,70,54,47,18,72,48,71,Medium Risk
AP2024_5473,Ganesh Sastry,22A91A4464,ganesh.sastry477@apedu.ac.in,3rd Year,CSE (Data Science),A,5,76.7,77,63,63,52,81,75,69,83,65,20,88,78,77,Medium Risk
AP2024_5474,Manasa Verma,23A91A4265,manasa.verma478@apedu.ac.in,2nd Year,CSE (AI & ML),B,4,70.8,81,59,53,52,57,66,89,65,54,20,86,72,80,Medium Risk
AP2024_5475,Pooja Sastry,22A91A0566,pooja.sastry479@apedu.ac.in,3rd Year,CSE,A,6,67.0,67,62,58,46,44,49,70,57,42,17,58,60,65,Medium Risk
AP2024_5476,Pavan Somayajulu,24A91A1267,pavan.somayajulu480@apedu.ac.in,1st Year,Information Technology,B,1,41.3,52,44,66,50,49,45,45,62,47,11,39,60,41,High Risk
AP2024_5477,Ramesh Kumar,22A91A0368,ramesh.kumar481@apedu.ac.in,3rd Year,Mechanical Engineering,B,6,88.2,84,57,82,81,78,57,87,77,53,22,87,70,87,Low Risk
AP2024_5478,Charan Somayajulu,21A91A4269,charan.somayajulu482@apedu.ac.in,4th Year,CSE (AI & ML),B,7,82.3,83,58,70,58,54,56,75,73,54,21,81,69,79,Low Risk
AP2024_5479,Sravani Raju,23A91A4470,sravani.raju483@apedu.ac.in,2nd Year,CSE (Data Science),C,3,79.8,52,55,65,50,58,63,67,58,62,22,64,56,71,Medium Risk
AP2024_5480,Charan Chowdary,21A91A4271,charan.chowdary484@apedu.ac.in,4th Year,CSE (AI & ML),B,8,76.2,81,42,67,73,61,52,83,72,53,24,85,62,80,Medium Risk
AP2024_5481,Sireesha Joshi,24A91A1272,sireesha.joshi485@apedu.ac.in,1st Year,Information Technology,D,2,69.0,41,51,53,53,54,53,62,50,41,13,50,59,61,Medium Risk
AP2024_5482,Aditya Chowdary,23A91A0173,aditya.chowdary486@apedu.ac.in,2nd Year,Civil Engineering,A,3,79.6,54,50,56,33,60,63,62,77,49,13,64,64,69,Medium Risk
AP2024_5483,Suresh Somayajulu,21A91A0274,suresh.somayajulu487@apedu.ac.in,4th Year,EEE,C,7,54.7,53,42,62,49,47,35,53,51,50,13,58,62,55,High Risk
AP2024_5484,Kavya Chowdary,23A91A0375,kavya.chowdary488@apedu.ac.in,2nd Year,Mechanical Engineering,B,4,58.9,57,56,62,60,60,54,49,49,50,12,50,62,53,Medium Risk
AP2024_5485,Harika Patel,21A91A0576,harika.patel489@apedu.ac.in,4th Year,CSE,B,7,58.4,62,72,48,54,71,66,53,63,57,17,54,79,55,Medium Risk
AP2024_5486,Sai Sastry,21A91A0577,sai.sastry490@apedu.ac.in,4th Year,CSE,D,8,66.6,75,66,57,61,65,65,66,73,69,17,63,77,65,Medium Risk
AP2024_5487,Pavan Kumar,21A91A0278,pavan.kumar491@apedu.ac.in,4th Year,EEE,A,7,41.5,54,48,61,58,55,51,32,59,55,8,38,57,37,High Risk
AP2024_5488,Yamini Chary,23A91A1279,yamini.chary492@apedu.ac.in,2nd Year,Information Technology,D,3,61.2,67,58,65,60,62,67,59,61,55,15,69,68,62,Medium Risk
AP2024_5489,Bhavya Patel,24A91A0180,bhavya.patel493@apedu.ac.in,1st Year,Civil Engineering,A,2,59.3,70,57,62,68,57,65,57,47,62,15,63,69,59,Medium Risk
AP2024_5490,Pooja Sharma,23A91A0481,pooja.sharma494@apedu.ac.in,2nd Year,ECE,D,4,87.0,82,56,60,52,70,67,91,68,62,21,89,61,88,Low Risk
AP2024_5491,Lavanya Reddy,21A91A4282,lavanya.reddy495@apedu.ac.in,4th Year,CSE (AI & ML),D,7,68.7,53,55,45,50,43,61,58,67,50,14,63,53,63,Medium Risk
AP2024_5492,Pranavi Somayajulu,22A91A4483,pranavi.somayajulu496@apedu.ac.in,3rd Year,CSE (Data Science),C,5,65.2,52,48,58,51,56,43,61,49,42,16,60,62,62,Medium Risk
AP2024_5493,Divya Yadav,23A91A0284,divya.yadav497@apedu.ac.in,2nd Year,EEE,A,3,63.5,45,49,36,47,51,52,73,63,33,16,64,56,66,Medium Risk
AP2024_5494,Gayatri Mishra,23A91A0185,gayatri.mishra498@apedu.ac.in,2nd Year,Civil Engineering,B,3,67.9,66,43,55,57,51,63,65,49,44,16,57,63,63,Medium Risk
AP2024_5495,Aditya Verma,21A91A0286,aditya.verma499@apedu.ac.in,4th Year,EEE,A,8,93.8,36,51,46,45,54,62,82,66,54,20,85,63,87,Medium Risk
AP2024_5496,Harika Joshi,24A91A0287,harika.joshi500@apedu.ac.in,1st Year,EEE,C,2,57.8,61,64,47,40,53,64,61,63,53,13,61,56,59,High Risk
AP2024_5497,Sneha Gupta,22A91A0588,sneha.gupta501@apedu.ac.in,3rd Year,CSE,B,5,90.2,78,70,67,62,85,71,81,78,65,19,90,87,87,Low Risk
AP2024_5498,Varun Verma,22A91A0289,varun.verma502@apedu.ac.in,3rd Year,EEE,D,5,67.9,47,38,47,43,45,38,59,47,38,14,59,43,62,High Risk
AP2024_5499,Deepika Kumar,24A91A0190,deepika.kumar503@apedu.ac.in,1st Year,Civil Engineering,A,1,43.0,51,50,52,60,48,59,43,51,46,9,38,55,41,High Risk
AP2024_5500,Charan Murthy,22A91A0201,charan.murthy504@apedu.ac.in,3rd Year,EEE,A,5,74.7,46,53,42,35,52,71,73,54,47,21,70,72,72,Medium Risk
AP2024_5501,Pavan Sastry,22A91A4202,pavan.sastry505@apedu.ac.in,3rd Year,CSE (AI & ML),B,5,67.3,58,71,56,51,64,77,67,63,60,15,67,63,67,Medium Risk
AP2024_5502,Mahesh Rao,22A91A4403,mahesh.rao506@apedu.ac.in,3rd Year,CSE (Data Science),C,6,69.7,99,98,99,96,90,85,74,79,91,23,89,97,76,Medium Risk
AP2024_5503,Sireesha Naidu,24A91A0104,sireesha.naidu507@apedu.ac.in,1st Year,Civil Engineering,A,1,55.8,53,60,56,50,53,58,60,55,48,15,67,57,60,High Risk
AP2024_5504,Pooja Reddy,23A91A0105,pooja.reddy508@apedu.ac.in,2nd Year,Civil Engineering,C,4,92.6,82,58,84,68,78,70,79,68,83,21,65,77,80,Low Risk
AP2024_5505,Gayatri Raju,23A91A0506,gayatri.raju509@apedu.ac.in,2nd Year,CSE,B,3,78.5,83,81,84,90,91,75,60,80,76,18,66,72,69,Low Risk
AP2024_5506,Nikhil Sastry,21A91A0107,nikhil.sastry510@apedu.ac.in,4th Year,Civil Engineering,D,8,53.7,59,59,74,71,65,41,58,64,56,17,59,62,56,High Risk
AP2024_5507,Ramesh Goud,23A91A0408,ramesh.goud511@apedu.ac.in,2nd Year,ECE,B,4,77.3,59,80,52,48,59,75,86,76,53,19,77,68,79,Medium Risk
AP2024_5508,Chaitanya Prasad,24A91A4209,chaitanya.prasad512@apedu.ac.in,1st Year,CSE (AI & ML),A,2,79.0,99,87,92,93,88,85,78,83,84,16,66,94,74,Low Risk
AP2024_5509,Chaitanya Sharma,24A91A0210,chaitanya.sharma513@apedu.ac.in,1st Year,EEE,B,1,73.0,47,64,60,55,41,59,60,59,38,19,68,56,67,Medium Risk
AP2024_5510,Varun Yadav,23A91A0511,varun.yadav514@apedu.ac.in,2nd Year,CSE,D,4,85.4,71,68,77,70,55,73,82,75,76,18,87,75,84,Low Risk
AP2024_5511,Ganesh Kulkarni,23A91A0212,ganesh.kulkarni515@apedu.ac.in,2nd Year,EEE,D,3,50.1,67,63,59,66,62,53,56,69,63,16,56,62,53,High Risk
AP2024_5512,Bhavya Sharma,22A91A0413,bhavya.sharma516@apedu.ac.in,3rd Year,ECE,C,5,91.5,79,75,91,83,63,90,96,79,70,22,86,88,91,Low Risk
AP2024_5513,Manoj Sastry,22A91A0114,manoj.sastry517@apedu.ac.in,3rd Year,Civil Engineering,D,5,62.5,42,53,32,30,36,44,60,51,31,17,63,45,61,High Risk
AP2024_5514,Gayatri Raju,24A91A0315,gayatri.raju518@apedu.ac.in,1st Year,Mechanical Engineering,C,2,69.0,49,61,62,57,48,83,77,69,52,16,58,66,68,Medium Risk
AP2024_5515,Aditya Gupta,23A91A0116,aditya.gupta519@apedu.ac.in,2nd Year,Civil Engineering,B,3,91.4,76,54,73,59,63,68,85,77,61,19,80,71,86,Low Risk
AP2024_5516,Yamini Patel,22A91A1217,yamini.patel520@apedu.ac.in,3rd Year,Information Technology,C,5,67.3,82,75,69,64,51,66,66,70,72,15,74,66,68,Medium Risk
AP2024_5517,Manoj Patel,24A91A4418,manoj.patel521@apedu.ac.in,1st Year,CSE (Data Science),C,2,93.1,84,64,72,77,70,88,84,74,67,19,79,84,86,Low Risk
AP2024_5518,Ramesh Raju,21A91A0419,ramesh.raju522@apedu.ac.in,4th Year,ECE,D,7,71.7,80,81,87,77,79,66,69,82,70,20,73,81,71,Medium Risk
AP2024_5519,Ramesh Murthy,22A91A0420,ramesh.murthy523@apedu.ac.in,3rd Year,ECE,C,6,47.1,59,39,54,42,50,57,42,43,55,14,51,62,46,High Risk
AP2024_5520,Ramesh Chowdary,21A91A0321,ramesh.chowdary524@apedu.ac.in,4th Year,Mechanical Engineering,A,8,68.3,65,63,79,68,56,53,62,65,68,15,56,70,62,Medium Risk
AP2024_5521,Kavya Babu,24A91A0522,kavya.babu525@apedu.ac.in,1st Year,CSE,A,1,75.6,59,57,58,57,61,85,72,77,63,17,70,72,72,Low Risk
AP2024_5522,Swathi Bhatt,22A91A4423,swathi.bhatt526@apedu.ac.in,3rd Year,CSE (Data Science),D,6,70.1,52,51,57,48,51,35,63,51,51,16,58,58,64,Medium Risk
AP2024_5523,Manoj Raju,22A91A0124,manoj.raju527@apedu.ac.in,3rd Year,Civil Engineering,D,6,76.4,81,69,74,69,65,91,85,80,65,22,73,85,77,Low Risk
AP2024_5524,Ganesh Babu,22A91A0525,ganesh.babu528@apedu.ac.in,3rd Year,CSE,D,6,61.6,77,64,78,72,63,66,64,63,67,17,59,75,61,Medium Risk
AP2024_5525,Harika Babu,24A91A0526,harika.babu529@apedu.ac.in,1st Year,CSE,A,2,60.1,65,42,47,45,63,72,56,44,40,13,64,49,60,Medium Risk
AP2024_5526,Kavya Chary,21A91A4227,kavya.chary530@apedu.ac.in,4th Year,CSE (AI & ML),A,7,81.3,73,58,51,62,58,74,74,72,51,21,77,73,77,Low Risk
AP2024_5527,Manoj Mishra,22A91A4228,manoj.mishra531@apedu.ac.in,3rd Year,CSE (AI & ML),C,6,79.0,59,69,60,52,54,53,74,55,61,18,58,63,71,Medium Risk
AP2024_5528,Tarun Sastry,22A91A0129,tarun.sastry532@apedu.ac.in,3rd Year,Civil Engineering,C,6,59.1,47,52,51,27,44,35,55,51,46,14,47,59,54,High Risk
AP2024_5529,Sai Yadav,22A91A0130,sai.yadav533@apedu.ac.in,3rd Year,Civil Engineering,A,5,73.1,67,51,70,64,59,68,73,73,65,20,75,73,73,Medium Risk
AP2024_5530,Harika Prasad,21A91A0231,harika.prasad534@apedu.ac.in,4th Year,EEE,B,8,80.0,55,46,41,20,47,58,91,71,42,19,82,74,83,High Risk
AP2024_5531,Manoj Gupta,23A91A0132,manoj.gupta535@apedu.ac.in,2nd Year,Civil Engineering,C,4,90.2,65,74,81,67,76,71,93,79,64,22,96,82,92,Low Risk
AP2024_5532,Venkata Raju,22A91A0333,venkata.raju536@apedu.ac.in,3rd Year,Mechanical Engineering,D,5,51.7,76,53,54,41,63,70,51,62,54,13,56,63,52,High Risk
AP2024_5533,Deepika Somayajulu,23A91A0334,deepika.somayajulu537@apedu.ac.in,2nd Year,Mechanical Engineering,C,4,68.9,60,55,82,77,74,82,65,72,63,23,69,82,67,Medium Risk
AP2024_5534,Karthik Varma,22A91A0135,karthik.varma538@apedu.ac.in,3rd Year,Civil Engineering,A,5,83.1,81,75,67,72,61,80,84,88,63,24,82,78,83,Low Risk
AP2024_5535,Sravani Somayajulu,23A91A1236,sravani.somayajulu539@apedu.ac.in,2nd Year,Information Technology,A,4,38.0,47,57,60,53,67,67,29,59,53,12,40,59,35,High Risk
AP2024_5536,Pavan Rao,23A91A0537,pavan.rao540@apedu.ac.in,2nd Year,CSE,B,4,77.4,70,75,66,85,72,54,79,65,65,18,74,74,76,Low Risk
AP2024_5537,Chaitanya Patel,21A91A4438,chaitanya.patel541@apedu.ac.in,4th Year,CSE (Data Science),D,8,62.9,58,55,41,52,50,54,74,63,40,19,66,66,67,Medium Risk
AP2024_5538,Pavan Mishra,24A91A0439,pavan.mishra542@apedu.ac.in,1st Year,ECE,C,2,90.3,75,68,73,73,80,70,80,94,63,15,86,79,85,Low Risk
AP2024_5539,Naresh Verma,21A91A0140,naresh.verma543@apedu.ac.in,4th Year,Civil Engineering,B,7,56.8,42,49,36,47,65,46,71,64,46,15,60,58,62,High Risk
AP2024_5540,Sireesha Mishra,22A91A0541,sireesha.mishra544@apedu.ac.in,3rd Year,CSE,A,5,48.8,64,76,77,69,53,59,53,66,59,14,51,74,50,High Risk
AP2024_5541,Venkata Naidu,23A91A0142,venkata.naidu545@apedu.ac.in,2nd Year,Civil Engineering,C,4,56.6,82,69,86,89,80,66,52,68,68,9,57,79,55,High Risk
AP2024_5542,Rahul Chary,23A91A0243,rahul.chary546@apedu.ac.in,2nd Year,EEE,C,3,64.4,73,38,71,54,49,49,72,76,53,18,72,70,68,Medium Risk
AP2024_5543,Rohit Somayajulu,21A91A0344,rohit.somayajulu547@apedu.ac.in,4th Year,Mechanical Engineering,D,8,70.5,78,98,84,91,73,64,60,83,83,19,69,76,66,Medium Risk
AP2024_5544,Sravani Rao,23A91A0345,sravani.rao548@apedu.ac.in,2nd Year,Mechanical Engineering,D,4,89.2,70,72,63,57,64,70,76,74,58,16,81,80,82,Low Risk
AP2024_5545,Rohit Rao,23A91A0446,rohit.rao549@apedu.ac.in,2nd Year,ECE,C,4,81.4,62,50,58,55,50,44,71,62,55,15,80,61,77,Medium Risk
AP2024_5546,Pavan Kulkarni,22A91A0247,pavan.kulkarni550@apedu.ac.in,3rd Year,EEE,D,5,75.8,59,47,65,73,52,67,74,58,55,19,61,68,70,Medium Risk
AP2024_5547,Sandhya Chary,21A91A0448,sandhya.chary551@apedu.ac.in,4th Year,ECE,A,7,56.7,54,55,66,36,58,67,46,56,58,11,53,67,52,High Risk
AP2024_5548,Chaitanya Naidu,23A91A0449,chaitanya.naidu552@apedu.ac.in,2nd Year,ECE,C,3,81.3,66,67,53,63,72,48,67,55,56,17,74,71,74,Medium Risk
AP2024_5549,Lavanya Kulkarni,21A91A1250,lavanya.kulkarni553@apedu.ac.in,4th Year,Information Technology,A,7,62.3,64,66,58,62,67,70,55,54,52,12,53,74,57,Medium Risk
AP2024_5550,Lavanya Verma,24A91A0251,lavanya.verma554@apedu.ac.in,1st Year,EEE,C,2,76.3,83,77,90,92,71,67,63,65,58,15,65,83,68,Low Risk
AP2024_5551,Keerthi Babu,21A91A4452,keerthi.babu555@apedu.ac.in,4th Year,CSE (Data Science),D,8,78.8,65,77,89,69,64,61,79,73,51,21,82,74,79,Low Risk
AP2024_5552,Divya Prasad,23A91A1253,divya.prasad556@apedu.ac.in,2nd Year,Information Technology,C,4,54.6,67,57,78,66,59,49,47,47,74,15,50,67,50,High Risk
AP2024_5553,Karthik Mishra,21A91A0254,karthik.mishra557@apedu.ac.in,4th Year,EEE,D,8,62.4,65,69,85,90,59,62,59,75,62,15,55,77,59,Medium Risk
AP2024_5554,Srikanth Chary,22A91A0455,srikanth.chary558@apedu.ac.in,3rd Year,ECE,C,6,64.0,76,73,94,83,73,79,68,77,71,16,65,82,65,Medium Risk
AP2024_5555,Sandhya Somayajulu,22A91A0356,sandhya.somayajulu559@apedu.ac.in,3rd Year,Mechanical Engineering,B,5,80.6,59,75,64,65,60,61,86,57,63,22,82,65,82,Medium Risk
AP2024_5556,Lavanya Babu,22A91A0457,lavanya.babu560@apedu.ac.in,3rd Year,ECE,D,5,73.8,61,58,60,49,56,51,66,67,56,17,81,60,73,Medium Risk
AP2024_5557,Manasa Babu,21A91A0258,manasa.babu561@apedu.ac.in,4th Year,EEE,A,8,58.8,71,76,86,92,57,58,59,64,79,15,64,79,60,Medium Risk
AP2024_5558,Kavya Varma,24A91A0159,kavya.varma562@apedu.ac.in,1st Year,Civil Engineering,D,2,72.8,85,83,88,92,69,92,81,88,74,16,74,79,75,Low Risk
AP2024_5559,Keerthi Naidu,22A91A0360,keerthi.naidu563@apedu.ac.in,3rd Year,Mechanical Engineering,B,6,79.5,70,67,76,61,59,78,81,80,68,21,76,72,78,Low Risk
AP2024_5560,Pavan Naidu,24A91A1261,pavan.naidu564@apedu.ac.in,1st Year,Information Technology,B,2,88.3,60,59,63,66,67,62,82,65,69,21,74,76,82,Low Risk
AP2024_5561,Manoj Rao,24A91A0562,manoj.rao565@apedu.ac.in,1st Year,CSE,C,1,99.5,62,50,75,72,40,56,85,69,50,22,97,62,94,Medium Risk
AP2024_5562,Karthik Murthy,22A91A0363,karthik.murthy566@apedu.ac.in,3rd Year,Mechanical Engineering,B,6,48.7,84,53,75,69,56,55,53,61,51,12,58,59,52,High Risk
AP2024_5563,Nikhil Gupta,22A91A0464,nikhil.gupta567@apedu.ac.in,3rd Year,ECE,C,6,85.8,92,86,99,94,80,96,76,79,82,19,86,98,82,Low Risk
AP2024_5564,Ganesh Kumar,23A91A4465,ganesh.kumar568@apedu.ac.in,2nd Year,CSE (Data Science),B,4,64.6,64,57,52,45,61,65,59,74,52,15,76,64,66,Medium Risk
AP2024_5565,Divya Murthy,21A91A0566,divya.murthy569@apedu.ac.in,4th Year,CSE,A,7,59.0,57,39,51,42,53,50,61,51,41,17,69,50,62,Medium Risk
AP2024_5566,Kavya Babu,24A91A4267,kavya.babu570@apedu.ac.in,1st Year,CSE (AI & ML),A,1,69.5,61,78,67,59,57,62,67,64,56,16,67,72,68,Medium Risk
AP2024_5567,Nikhil Gupta,22A91A4268,nikhil.gupta571@apedu.ac.in,3rd Year,CSE (AI & ML),A,6,80.9,56,60,73,71,65,83,83,86,60,17,92,86,84,Low Risk
AP2024_5568,Ramesh Somayajulu,21A91A4269,ramesh.somayajulu572@apedu.ac.in,4th Year,CSE (AI & ML),A,8,71.2,67,60,69,71,66,65,69,70,68,18,69,80,69,Medium Risk
AP2024_5569,Yamini Chowdary,22A91A1270,yamini.chowdary573@apedu.ac.in,3rd Year,Information Technology,C,5,82.5,61,56,77,70,71,56,79,79,52,17,75,63,79,Low Risk
AP2024_5570,Tarun Murthy,24A91A0271,tarun.murthy574@apedu.ac.in,1st Year,EEE,D,2,76.6,68,83,74,71,73,54,71,62,67,20,71,79,73,Low Risk
AP2024_5571,Lavanya Murthy,24A91A1272,lavanya.murthy575@apedu.ac.in,1st Year,Information Technology,A,2,77.2,87,86,74,46,69,70,60,87,74,19,81,86,73,Low Risk
AP2024_5572,Varun Babu,21A91A0173,varun.babu576@apedu.ac.in,4th Year,Civil Engineering,B,8,89.5,81,65,64,52,70,73,82,68,69,17,85,71,85,Low Risk
AP2024_5573,Gayatri Reddy,22A91A0374,gayatri.reddy577@apedu.ac.in,3rd Year,Mechanical Engineering,D,5,54.2,75,73,62,49,62,70,55,55,58,14,47,66,52,High Risk
AP2024_5574,Charan Chary,22A91A4275,charan.chary578@apedu.ac.in,3rd Year,CSE (AI & ML),C,5,76.0,55,57,59,59,55,59,73,75,56,15,72,73,73,Medium Risk
AP2024_5575,Sneha Somayajulu,23A91A0576,sneha.somayajulu579@apedu.ac.in,2nd Year,CSE,B,3,57.1,69,59,71,67,68,73,66,64,65,18,58,70,60,High Risk
AP2024_5576,Naresh Somayajulu,23A91A0177,naresh.somayajulu580@apedu.ac.in,2nd Year,Civil Engineering,C,4,73.8,66,34,49,50,54,55,49,45,53,17,51,46,59,Medium Risk
AP2024_5577,Venkata Patel,22A91A0478,venkata.patel581@apedu.ac.in,3rd Year,ECE,D,6,43.3,70,51,57,69,46,50,49,50,57,13,49,59,46,High Risk
AP2024_5578,Aditya Varma,24A91A0579,aditya.varma582@apedu.ac.in,1st Year,CSE,C,2,77.3,66,47,52,40,51,67,64,66,53,17,69,70,70,Medium Risk
AP2024_5579,Pooja Sharma,24A91A0180,pooja.sharma583@apedu.ac.in,1st Year,Civil Engineering,A,2,70.0,65,63,46,42,45,54,58,63,42,15,57,58,62,Medium Risk
AP2024_5580,Pavan Sastry,22A91A0481,pavan.sastry584@apedu.ac.in,3rd Year,ECE,B,6,59.0,50,48,72,68,61,61,53,64,50,15,53,84,55,Medium Risk
AP2024_5581,Yamini Bhatt,24A91A1282,yamini.bhatt585@apedu.ac.in,1st Year,Information Technology,C,2,66.4,71,81,76,59,54,60,63,68,72,15,60,82,63,Medium Risk
AP2024_5582,Sneha Raju,21A91A0283,sneha.raju586@apedu.ac.in,4th Year,EEE,B,8,70.6,74,80,75,67,73,73,72,84,62,18,71,84,71,Medium Risk
AP2024_5583,Sai Sharma,22A91A0284,sai.sharma587@apedu.ac.in,3rd Year,EEE,A,6,67.7,40,60,43,46,41,42,65,64,45,13,52,59,62,Medium Risk
AP2024_5584,Venkata Kulkarni,23A91A1285,venkata.kulkarni588@apedu.ac.in,2nd Year,Information Technology,B,3,79.3,58,53,48,51,49,75,76,63,57,21,75,66,77,Medium Risk
AP2024_5585,Keerthi Naidu,21A91A0286,keerthi.naidu589@apedu.ac.in,4th Year,EEE,D,8,81.3,82,60,72,67,64,64,70,71,67,19,77,67,76,Low Risk
AP2024_5586,Sravani Gupta,24A91A4287,sravani.gupta590@apedu.ac.in,1st Year,CSE (AI & ML),B,1,72.2,62,72,86,62,69,84,65,74,67,13,63,85,67,Medium Risk
AP2024_5587,Srikanth Naidu,23A91A4488,srikanth.naidu591@apedu.ac.in,2nd Year,CSE (Data Science),C,3,81.0,78,49,65,32,68,61,76,69,69,19,74,74,77,Medium Risk
AP2024_5588,Sandhya Kumar,23A91A0189,sandhya.kumar592@apedu.ac.in,2nd Year,Civil Engineering,C,4,69.7,72,61,60,38,62,74,73,77,52,13,63,72,68,Medium Risk
AP2024_5589,Chaitanya Naidu,22A91A0390,chaitanya.naidu593@apedu.ac.in,3rd Year,Mechanical Engineering,B,5,78.1,55,66,63,66,69,64,77,80,59,23,79,63,78,Low Risk
AP2024_5590,Suresh Sastry,22A91A0501,suresh.sastry594@apedu.ac.in,3rd Year,CSE,C,6,49.0,48,28,49,59,40,42,44,43,55,10,43,39,45,High Risk
AP2024_5591,Pooja Goud,21A91A0302,pooja.goud595@apedu.ac.in,4th Year,Mechanical Engineering,A,8,40.0,43,57,63,56,41,41,38,53,53,13,33,54,37,High Risk
AP2024_5592,Manasa Babu,22A91A0403,manasa.babu596@apedu.ac.in,3rd Year,ECE,B,5,66.6,76,87,75,58,78,70,69,89,65,18,79,84,71,Medium Risk
AP2024_5593,Harika Bhatt,23A91A4204,harika.bhatt597@apedu.ac.in,2nd Year,CSE (AI & ML),A,4,77.2,55,45,55,46,42,53,71,61,41,17,74,69,74,Medium Risk
AP2024_5594,Ananya Sharma,24A91A0105,ananya.sharma598@apedu.ac.in,1st Year,Civil Engineering,B,2,67.6,39,48,52,50,43,42,55,57,56,15,50,52,58,Medium Risk
AP2024_5595,Kavya Varma,23A91A4406,kavya.varma599@apedu.ac.in,2nd Year,CSE (Data Science),A,4,70.3,82,65,64,58,37,61,74,69,56,18,68,53,70,Medium Risk
AP2024_5596,Ramesh Kumar,21A91A0507,ramesh.kumar600@apedu.ac.in,4th Year,CSE,A,7,88.6,67,70,60,43,61,48,94,67,53,20,88,53,90,Medium Risk
AP2024_5597,Aditya Naidu,22A91A1208,aditya.naidu601@apedu.ac.in,3rd Year,Information Technology,B,5,73.3,47,61,68,60,65,57,67,64,53,16,77,65,72,Medium Risk
AP2024_5598,Tejaswi Naidu,24A91A0109,tejaswi.naidu602@apedu.ac.in,1st Year,Civil Engineering,A,2,73.0,71,52,66,72,68,68,78,71,60,16,74,66,74,Low Risk
AP2024_5599,Bhavya Verma,24A91A0310,bhavya.verma603@apedu.ac.in,1st Year,Mechanical Engineering,C,2,88.7,67,70,63,65,57,71,74,77,53,17,86,74,83,Low Risk
AP2024_5600,Bhavya Rao,24A91A0411,bhavya.rao604@apedu.ac.in,1st Year,ECE,A,2,38.8,50,48,46,34,46,47,43,42,43,11,36,50,39,High Risk
AP2024_5601,Bhavya Rao,22A91A0512,bhavya.rao605@apedu.ac.in,3rd Year,CSE,D,6,83.0,92,66,80,64,77,72,84,78,62,19,74,91,80,Low Risk
AP2024_5602,Lavanya Joshi,24A91A0513,lavanya.joshi606@apedu.ac.in,1st Year,CSE,D,1,73.3,48,53,76,52,45,59,65,57,63,15,72,59,70,Medium Risk
AP2024_5603,Srikanth Chary,22A91A0314,srikanth.chary607@apedu.ac.in,3rd Year,Mechanical Engineering,D,6,62.4,79,71,79,72,70,75,55,81,72,14,55,85,57,Medium Risk
AP2024_5604,Deepika Somayajulu,21A91A0215,deepika.somayajulu608@apedu.ac.in,4th Year,EEE,C,7,69.8,68,52,79,57,69,51,75,73,63,14,67,60,70,Medium Risk
AP2024_5605,Pavan Chowdary,23A91A4416,pavan.chowdary609@apedu.ac.in,2nd Year,CSE (Data Science),D,3,78.1,69,59,70,65,45,67,81,72,61,16,78,72,78,Medium Risk
AP2024_5606,Gayatri Chary,22A91A4417,gayatri.chary610@apedu.ac.in,3rd Year,CSE (Data Science),A,6,85.2,59,41,58,45,59,66,84,75,41,20,88,70,85,Medium Risk
AP2024_5607,Deepika Gupta,24A91A0518,deepika.gupta611@apedu.ac.in,1st Year,CSE,D,1,75.3,48,42,62,43,54,58,69,54,49,19,75,58,73,Medium Risk
AP2024_5608,Harika Somayajulu,21A91A4219,harika.somayajulu612@apedu.ac.in,4th Year,CSE (AI & ML),A,8,46.0,66,44,53,41,46,50,46,55,44,17,55,63,48,High Risk
AP2024_5609,Ananya Somayajulu,23A91A0220,ananya.somayajulu613@apedu.ac.in,2nd Year,EEE,B,3,68.7,63,71,60,60,68,58,74,60,55,16,71,67,70,Medium Risk
AP2024_5610,Suresh Prasad,23A91A4421,suresh.prasad614@apedu.ac.in,2nd Year,CSE (Data Science),B,4,70.5,56,54,60,55,49,38,65,60,54,20,71,73,68,Medium Risk
AP2024_5611,Rahul Yadav,21A91A0122,rahul.yadav615@apedu.ac.in,4th Year,Civil Engineering,B,8,76.3,41,56,60,39,62,66,76,61,50,18,71,58,74,Medium Risk
AP2024_5612,Manasa Chary,21A91A0523,manasa.chary616@apedu.ac.in,4th Year,CSE,B,7,53.2,77,58,54,50,63,52,44,60,47,12,45,57,47,High Risk
AP2024_5613,Varun Sastry,24A91A0524,varun.sastry617@apedu.ac.in,1st Year,CSE,C,1,64.1,63,44,50,37,53,66,64,58,46,16,59,56,62,Medium Risk
AP2024_5614,Naresh Verma,23A91A1225,naresh.verma618@apedu.ac.in,2nd Year,Information Technology,B,4,76.0,41,43,69,73,53,44,69,64,46,18,70,57,72,Medium Risk
AP2024_5615,Divya Joshi,21A91A0426,divya.joshi619@apedu.ac.in,4th Year,ECE,B,7,63.8,58,45,67,51,65,69,61,67,62,19,54,61,60,Medium Risk
AP2024_5616,Rohit Reddy,24A91A0227,rohit.reddy620@apedu.ac.in,1st Year,EEE,C,2,55.9,54,56,55,60,61,53,50,65,53,12,46,56,51,High Risk
AP2024_5617,Gayatri Sastry,23A91A0428,gayatri.sastry621@apedu.ac.in,2nd Year,ECE,D,4,62.0,55,39,61,48,39,53,53,49,47,14,64,46,59,Medium Risk
AP2024_5618,Suresh Varma,22A91A0229,suresh.varma622@apedu.ac.in,3rd Year,EEE,C,5,78.7,71,47,90,64,76,89,74,73,61,20,72,79,75,Low Risk
AP2024_5619,Aditya Somayajulu,24A91A0530,aditya.somayajulu623@apedu.ac.in,1st Year,CSE,B,2,78.9,81,68,63,61,58,59,68,77,60,18,73,75,73,Low Risk
AP2024_5620,Akhil Prasad,24A91A0531,akhil.prasad624@apedu.ac.in,1st Year,CSE,C,2,77.1,68,63,86,72,74,88,65,78,69,18,80,73,74,Low Risk
AP2024_5621,Yamini Reddy,23A91A0232,yamini.reddy625@apedu.ac.in,2nd Year,EEE,A,3,65.1,45,58,46,32,48,55,61,51,46,12,60,49,62,Medium Risk
AP2024_5622,Deepika Kumar,22A91A0233,deepika.kumar626@apedu.ac.in,3rd Year,EEE,D,6,78.2,84,72,78,71,72,78,78,78,51,20,71,80,75,Low Risk
AP2024_5623,Tarun Somayajulu,22A91A0534,tarun.somayajulu627@apedu.ac.in,3rd Year,CSE,C,5,59.3,68,58,61,47,58,66,54,61,67,16,54,70,56,Medium Risk
AP2024_5624,Rahul Yadav,22A91A0135,rahul.yadav628@apedu.ac.in,3rd Year,Civil Engineering,C,6,91.1,73,66,39,33,70,58,86,56,59,19,88,66,88,Medium Risk
AP2024_5625,Manoj Rao,24A91A0336,manoj.rao629@apedu.ac.in,1st Year,Mechanical Engineering,C,2,84.0,64,50,42,52,40,68,71,75,49,18,75,58,77,Medium Risk
AP2024_5626,Ganesh Varma,23A91A1237,ganesh.varma630@apedu.ac.in,2nd Year,Information Technology,D,4,74.6,90,77,56,53,64,86,64,87,53,22,69,88,69,Low Risk
AP2024_5627,Keerthi Murthy,23A91A0438,keerthi.murthy631@apedu.ac.in,2nd Year,ECE,D,3,69.9,50,43,58,58,50,47,70,56,48,14,65,52,68,Medium Risk
AP2024_5628,Ananya Murthy,23A91A0539,ananya.murthy632@apedu.ac.in,2nd Year,CSE,A,3,86.5,82,66,70,63,76,72,76,73,74,23,89,87,84,Low Risk
AP2024_5629,Harika Sharma,21A91A0240,harika.sharma633@apedu.ac.in,4th Year,EEE,D,7,56.6,76,79,88,77,81,83,63,80,64,15,66,90,61,High Risk
AP2024_5630,Swathi Raju,21A91A0541,swathi.raju634@apedu.ac.in,4th Year,CSE,B,7,78.2,48,65,50,57,58,56,81,53,59,18,76,63,78,Medium Risk
AP2024_5631,Sandhya Reddy,23A91A4242,sandhya.reddy635@apedu.ac.in,2nd Year,CSE (AI & ML),C,4,68.5,86,67,87,77,72,59,59,63,68,21,64,76,64,Medium Risk
AP2024_5632,Akhil Bhatt,22A91A4443,akhil.bhatt636@apedu.ac.in,3rd Year,CSE (Data Science),C,5,68.9,59,46,70,73,53,83,62,57,55,16,79,62,69,Medium Risk
AP2024_5633,Pavan Naidu,24A91A1244,pavan.naidu637@apedu.ac.in,1st Year,Information Technology,A,2,83.9,83,90,76,81,68,91,79,85,67,23,92,87,84,Low Risk
AP2024_5634,Srikanth Verma,22A91A4445,srikanth.verma638@apedu.ac.in,3rd Year,CSE (Data Science),B,6,47.4,79,84,62,76,78,66,49,65,75,11,49,85,48,High Risk
AP2024_5635,Swathi Kumar,24A91A1246,swathi.kumar639@apedu.ac.in,1st Year,Information Technology,B,2,90.7,80,61,73,61,67,68,92,66,66,20,95,62,92,Low Risk
AP2024_5636,Ananya Bhatt,22A91A4447,ananya.bhatt640@apedu.ac.in,3rd Year,CSE (Data Science),D,5,83.0,88,55,74,58,73,64,88,74,63,20,90,86,86,Low Risk
AP2024_5637,Ravi Reddy,22A91A0148,ravi.reddy641@apedu.ac.in,3rd Year,Civil Engineering,C,6,79.4,98,78,93,88,80,77,83,87,87,22,84,88,81,Low Risk
AP2024_5638,Manasa Somayajulu,23A91A0349,manasa.somayajulu642@apedu.ac.in,2nd Year,Mechanical Engineering,B,3,75.1,66,43,69,59,59,76,72,62,51,17,77,72,74,Medium Risk
AP2024_5639,Sneha Mishra,23A91A4250,sneha.mishra643@apedu.ac.in,2nd Year,CSE (AI & ML),B,3,84.0,64,47,66,60,56,55,78,65,46,19,71,66,78,Medium Risk
AP2024_5640,Rohit Verma,22A91A0551,rohit.verma644@apedu.ac.in,3rd Year,CSE,D,5,73.5,52,56,53,49,62,66,80,55,56,18,73,62,75,Medium Risk
AP2024_5641,Sandhya Mishra,22A91A0252,sandhya.mishra645@apedu.ac.in,3rd Year,EEE,D,6,75.2,86,63,57,60,54,57,70,62,64,17,65,66,70,Medium Risk
AP2024_5642,Ravi Murthy,21A91A0153,ravi.murthy646@apedu.ac.in,4th Year,Civil Engineering,C,7,84.1,27,37,46,21,46,54,92,61,20,17,79,47,84,High Risk
AP2024_5643,Sireesha Joshi,23A91A0254,sireesha.joshi647@apedu.ac.in,2nd Year,EEE,C,4,62.4,48,36,46,31,46,48,53,53,40,13,68,49,61,High Risk
AP2024_5644,Naresh Patel,21A91A4455,naresh.patel648@apedu.ac.in,4th Year,CSE (Data Science),A,8,76.3,53,69,64,54,50,70,73,68,54,16,64,69,71,Medium Risk
AP2024_5645,Pranavi Kumar,23A91A1256,pranavi.kumar649@apedu.ac.in,2nd Year,Information Technology,C,3,80.9,50,55,65,53,78,50,76,64,56,21,86,55,80,Medium Risk
AP2024_5646,Keerthi Kulkarni,22A91A1257,keerthi.kulkarni650@apedu.ac.in,3rd Year,Information Technology,C,5,62.0,59,45,66,45,49,78,59,56,41,14,43,59,55,High Risk
AP2024_5647,Chaitanya Somayajulu,21A91A4258,chaitanya.somayajulu651@apedu.ac.in,4th Year,CSE (AI & ML),A,8,64.1,72,65,94,93,69,70,56,87,77,14,66,81,62,Medium Risk
AP2024_5648,Tejaswi Mishra,21A91A0159,tejaswi.mishra652@apedu.ac.in,4th Year,Civil Engineering,D,7,38.0,92,60,71,68,55,49,31,62,64,5,41,69,36,High Risk
AP2024_5649,Sireesha Chowdary,24A91A0160,sireesha.chowdary653@apedu.ac.in,1st Year,Civil Engineering,C,2,65.8,56,51,52,59,56,51,57,61,53,14,59,54,61,Medium Risk
AP2024_5650,Charan Verma,22A91A0361,charan.verma654@apedu.ac.in,3rd Year,Mechanical Engineering,C,6,60.4,77,63,88,64,69,69,56,80,60,17,52,78,56,Medium Risk
AP2024_5651,Pooja Kumar,21A91A4262,pooja.kumar655@apedu.ac.in,4th Year,CSE (AI & ML),D,8,91.6,70,68,62,55,76,75,92,72,66,22,91,72,91,Low Risk
AP2024_5652,Lavanya Mishra,21A91A0563,lavanya.mishra656@apedu.ac.in,4th Year,CSE,A,7,75.5,69,64,64,62,58,65,85,64,52,18,79,51,79,Medium Risk
AP2024_5653,Naresh Sharma,22A91A0564,naresh.sharma657@apedu.ac.in,3rd Year,CSE,A,5,68.9,86,78,75,75,75,71,66,80,76,16,61,87,65,Medium Risk
AP2024_5654,Tarun Sharma,24A91A0365,tarun.sharma658@apedu.ac.in,1st Year,Mechanical Engineering,D,1,58.1,76,81,83,65,69,59,60,72,62,15,57,74,58,Medium Risk
AP2024_5655,Rohit Goud,22A91A4466,rohit.goud659@apedu.ac.in,3rd Year,CSE (Data Science),C,5,57.1,75,67,68,61,60,52,60,73,61,15,63,85,59,High Risk
AP2024_5656,Chaitanya Sharma,22A91A1267,chaitanya.sharma660@apedu.ac.in,3rd Year,Information Technology,D,5,79.5,65,56,72,41,60,79,79,59,59,18,74,70,77,Low Risk
AP2024_5657,Deepika Joshi,24A91A0168,deepika.joshi661@apedu.ac.in,1st Year,Civil Engineering,A,2,58.0,45,49,46,39,49,51,59,43,48,18,61,52,59,High Risk
AP2024_5658,Rahul Yadav,24A91A0569,rahul.yadav662@apedu.ac.in,1st Year,CSE,B,2,55.4,63,70,81,91,90,68,46,68,72,12,53,75,51,High Risk
AP2024_5659,Bhavya Gupta,24A91A0370,bhavya.gupta663@apedu.ac.in,1st Year,Mechanical Engineering,B,1,77.8,66,43,66,60,66,63,82,58,51,21,76,64,78,Medium Risk
AP2024_5660,Lavanya Verma,22A91A0171,lavanya.verma664@apedu.ac.in,3rd Year,Civil Engineering,D,6,54.6,48,45,51,36,55,42,57,67,47,15,57,60,56,High Risk
AP2024_5661,Harika Kumar,22A91A0272,harika.kumar665@apedu.ac.in,3rd Year,EEE,D,6,77.3,51,62,51,35,73,75,79,62,38,17,57,69,71,Medium Risk
AP2024_5662,Venkata Kumar,23A91A0173,venkata.kumar666@apedu.ac.in,2nd Year,Civil Engineering,A,3,74.7,60,74,77,63,58,84,72,73,67,16,75,74,73,Low Risk
AP2024_5663,Gayatri Murthy,21A91A0174,gayatri.murthy667@apedu.ac.in,4th Year,Civil Engineering,B,8,71.3,77,93,82,84,65,65,64,79,77,15,61,83,66,Medium Risk
AP2024_5664,Ravi Varma,24A91A0475,ravi.varma668@apedu.ac.in,1st Year,ECE,D,2,56.7,34,52,45,23,49,53,42,66,26,5,41,44,47,High Risk
AP2024_5665,Pavan Chary,24A91A4476,pavan.chary669@apedu.ac.in,1st Year,CSE (Data Science),C,1,78.8,56,66,72,62,55,60,74,65,49,15,62,58,72,Medium Risk
AP2024_5666,Deepika Babu,23A91A0577,deepika.babu670@apedu.ac.in,2nd Year,CSE,B,4,62.0,62,60,49,39,61,66,59,54,54,10,56,73,59,Medium Risk
AP2024_5667,Rahul Kumar,22A91A0478,rahul.kumar671@apedu.ac.in,3rd Year,ECE,A,5,77.7,42,37,45,36,60,49,63,57,38,17,71,55,71,High Risk
AP2024_5668,Ravi Babu,22A91A4479,ravi.babu672@apedu.ac.in,3rd Year,CSE (Data Science),A,6,58.9,70,60,51,52,48,58,55,59,54,18,72,68,61,Medium Risk
AP2024_5669,Sneha Prasad,23A91A0280,sneha.prasad673@apedu.ac.in,2nd Year,EEE,B,4,73.1,76,50,51,45,70,64,61,63,52,12,60,68,65,Medium Risk
AP2024_5670,Ramesh Kumar,21A91A0281,ramesh.kumar674@apedu.ac.in,4th Year,EEE,C,8,76.7,75,54,72,28,66,59,67,73,49,16,62,63,69,Medium Risk
AP2024_5671,Tarun Reddy,21A91A1282,tarun.reddy675@apedu.ac.in,4th Year,Information Technology,C,7,89.0,96,82,94,73,92,97,86,82,88,17,74,93,83,Low Risk
AP2024_5672,Rahul Kulkarni,24A91A1283,rahul.kulkarni676@apedu.ac.in,1st Year,Information Technology,D,1,91.0,66,54,69,51,62,74,89,80,55,22,97,80,92,Low Risk
AP2024_5673,Srikanth Kumar,24A91A0284,srikanth.kumar677@apedu.ac.in,1st Year,EEE,C,1,78.0,58,57,72,59,68,75,68,80,64,18,79,73,75,Low Risk
AP2024_5674,Harika Gupta,23A91A0485,harika.gupta678@apedu.ac.in,2nd Year,ECE,A,4,79.4,75,87,93,81,71,82,78,71,72,17,75,94,77,Low Risk
AP2024_5675,Ganesh Raju,23A91A0386,ganesh.raju679@apedu.ac.in,2nd Year,Mechanical Engineering,D,3,73.2,78,68,51,52,54,65,76,70,56,20,76,72,74,Medium Risk
AP2024_5676,Varun Babu,21A91A0387,varun.babu680@apedu.ac.in,4th Year,Mechanical Engineering,D,8,76.8,80,77,86,73,77,69,76,85,74,15,70,91,74,Low Risk
AP2024_5677,Sireesha Bhatt,24A91A0588,sireesha.bhatt681@apedu.ac.in,1st Year,CSE,C,2,93.8,45,49,59,51,69,74,83,68,62,18,82,57,87,Medium Risk
AP2024_5678,Sireesha Gupta,22A91A0289,sireesha.gupta682@apedu.ac.in,3rd Year,EEE,B,5,71.1,57,66,71,55,57,60,65,57,65,13,58,67,65,Medium Risk
AP2024_5679,Ganesh Joshi,21A91A4290,ganesh.joshi683@apedu.ac.in,4th Year,CSE (AI & ML),C,8,71.5,57,85,39,42,68,60,70,85,68,19,73,64,71,Medium Risk
AP2024_5680,Deepika Bhatt,23A91A0501,deepika.bhatt684@apedu.ac.in,2nd Year,CSE,C,3,78.0,96,68,89,75,84,76,70,73,69,17,74,82,74,Low Risk
AP2024_5681,Gayatri Rao,21A91A0402,gayatri.rao685@apedu.ac.in,4th Year,ECE,C,8,74.1,75,54,42,38,51,43,77,68,52,19,65,60,72,Medium Risk
AP2024_5682,Suresh Kumar,23A91A1203,suresh.kumar686@apedu.ac.in,2nd Year,Information Technology,D,4,73.9,62,62,61,68,54,67,68,69,64,15,61,60,68,Medium Risk
AP2024_5683,Suresh Rao,24A91A4204,suresh.rao687@apedu.ac.in,1st Year,CSE (AI & ML),C,1,50.2,73,56,58,41,56,60,61,60,51,16,60,67,56,High Risk
AP2024_5684,Kavya Babu,21A91A0205,kavya.babu688@apedu.ac.in,4th Year,EEE,C,7,62.0,72,62,77,66,62,70,58,69,62,15,57,67,59,Medium Risk
AP2024_5685,Nikhil Kulkarni,24A91A1206,nikhil.kulkarni689@apedu.ac.in,1st Year,Information Technology,B,2,86.2,79,61,71,64,91,70,82,77,65,22,72,69,80,Low Risk
AP2024_5686,Aditya Kumar,22A91A0307,aditya.kumar690@apedu.ac.in,3rd Year,Mechanical Engineering,D,6,71.0,49,58,53,39,43,66,67,55,53,15,60,46,66,Medium Risk
AP2024_5687,Kavya Chowdary,23A91A0208,kavya.chowdary691@apedu.ac.in,2nd Year,EEE,D,4,60.5,72,83,79,65,66,69,69,70,61,14,58,68,62,Medium Risk
AP2024_5688,Pavan Chowdary,21A91A0309,pavan.chowdary692@apedu.ac.in,4th Year,Mechanical Engineering,D,8,58.1,55,48,63,47,55,42,60,50,55,13,62,57,59,Medium Risk
AP2024_5689,Manoj Chary,22A91A0410,manoj.chary693@apedu.ac.in,3rd Year,ECE,B,5,87.3,89,74,93,82,75,77,88,75,80,22,90,86,88,Low Risk
AP2024_5690,Chaitanya Kumar,22A91A0511,chaitanya.kumar694@apedu.ac.in,3rd Year,CSE,C,6,58.5,68,62,69,56,57,61,62,71,54,19,51,71,57,Medium Risk
AP2024_5691,Ravi Chary,22A91A0312,ravi.chary695@apedu.ac.in,3rd Year,Mechanical Engineering,A,6,74.2,66,55,71,58,53,55,67,62,61,16,63,69,68,Medium Risk
AP2024_5692,Deepika Prasad,24A91A0213,deepika.prasad696@apedu.ac.in,1st Year,EEE,A,1,57.1,83,71,81,63,77,70,67,71,80,18,72,80,64,High Risk
AP2024_5693,Bhavya Murthy,23A91A0414,bhavya.murthy697@apedu.ac.in,2nd Year,ECE,C,3,59.7,45,44,39,39,39,51,47,49,42,11,49,52,52,High Risk
AP2024_5694,Lavanya Reddy,22A91A1215,lavanya.reddy698@apedu.ac.in,3rd Year,Information Technology,A,5,82.2,37,43,36,30,43,58,72,50,31,20,74,42,76,High Risk
AP2024_5695,Kavya Prasad,21A91A0216,kavya.prasad699@apedu.ac.in,4th Year,EEE,D,7,43.7,49,57,52,45,50,40,46,46,47,13,42,55,43,High Risk
AP2024_5696,Swathi Sastry,23A91A4217,swathi.sastry700@apedu.ac.in,2nd Year,CSE (AI & ML),C,4,71.2,66,54,60,45,77,37,67,62,61,17,64,63,67,Medium Risk
AP2024_5697,Sireesha Bhatt,22A91A0418,sireesha.bhatt701@apedu.ac.in,3rd Year,ECE,D,5,94.4,63,74,82,71,62,64,96,81,63,21,95,72,95,Low Risk
AP2024_5698,Tejaswi Kumar,21A91A4219,tejaswi.kumar702@apedu.ac.in,4th Year,CSE (AI & ML),D,7,65.4,75,72,76,58,82,66,63,68,72,19,60,70,63,Medium Risk
AP2024_5699,Venkata Sharma,21A91A0520,venkata.sharma703@apedu.ac.in,4th Year,CSE,A,7,73.9,56,59,74,69,53,75,76,71,50,17,75,64,74,Medium Risk
AP2024_5700,Mahesh Kumar,24A91A4221,mahesh.kumar704@apedu.ac.in,1st Year,CSE (AI & ML),D,1,69.3,45,39,58,56,67,49,59,63,50,14,63,50,64,Medium Risk
AP2024_5701,Karthik Prasad,21A91A0522,karthik.prasad705@apedu.ac.in,4th Year,CSE,D,8,59.2,53,69,58,53,56,61,62,74,56,17,53,77,58,Medium Risk
AP2024_5702,Chaitanya Murthy,23A91A0323,chaitanya.murthy706@apedu.ac.in,2nd Year,Mechanical Engineering,A,4,85.4,65,62,58,40,61,56,83,73,55,22,84,67,84,Medium Risk
AP2024_5703,Tarun Somayajulu,23A91A0324,tarun.somayajulu707@apedu.ac.in,2nd Year,Mechanical Engineering,B,3,74.6,77,56,65,64,61,71,82,81,56,20,80,86,78,Medium Risk
AP2024_5704,Yamini Bhatt,21A91A0125,yamini.bhatt708@apedu.ac.in,4th Year,Civil Engineering,B,8,91.4,66,61,57,50,45,65,82,67,48,20,74,69,83,Medium Risk
AP2024_5705,Keerthi Sharma,21A91A0426,keerthi.sharma709@apedu.ac.in,4th Year,ECE,C,8,54.1,55,42,67,75,54,58,39,67,46,6,41,50,45,High Risk
AP2024_5706,Keerthi Somayajulu,21A91A1227,keerthi.somayajulu710@apedu.ac.in,4th Year,Information Technology,A,7,81.1,60,62,52,53,44,61,70,58,53,16,71,61,74,Medium Risk
AP2024_5707,Mahesh Varma,23A91A0228,mahesh.varma711@apedu.ac.in,2nd Year,EEE,A,3,80.5,86,84,76,66,78,57,80,77,59,24,81,88,80,Low Risk
AP2024_5708,Manoj Verma,22A91A0429,manoj.verma712@apedu.ac.in,3rd Year,ECE,A,5,85.4,32,39,35,49,46,44,75,64,42,18,67,53,76,High Risk
AP2024_5709,Pooja Raju,23A91A1230,pooja.raju713@apedu.ac.in,2nd Year,Information Technology,C,3,71.4,57,65,62,50,65,70,72,63,56,18,68,69,70,Medium Risk
AP2024_5710,Sneha Sastry,22A91A0131,sneha.sastry714@apedu.ac.in,3rd Year,Civil Engineering,D,5,59.5,64,59,86,80,71,60,60,63,62,13,47,72,55,Medium Risk
AP2024_5711,Pranavi Patel,21A91A1232,pranavi.patel715@apedu.ac.in,4th Year,Information Technology,A,8,91.6,86,76,71,58,62,81,72,76,74,19,78,70,81,Low Risk
AP2024_5712,Varun Mishra,24A91A0533,varun.mishra716@apedu.ac.in,1st Year,CSE,A,1,70.6,55,51,69,80,60,64,77,61,58,17,70,60,72,Medium Risk
AP2024_5713,Mahesh Kulkarni,23A91A0134,mahesh.kulkarni717@apedu.ac.in,2nd Year,Civil Engineering,C,4,83.9,62,43,51,55,51,63,80,73,48,18,75,47,80,Medium Risk
AP2024_5714,Yamini Varma,21A91A4435,yamini.varma718@apedu.ac.in,4th Year,CSE (Data Science),C,7,81.8,77,59,69,80,71,63,83,71,74,17,84,67,82,Low Risk
AP2024_5715,Aditya Kulkarni,21A91A1236,aditya.kulkarni719@apedu.ac.in,4th Year,Information Technology,C,7,61.7,86,76,68,60,58,66,57,72,62,9,62,85,60,Medium Risk
AP2024_5716,Pooja Varma,21A91A4237,pooja.varma720@apedu.ac.in,4th Year,CSE (AI & ML),A,8,73.3,69,42,73,68,56,73,76,72,53,17,71,60,73,Medium Risk
AP2024_5717,Divya Kulkarni,23A91A4438,divya.kulkarni721@apedu.ac.in,2nd Year,CSE (Data Science),A,3,58.2,63,62,82,69,47,55,42,51,69,11,46,71,49,Medium Risk
AP2024_5718,Kavya Yadav,23A91A4439,kavya.yadav722@apedu.ac.in,2nd Year,CSE (Data Science),D,4,60.3,54,61,51,59,50,46,60,38,53,17,58,50,59,Medium Risk
AP2024_5719,Rahul Chowdary,21A91A0340,rahul.chowdary723@apedu.ac.in,4th Year,Mechanical Engineering,C,7,61.5,76,69,76,62,68,57,61,50,71,16,57,79,60,Medium Risk
AP2024_5720,Tarun Patel,21A91A0241,tarun.patel724@apedu.ac.in,4th Year,EEE,D,8,69.1,46,48,42,37,41,38,70,49,35,16,80,48,72,High Risk
AP2024_5721,Srikanth Somayajulu,23A91A0342,srikanth.somayajulu725@apedu.ac.in,2nd Year,Mechanical Engineering,C,3,78.2,78,77,91,79,61,57,67,79,67,20,77,76,74,Low Risk
AP2024_5722,Varun Gupta,24A91A4243,varun.gupta726@apedu.ac.in,1st Year,CSE (AI & ML),C,1,51.9,78,66,75,91,71,71,40,59,65,11,46,86,46,High Risk
AP2024_5723,Rahul Sharma,21A91A0444,rahul.sharma727@apedu.ac.in,4th Year,ECE,A,8,72.0,55,57,52,52,56,70,74,71,44,21,81,61,75,Medium Risk
AP2024_5724,Charan Varma,24A91A4245,charan.varma728@apedu.ac.in,1st Year,CSE (AI & ML),B,1,65.3,46,60,63,48,60,49,63,64,52,16,73,77,66,Medium Risk
AP2024_5725,Lavanya Murthy,22A91A0246,lavanya.murthy729@apedu.ac.in,3rd Year,EEE,D,5,50.9,46,46,52,30,58,65,68,59,55,19,71,61,62,High Risk
AP2024_5726,Rahul Raju,21A91A4447,rahul.raju730@apedu.ac.in,4th Year,CSE (Data Science),A,7,38.6,60,78,65,54,67,67,51,67,63,12,50,70,45,High Risk
AP2024_5727,Pooja Raju,23A91A0448,pooja.raju731@apedu.ac.in,2nd Year,ECE,C,3,70.0,66,48,49,44,41,35,54,61,48,16,55,59,60,Medium Risk
AP2024_5728,Varun Rao,24A91A4449,varun.rao732@apedu.ac.in,1st Year,CSE (Data Science),D,1,71.5,45,74,50,53,57,41,71,55,51,16,76,60,72,Medium Risk
AP2024_5729,Sneha Joshi,23A91A0550,sneha.joshi733@apedu.ac.in,2nd Year,CSE,B,4,73.8,94,71,76,83,73,84,72,78,75,23,71,88,72,Low Risk
AP2024_5730,Sai Mishra,21A91A0251,sai.mishra734@apedu.ac.in,4th Year,EEE,D,8,71.2,59,70,67,82,73,67,75,68,65,20,75,74,73,Medium Risk
AP2024_5731,Sravani Rao,24A91A1252,sravani.rao735@apedu.ac.in,1st Year,Information Technology,D,2,57.2,66,49,65,56,59,59,57,55,57,12,47,63,54,High Risk
AP2024_5732,Harika Joshi,23A91A0153,harika.joshi736@apedu.ac.in,2nd Year,Civil Engineering,B,4,99.5,75,82,73,70,99,79,99,89,69,26,98,90,98,Low Risk
AP2024_5733,Ramesh Kumar,24A91A0154,ramesh.kumar737@apedu.ac.in,1st Year,Civil Engineering,D,2,71.8,63,55,56,61,63,60,77,69,63,18,75,71,74,Medium Risk
AP2024_5734,Pooja Yadav,21A91A4255,pooja.yadav738@apedu.ac.in,4th Year,CSE (AI & ML),D,7,66.4,49,59,62,43,58,66,53,63,58,16,57,68,59,Medium Risk
AP2024_5735,Rohit Rao,22A91A0556,rohit.rao739@apedu.ac.in,3rd Year,CSE,C,6,64.5,71,85,83,76,65,69,70,70,76,21,65,76,66,Medium Risk
AP2024_5736,Harika Mishra,21A91A0557,harika.mishra740@apedu.ac.in,4th Year,CSE,B,7,82.1,87,92,79,73,90,79,63,72,81,19,73,78,73,Low Risk
AP2024_5737,Sneha Prasad,22A91A0158,sneha.prasad741@apedu.ac.in,3rd Year,Civil Engineering,C,6,58.7,75,66,54,54,70,66,50,60,62,11,54,78,54,Medium Risk
AP2024_5738,Gayatri Murthy,21A91A4259,gayatri.murthy742@apedu.ac.in,4th Year,CSE (AI & ML),A,8,60.4,69,59,55,40,55,55,68,73,45,16,63,69,63,Medium Risk
AP2024_5739,Tarun Rao,22A91A0560,tarun.rao743@apedu.ac.in,3rd Year,CSE,D,5,57.2,56,61,52,53,53,51,56,61,52,14,55,61,56,High Risk
AP2024_5740,Kavya Bhatt,24A91A0561,kavya.bhatt744@apedu.ac.in,1st Year,CSE,B,2,72.3,64,76,70,65,73,74,86,75,68,18,92,69,82,Low Risk
AP2024_5741,Pavan Varma,22A91A1262,pavan.varma745@apedu.ac.in,3rd Year,Information Technology,A,5,58.3,78,63,61,68,51,59,69,80,47,16,63,66,62,Medium Risk
AP2024_5742,Suresh Joshi,24A91A4263,suresh.joshi746@apedu.ac.in,1st Year,CSE (AI & ML),B,2,91.6,80,94,83,89,88,74,96,85,81,23,84,83,90,Low Risk
AP2024_5743,Tarun Joshi,23A91A1264,tarun.joshi747@apedu.ac.in,2nd Year,Information Technology,A,4,84.9,67,70,66,73,57,62,76,68,66,22,69,64,77,Medium Risk
AP2024_5744,Mahesh Raju,23A91A0365,mahesh.raju748@apedu.ac.in,2nd Year,Mechanical Engineering,B,3,61.9,52,52,51,34,48,52,51,48,51,13,51,53,55,Medium Risk
AP2024_5745,Pooja Chary,23A91A4466,pooja.chary749@apedu.ac.in,2nd Year,CSE (Data Science),C,4,88.4,68,56,44,39,57,60,90,65,53,18,85,61,87,Medium Risk
AP2024_5746,Sneha Prasad,24A91A4467,sneha.prasad750@apedu.ac.in,1st Year,CSE (Data Science),A,1,51.5,49,58,51,56,46,51,57,59,38,11,45,64,51,High Risk
AP2024_5747,Ganesh Bhatt,24A91A0368,ganesh.bhatt751@apedu.ac.in,1st Year,Mechanical Engineering,C,2,90.9,78,64,66,49,60,81,91,94,56,26,94,82,91,Low Risk
AP2024_5748,Sandhya Reddy,23A91A0469,sandhya.reddy752@apedu.ac.in,2nd Year,ECE,C,3,45.4,60,28,20,29,35,50,48,44,23,16,57,43,49,High Risk
AP2024_5749,Chaitanya Verma,22A91A4270,chaitanya.verma753@apedu.ac.in,3rd Year,CSE (AI & ML),A,5,64.4,59,69,63,61,56,71,69,64,63,16,63,60,65,Medium Risk
AP2024_5750,Deepika Kumar,21A91A0371,deepika.kumar754@apedu.ac.in,4th Year,Mechanical Engineering,A,7,61.1,63,45,61,63,47,53,61,71,55,17,54,66,58,Medium Risk
AP2024_5751,Sravani Gupta,22A91A0172,sravani.gupta755@apedu.ac.in,3rd Year,Civil Engineering,B,6,96.9,76,62,71,57,82,65,95,74,68,23,82,63,91,Low Risk
AP2024_5752,Keerthi Chowdary,24A91A4273,keerthi.chowdary756@apedu.ac.in,1st Year,CSE (AI & ML),C,1,43.1,81,72,84,92,74,53,48,67,76,12,43,81,44,High Risk
AP2024_5753,Ananya Naidu,23A91A0474,ananya.naidu757@apedu.ac.in,2nd Year,ECE,A,3,72.8,77,93,84,79,74,54,68,65,66,19,73,74,71,Medium Risk
AP2024_5754,Naresh Patel,22A91A0575,naresh.patel758@apedu.ac.in,3rd Year,CSE,B,6,65.8,61,44,67,42,52,64,55,74,55,13,57,69,59,Medium Risk
AP2024_5755,Charan Chary,21A91A1276,charan.chary759@apedu.ac.in,4th Year,Information Technology,D,7,85.4,87,62,71,51,61,78,77,74,61,20,77,67,80,Low Risk
AP2024_5756,Rahul Sastry,24A91A0577,rahul.sastry760@apedu.ac.in,1st Year,CSE,C,1,59.9,55,40,35,42,47,49,62,54,29,17,66,54,62,High Risk
AP2024_5757,Deepika Mishra,21A91A0278,deepika.mishra761@apedu.ac.in,4th Year,EEE,A,7,79.5,47,73,76,63,56,74,76,68,60,19,83,67,79,Low Risk
AP2024_5758,Divya Raju,21A91A0379,divya.raju762@apedu.ac.in,4th Year,Mechanical Engineering,A,7,56.9,61,75,69,84,71,71,57,80,67,16,53,68,55,High Risk
AP2024_5759,Tarun Raju,23A91A0480,tarun.raju763@apedu.ac.in,2nd Year,ECE,B,4,51.4,69,68,65,58,63,44,44,56,61,14,46,62,47,High Risk
AP2024_5760,Lavanya Prasad,22A91A1281,lavanya.prasad764@apedu.ac.in,3rd Year,Information Technology,D,5,67.4,62,76,71,53,57,58,65,71,48,15,64,69,65,Medium Risk
AP2024_5761,Mahesh Babu,21A91A0582,mahesh.babu765@apedu.ac.in,4th Year,CSE,D,7,66.1,90,64,80,76,70,69,61,71,75,15,69,83,65,Medium Risk
AP2024_5762,Varun Verma,22A91A1283,varun.verma766@apedu.ac.in,3rd Year,Information Technology,B,6,67.1,78,73,67,74,85,73,70,79,76,15,70,81,68,Medium Risk
AP2024_5763,Rahul Yadav,21A91A0584,rahul.yadav767@apedu.ac.in,4th Year,CSE,B,7,64.8,52,60,51,52,54,53,77,60,47,14,58,56,66,Medium Risk
AP2024_5764,Pranavi Goud,22A91A1285,pranavi.goud768@apedu.ac.in,3rd Year,Information Technology,C,6,66.5,59,94,89,81,75,80,69,78,77,17,67,88,67,Medium Risk
AP2024_5765,Ravi Raju,22A91A0586,ravi.raju769@apedu.ac.in,3rd Year,CSE,C,5,45.9,54,44,66,49,48,58,48,64,48,15,55,55,49,High Risk
AP2024_5766,Chaitanya Raju,24A91A1287,chaitanya.raju770@apedu.ac.in,1st Year,Information Technology,B,2,56.9,50,56,55,48,56,57,73,73,52,19,79,72,68,High Risk
AP2024_5767,Suresh Joshi,24A91A0188,suresh.joshi771@apedu.ac.in,1st Year,Civil Engineering,A,2,65.9,77,68,74,69,62,72,56,61,64,15,45,72,56,Medium Risk
AP2024_5768,Charan Gupta,23A91A0589,charan.gupta772@apedu.ac.in,2nd Year,CSE,D,4,94.3,53,59,47,63,72,66,89,69,59,21,91,64,91,Medium Risk
AP2024_5769,Ramesh Bhatt,22A91A1290,ramesh.bhatt773@apedu.ac.in,3rd Year,Information Technology,D,6,65.7,74,84,81,60,87,75,76,66,74,18,81,69,73,Medium Risk
AP2024_5770,Suresh Chowdary,24A91A1201,suresh.chowdary774@apedu.ac.in,1st Year,Information Technology,D,1,76.4,65,86,80,81,72,61,79,71,74,15,54,73,70,Low Risk
AP2024_5771,Tarun Gupta,21A91A0202,tarun.gupta775@apedu.ac.in,4th Year,EEE,C,8,60.5,74,58,62,63,59,60,58,57,53,13,48,65,55,Medium Risk
AP2024_5772,Deepika Patel,21A91A1203,deepika.patel776@apedu.ac.in,4th Year,Information Technology,B,7,92.4,69,73,82,83,83,84,84,84,65,23,87,71,88,Low Risk
AP2024_5773,Sneha Prasad,23A91A0304,sneha.prasad777@apedu.ac.in,2nd Year,Mechanical Engineering,C,4,72.8,72,74,60,42,67,62,72,75,53,25,80,94,74,Low Risk
AP2024_5774,Venkata Sharma,24A91A0105,venkata.sharma778@apedu.ac.in,1st Year,Civil Engineering,C,2,75.9,70,69,73,69,67,82,81,73,67,18,82,77,79,Low Risk
AP2024_5775,Deepika Reddy,21A91A4406,deepika.reddy779@apedu.ac.in,4th Year,CSE (Data Science),D,8,71.4,69,93,68,58,66,71,73,67,63,22,71,72,71,Medium Risk
AP2024_5776,Pooja Sharma,23A91A1207,pooja.sharma780@apedu.ac.in,2nd Year,Information Technology,A,4,82.0,84,92,83,76,60,68,65,71,79,14,69,78,72,Low Risk
AP2024_5777,Gayatri Babu,21A91A1208,gayatri.babu781@apedu.ac.in,4th Year,Information Technology,C,8,78.3,56,39,45,34,60,61,71,58,46,15,66,64,72,Medium Risk
AP2024_5778,Mahesh Rao,23A91A4409,mahesh.rao782@apedu.ac.in,2nd Year,CSE (Data Science),D,4,58.0,27,24,31,20,35,49,49,37,21,12,54,44,54,High Risk
AP2024_5779,Pranavi Sastry,21A91A1210,pranavi.sastry783@apedu.ac.in,4th Year,Information Technology,A,7,48.4,56,59,88,73,56,51,50,71,63,14,46,56,48,High Risk
AP2024_5780,Rahul Rao,21A91A0311,rahul.rao784@apedu.ac.in,4th Year,Mechanical Engineering,A,7,50.9,62,47,69,61,54,55,46,59,57,10,47,56,48,High Risk
AP2024_5781,Divya Joshi,21A91A4412,divya.joshi785@apedu.ac.in,4th Year,CSE (Data Science),A,7,63.5,71,53,72,76,49,64,60,54,57,15,48,76,57,Medium Risk
AP2024_5782,Deepika Joshi,23A91A0413,deepika.joshi786@apedu.ac.in,2nd Year,ECE,B,4,56.7,76,76,76,70,57,54,63,74,77,14,60,85,59,High Risk
AP2024_5783,Pranavi Sharma,23A91A4414,pranavi.sharma787@apedu.ac.in,2nd Year,CSE (Data Science),B,3,60.2,84,61,73,57,67,64,60,62,66,16,61,67,60,Medium Risk
AP2024_5784,Gayatri Bhatt,23A91A0215,gayatri.bhatt788@apedu.ac.in,2nd Year,EEE,D,4,99.5,53,80,62,76,65,77,100,79,60,24,86,70,95,Low Risk
AP2024_5785,Venkata Prasad,24A91A0216,venkata.prasad789@apedu.ac.in,1st Year,EEE,B,2,82.4,72,83,81,64,69,86,83,72,68,22,84,79,83,Low Risk
AP2024_5786,Sai Prasad,22A91A0417,sai.prasad790@apedu.ac.in,3rd Year,ECE,C,5,70.5,71,63,54,55,64,51,69,62,48,17,77,73,72,Medium Risk
AP2024_5787,Lavanya Joshi,21A91A4418,lavanya.joshi791@apedu.ac.in,4th Year,CSE (Data Science),C,8,88.0,55,73,54,51,70,64,83,58,61,19,80,68,84,Medium Risk
AP2024_5788,Rahul Varma,22A91A1219,rahul.varma792@apedu.ac.in,3rd Year,Information Technology,A,5,79.3,71,66,54,58,69,71,78,72,51,18,89,70,81,Low Risk
AP2024_5789,Karthik Prasad,22A91A0320,karthik.prasad793@apedu.ac.in,3rd Year,Mechanical Engineering,C,6,77.6,81,67,82,54,72,75,65,85,71,18,66,70,70,Low Risk
AP2024_5790,Chaitanya Sastry,22A91A4221,chaitanya.sastry794@apedu.ac.in,3rd Year,CSE (AI & ML),A,5,71.5,56,59,62,60,64,55,64,58,51,15,61,55,66,Medium Risk
AP2024_5791,Swathi Yadav,24A91A4422,swathi.yadav795@apedu.ac.in,1st Year,CSE (Data Science),C,2,47.9,62,60,55,72,47,60,44,62,64,8,33,71,42,High Risk
AP2024_5792,Keerthi Gupta,23A91A0323,keerthi.gupta796@apedu.ac.in,2nd Year,Mechanical Engineering,B,3,79.7,65,68,96,92,78,67,76,80,75,21,78,79,78,Low Risk
AP2024_5793,Lavanya Murthy,22A91A0324,lavanya.murthy797@apedu.ac.in,3rd Year,Mechanical Engineering,C,5,40.7,66,62,63,69,47,52,34,45,60,10,22,73,33,High Risk
AP2024_5794,Venkata Sastry,21A91A0125,venkata.sastry798@apedu.ac.in,4th Year,Civil Engineering,A,8,76.8,70,57,71,50,57,61,68,74,49,18,81,65,75,Medium Risk
AP2024_5795,Aditya Rao,23A91A4426,aditya.rao799@apedu.ac.in,2nd Year,CSE (Data Science),A,3,43.1,38,42,66,61,47,50,48,44,61,13,45,50,45,High Risk
AP2024_5796,Nikhil Naidu,21A91A4227,nikhil.naidu800@apedu.ac.in,4th Year,CSE (AI & ML),C,7,68.2,61,57,41,46,54,66,47,54,57,17,59,51,59,Medium Risk
AP2024_5797,Yamini Prasad,21A91A4428,yamini.prasad801@apedu.ac.in,4th Year,CSE (Data Science),D,7,64.6,59,67,57,53,45,55,57,64,63,22,60,62,60,Medium Risk
AP2024_5798,Naresh Mishra,21A91A1229,naresh.mishra802@apedu.ac.in,4th Year,Information Technology,B,7,71.0,84,62,60,69,71,63,74,68,70,19,50,74,65,Medium Risk
AP2024_5799,Pooja Raju,23A91A0330,pooja.raju803@apedu.ac.in,2nd Year,Mechanical Engineering,D,4,62.0,65,71,76,61,67,67,63,65,58,18,63,72,62,Medium Risk
AP2024_5800,Aditya Bhatt,24A91A0131,aditya.bhatt804@apedu.ac.in,1st Year,Civil Engineering,C,2,59.9,77,60,75,52,56,67,58,56,58,14,59,64,59,Medium Risk
AP2024_5801,Pavan Chowdary,21A91A0432,pavan.chowdary805@apedu.ac.in,4th Year,ECE,B,7,80.5,56,52,61,42,50,69,85,66,55,16,69,66,78,Medium Risk
AP2024_5802,Aditya Joshi,24A91A0533,aditya.joshi806@apedu.ac.in,1st Year,CSE,A,2,81.1,78,62,77,80,78,73,83,79,66,19,74,68,79,Low Risk
AP2024_5803,Sireesha Naidu,24A91A1234,sireesha.naidu807@apedu.ac.in,1st Year,Information Technology,C,1,68.1,85,73,69,89,86,53,59,85,78,15,67,79,65,Medium Risk
AP2024_5804,Charan Kulkarni,24A91A0535,charan.kulkarni808@apedu.ac.in,1st Year,CSE,B,1,68.7,55,59,67,47,68,46,69,63,59,15,66,60,67,Medium Risk
AP2024_5805,Sneha Somayajulu,24A91A1236,sneha.somayajulu809@apedu.ac.in,1st Year,Information Technology,C,1,60.6,78,60,64,52,59,63,47,63,51,12,40,57,50,Medium Risk
AP2024_5806,Pavan Kumar,22A91A0137,pavan.kumar810@apedu.ac.in,3rd Year,Civil Engineering,C,5,79.7,78,98,79,82,75,75,79,77,73,23,72,84,77,Low Risk
AP2024_5807,Akhil Sastry,23A91A0538,akhil.sastry811@apedu.ac.in,2nd Year,CSE,C,3,79.6,75,68,71,49,80,71,78,82,65,23,91,85,82,Low Risk
AP2024_5808,Tarun Murthy,23A91A0339,tarun.murthy812@apedu.ac.in,2nd Year,Mechanical Engineering,A,4,64.9,60,51,57,69,72,47,66,64,58,15,59,60,63,Medium Risk
AP2024_5809,Harika Kumar,23A91A1240,harika.kumar813@apedu.ac.in,2nd Year,Information Technology,C,4,63.0,71,52,53,52,69,59,64,56,42,15,66,77,64,Medium Risk
AP2024_5810,Varun Goud,24A91A0141,varun.goud814@apedu.ac.in,1st Year,Civil Engineering,A,1,57.1,42,52,51,44,37,64,43,49,34,8,38,54,47,High Risk
AP2024_5811,Sravani Joshi,22A91A0442,sravani.joshi815@apedu.ac.in,3rd Year,ECE,B,6,47.7,74,32,46,39,33,43,48,49,49,15,41,51,45,High Risk
AP2024_5812,Sai Bhatt,22A91A4443,sai.bhatt816@apedu.ac.in,3rd Year,CSE (Data Science),B,6,69.2,78,45,52,37,62,50,69,68,53,14,67,81,68,Medium Risk
AP2024_5813,Yamini Sharma,21A91A0144,yamini.sharma817@apedu.ac.in,4th Year,Civil Engineering,A,7,89.0,39,48,59,61,48,56,96,55,52,23,72,49,86,Medium Risk
AP2024_5814,Rahul Raju,22A91A4445,rahul.raju818@apedu.ac.in,3rd Year,CSE (Data Science),B,6,61.3,67,57,63,55,51,47,43,67,57,12,46,65,51,Medium Risk
AP2024_5815,Divya Prasad,21A91A0246,divya.prasad819@apedu.ac.in,4th Year,EEE,C,7,62.1,84,77,85,70,63,74,63,73,71,19,62,74,62,Medium Risk
AP2024_5816,Sandhya Somayajulu,24A91A0547,sandhya.somayajulu820@apedu.ac.in,1st Year,CSE,A,2,64.0,64,42,68,65,54,53,63,58,52,19,73,57,66,Medium Risk
AP2024_5817,Srikanth Rao,24A91A1248,srikanth.rao821@apedu.ac.in,1st Year,Information Technology,D,2,55.8,34,47,54,38,45,54,74,42,43,22,65,63,64,High Risk
AP2024_5818,Divya Reddy,23A91A4249,divya.reddy822@apedu.ac.in,2nd Year,CSE (AI & ML),B,4,91.7,83,62,80,64,72,78,82,68,64,19,83,70,86,Low Risk
AP2024_5819,Karthik Chowdary,23A91A4450,karthik.chowdary823@apedu.ac.in,2nd Year,CSE (Data Science),B,4,63.2,81,85,66,74,73,71,70,92,67,19,71,84,67,Medium Risk
AP2024_5820,Pranavi Somayajulu,23A91A0551,pranavi.somayajulu824@apedu.ac.in,2nd Year,CSE,C,4,46.7,58,69,53,36,72,60,48,60,61,10,42,68,45,High Risk
AP2024_5821,Naresh Yadav,23A91A0352,naresh.yadav825@apedu.ac.in,2nd Year,Mechanical Engineering,B,4,78.5,76,65,81,72,77,59,86,89,62,20,80,87,81,Low Risk
AP2024_5822,Swathi Chowdary,22A91A0353,swathi.chowdary826@apedu.ac.in,3rd Year,Mechanical Engineering,A,6,93.8,38,57,55,66,71,56,86,57,54,19,74,62,85,Medium Risk
AP2024_5823,Pooja Murthy,23A91A4254,pooja.murthy827@apedu.ac.in,2nd Year,CSE (AI & ML),C,4,88.1,49,60,68,59,59,59,76,65,47,19,79,71,81,Medium Risk
AP2024_5824,Ramesh Goud,24A91A0355,ramesh.goud828@apedu.ac.in,1st Year,Mechanical Engineering,D,2,71.4,66,60,71,75,55,77,69,62,51,20,70,71,70,Medium Risk
AP2024_5825,Pavan Somayajulu,24A91A4456,pavan.somayajulu829@apedu.ac.in,1st Year,CSE (Data Science),C,2,70.5,59,70,53,49,69,63,72,73,46,20,73,78,71,Medium Risk
AP2024_5826,Yamini Babu,23A91A4457,yamini.babu830@apedu.ac.in,2nd Year,CSE (Data Science),D,4,93.0,43,67,45,44,57,63,80,61,49,21,94,60,89,Medium Risk
AP2024_5827,Divya Kumar,24A91A4258,divya.kumar831@apedu.ac.in,1st Year,CSE (AI & ML),B,1,55.6,66,71,70,69,66,69,60,74,57,16,59,74,57,High Risk
AP2024_5828,Pavan Yadav,21A91A0459,pavan.yadav832@apedu.ac.in,4th Year,ECE,D,8,67.8,66,47,57,73,57,52,69,69,48,21,79,64,71,Medium Risk
AP2024_5829,Mahesh Sastry,23A91A0260,mahesh.sastry833@apedu.ac.in,2nd Year,EEE,B,4,59.9,79,71,70,61,62,65,61,68,54,15,61,77,60,Medium Risk
AP2024_5830,Pavan Sharma,22A91A1261,pavan.sharma834@apedu.ac.in,3rd Year,Information Technology,D,6,42.4,61,49,53,40,54,59,29,46,60,6,39,56,37,High Risk
AP2024_5831,Sneha Chary,21A91A1262,sneha.chary835@apedu.ac.in,4th Year,Information Technology,A,8,93.4,48,50,35,35,43,52,85,64,41,20,91,54,90,High Risk
AP2024_5832,Charan Prasad,22A91A0563,charan.prasad836@apedu.ac.in,3rd Year,CSE,B,5,53.1,43,51,62,64,55,54,47,60,44,13,49,51,50,High Risk
AP2024_5833,Gayatri Bhatt,24A91A0264,gayatri.bhatt837@apedu.ac.in,1st Year,EEE,A,1,63.3,53,41,55,35,33,55,47,52,32,10,59,45,57,Medium Risk
AP2024_5834,Tejaswi Varma,22A91A0165,tejaswi.varma838@apedu.ac.in,3rd Year,Civil Engineering,A,6,82.3,66,48,61,43,60,64,87,59,47,23,79,70,82,Medium Risk
AP2024_5835,Venkata Rao,22A91A4266,venkata.rao839@apedu.ac.in,3rd Year,CSE (AI & ML),D,5,81.0,46,44,46,51,49,61,72,60,38,16,79,61,77,Medium Risk
AP2024_5836,Keerthi Sastry,23A91A0167,keerthi.sastry840@apedu.ac.in,2nd Year,Civil Engineering,B,4,71.1,78,66,65,70,69,69,63,76,64,21,72,82,68,Medium Risk
AP2024_5837,Tejaswi Goud,21A91A4468,tejaswi.goud841@apedu.ac.in,4th Year,CSE (Data Science),B,8,47.3,81,46,67,50,55,74,58,60,54,15,52,61,51,High Risk
AP2024_5838,Srikanth Raju,23A91A0469,srikanth.raju842@apedu.ac.in,2nd Year,ECE,D,3,79.6,80,64,80,81,82,77,74,84,59,23,81,77,78,Low Risk
AP2024_5839,Ramesh Verma,24A91A0270,ramesh.verma843@apedu.ac.in,1st Year,EEE,A,1,69.6,61,70,58,66,54,77,59,61,65,16,64,62,64,Medium Risk
AP2024_5840,Harika Kulkarni,22A91A1271,harika.kulkarni844@apedu.ac.in,3rd Year,Information Technology,B,5,56.0,58,68,80,76,63,67,63,63,67,19,61,72,59,High Risk
AP2024_5841,Harika Somayajulu,24A91A4472,harika.somayajulu845@apedu.ac.in,1st Year,CSE (Data Science),B,2,81.5,38,49,39,30,41,49,84,50,43,20,85,62,83,High Risk
AP2024_5842,Tarun Gupta,24A91A1273,tarun.gupta846@apedu.ac.in,1st Year,Information Technology,C,2,67.4,85,77,72,69,62,58,72,75,66,18,71,69,69,Medium Risk
AP2024_5843,Deepika Bhatt,24A91A4274,deepika.bhatt847@apedu.ac.in,1st Year,CSE (AI & ML),C,1,57.6,56,58,40,32,50,49,62,56,40,14,49,70,56,High Risk
AP2024_5844,Divya Chary,23A91A0375,divya.chary848@apedu.ac.in,2nd Year,Mechanical Engineering,C,3,71.2,68,66,76,55,81,57,85,73,66,21,75,80,76,Medium Risk
AP2024_5845,Lavanya Gupta,23A91A0476,lavanya.gupta849@apedu.ac.in,2nd Year,ECE,C,3,65.6,64,61,45,47,74,56,66,63,64,19,58,62,63,Medium Risk
AP2024_5846,Gayatri Murthy,21A91A1277,gayatri.murthy850@apedu.ac.in,4th Year,Information Technology,A,8,69.4,49,69,69,63,68,50,70,71,55,19,75,58,71,Medium Risk
AP2024_5847,Keerthi Verma,24A91A4478,keerthi.verma851@apedu.ac.in,1st Year,CSE (Data Science),D,1,51.4,43,66,53,53,43,61,62,61,48,14,54,58,55,High Risk
AP2024_5848,Sneha Gupta,21A91A0179,sneha.gupta852@apedu.ac.in,4th Year,Civil Engineering,C,7,86.4,86,64,52,44,66,67,70,78,57,17,66,80,75,Low Risk
AP2024_5849,Sai Rao,23A91A0580,sai.rao853@apedu.ac.in,2nd Year,CSE,A,3,62.2,30,54,56,40,53,57,46,60,51,17,53,52,54,Medium Risk
AP2024_5850,Ananya Murthy,22A91A0181,ananya.murthy854@apedu.ac.in,3rd Year,Civil Engineering,A,6,71.8,66,65,91,91,58,74,61,86,69,15,55,86,63,Medium Risk
AP2024_5851,Pavan Gupta,23A91A1282,pavan.gupta855@apedu.ac.in,2nd Year,Information Technology,B,4,82.9,81,74,80,65,56,58,75,69,76,18,87,61,81,Low Risk
AP2024_5852,Sireesha Patel,22A91A0283,sireesha.patel856@apedu.ac.in,3rd Year,EEE,B,5,56.1,64,58,69,57,55,47,55,59,64,16,55,59,55,High Risk
AP2024_5853,Nikhil Chowdary,21A91A4484,nikhil.chowdary857@apedu.ac.in,4th Year,CSE (Data Science),A,8,68.0,60,55,55,56,46,49,65,60,46,18,69,58,67,Medium Risk
AP2024_5854,Ganesh Babu,22A91A0485,ganesh.babu858@apedu.ac.in,3rd Year,ECE,B,6,72.9,69,68,75,61,66,70,64,83,66,17,82,82,72,Low Risk
AP2024_5855,Pavan Verma,21A91A0286,pavan.verma859@apedu.ac.in,4th Year,EEE,C,7,63.7,66,79,78,83,54,41,69,65,66,19,73,63,68,Medium Risk
AP2024_5856,Manoj Kulkarni,23A91A4487,manoj.kulkarni860@apedu.ac.in,2nd Year,CSE (Data Science),D,4,99.5,43,63,62,59,44,48,89,64,57,22,90,58,93,Medium Risk
AP2024_5857,Yamini Somayajulu,23A91A1288,yamini.somayajulu861@apedu.ac.in,2nd Year,Information Technology,B,4,82.4,72,84,69,73,56,74,67,69,70,18,68,71,73,Low Risk
AP2024_5858,Nikhil Mishra,24A91A0489,nikhil.mishra862@apedu.ac.in,1st Year,ECE,A,1,43.3,48,54,51,55,36,38,41,56,48,12,37,51,40,High Risk
AP2024_5859,Sravani Verma,22A91A0490,sravani.verma863@apedu.ac.in,3rd Year,ECE,B,6,95.5,56,62,65,62,59,72,82,75,48,18,92,72,90,Low Risk
AP2024_5860,Ananya Goud,23A91A0201,ananya.goud864@apedu.ac.in,2nd Year,EEE,A,4,64.7,70,71,64,55,72,67,68,64,57,20,70,69,67,Medium Risk
AP2024_5861,Aditya Varma,22A91A0202,aditya.varma865@apedu.ac.in,3rd Year,EEE,A,6,73.2,79,73,57,50,59,75,73,76,53,21,75,86,73,Low Risk
AP2024_5862,Naresh Joshi,22A91A1203,naresh.joshi866@apedu.ac.in,3rd Year,Information Technology,B,5,81.5,58,60,62,46,71,61,79,69,49,26,86,68,82,Medium Risk
AP2024_5863,Ananya Verma,23A91A0504,ananya.verma867@apedu.ac.in,2nd Year,CSE,C,4,64.0,39,57,37,37,59,64,56,58,41,13,66,64,62,Medium Risk
AP2024_5864,Pooja Prasad,24A91A0405,pooja.prasad868@apedu.ac.in,1st Year,ECE,B,1,69.6,41,70,63,53,74,65,76,66,59,15,68,65,71,Medium Risk
AP2024_5865,Sireesha Chowdary,24A91A4206,sireesha.chowdary869@apedu.ac.in,1st Year,CSE (AI & ML),C,2,64.1,55,33,33,32,52,56,62,51,49,15,56,54,61,High Risk
AP2024_5866,Keerthi Patel,21A91A0207,keerthi.patel870@apedu.ac.in,4th Year,EEE,A,7,86.2,75,50,66,51,61,62,70,65,64,19,72,81,77,Medium Risk
AP2024_5867,Varun Varma,23A91A0308,varun.varma871@apedu.ac.in,2nd Year,Mechanical Engineering,D,4,88.2,44,48,54,56,53,66,86,50,38,20,79,55,84,Medium Risk
AP2024_5868,Pavan Naidu,24A91A0309,pavan.naidu872@apedu.ac.in,1st Year,Mechanical Engineering,C,1,70.6,60,60,53,33,62,56,66,61,40,17,61,61,66,Medium Risk
AP2024_5869,Rahul Varma,22A91A0510,rahul.varma873@apedu.ac.in,3rd Year,CSE,D,5,72.2,74,49,83,67,57,83,76,70,68,20,74,70,73,Low Risk
AP2024_5870,Akhil Naidu,24A91A0311,akhil.naidu874@apedu.ac.in,1st Year,Mechanical Engineering,A,1,62.0,66,63,34,39,45,39,54,55,53,11,57,59,58,Medium Risk
AP2024_5871,Keerthi Somayajulu,23A91A0212,keerthi.somayajulu875@apedu.ac.in,2nd Year,EEE,A,4,72.7,54,24,47,48,45,59,71,51,41,20,67,54,70,Medium Risk
AP2024_5872,Gayatri Somayajulu,21A91A0313,gayatri.somayajulu876@apedu.ac.in,4th Year,Mechanical Engineering,D,7,83.6,77,72,71,76,67,75,66,76,62,19,76,66,76,Low Risk
AP2024_5873,Sireesha Kumar,21A91A0114,sireesha.kumar877@apedu.ac.in,4th Year,Civil Engineering,D,7,83.8,82,56,70,85,78,68,68,73,64,17,83,75,78,Low Risk
AP2024_5874,Pranavi Goud,23A91A0115,pranavi.goud878@apedu.ac.in,2nd Year,Civil Engineering,B,4,52.4,25,41,43,54,56,36,55,55,41,17,49,50,52,High Risk
AP2024_5875,Venkata Murthy,24A91A4416,venkata.murthy879@apedu.ac.in,1st Year,CSE (Data Science),A,2,88.4,65,60,80,73,64,73,75,70,62,18,83,67,82,Low Risk
AP2024_5876,Chaitanya Kulkarni,22A91A0417,chaitanya.kulkarni880@apedu.ac.in,3rd Year,ECE,C,6,80.8,41,51,35,28,51,48,73,63,33,15,66,51,74,High Risk
AP2024_5877,Divya Reddy,24A91A0118,divya.reddy881@apedu.ac.in,1st Year,Civil Engineering,A,2,73.1,61,62,77,77,67,72,70,76,60,14,78,67,73,Medium Risk
AP2024_5878,Sireesha Rao,22A91A0519,sireesha.rao882@apedu.ac.in,3rd Year,CSE,C,5,79.6,99,91,68,91,98,93,75,100,75,21,72,96,75,Low Risk
AP2024_5879,Ramesh Joshi,21A91A0120,ramesh.joshi883@apedu.ac.in,4th Year,Civil Engineering,D,8,47.9,68,37,52,30,55,52,53,50,47,13,46,60,48,High Risk
AP2024_5880,Mahesh Naidu,22A91A0421,mahesh.naidu884@apedu.ac.in,3rd Year,ECE,D,5,76.7,63,64,59,60,44,44,76,66,49,21,76,62,76,Medium Risk
AP2024_5881,Venkata Mishra,24A91A4222,venkata.mishra885@apedu.ac.in,1st Year,CSE (AI & ML),A,1,56.8,51,49,88,68,64,63,62,71,53,20,46,66,55,High Risk
AP2024_5882,Rahul Gupta,21A91A0523,rahul.gupta886@apedu.ac.in,4th Year,CSE,B,7,76.1,56,41,45,39,43,52,65,57,53,18,76,59,72,Medium Risk
AP2024_5883,Ramesh Varma,21A91A0424,ramesh.varma887@apedu.ac.in,4th Year,ECE,A,7,63.2,55,59,73,63,59,70,57,60,59,12,58,75,59,Medium Risk
AP2024_5884,Varun Prasad,24A91A0425,varun.prasad888@apedu.ac.in,1st Year,ECE,A,2,45.4,87,65,94,82,81,75,53,80,80,15,52,74,49,High Risk
AP2024_5885,Deepika Mishra,21A91A4226,deepika.mishra889@apedu.ac.in,4th Year,CSE (AI & ML),C,8,75.4,60,47,55,39,42,53,80,55,53,21,79,53,77,Medium Risk
AP2024_5886,Deepika Chary,24A91A0527,deepika.chary890@apedu.ac.in,1st Year,CSE,D,2,79.9,70,72,61,58,66,72,83,64,57,21,81,70,81,Low Risk
AP2024_5887,Charan Prasad,23A91A1228,charan.prasad891@apedu.ac.in,2nd Year,Information Technology,B,4,85.6,64,45,55,40,46,80,74,59,47,18,83,55,81,Medium Risk
AP2024_5888,Akhil Rao,24A91A4429,akhil.rao892@apedu.ac.in,1st Year,CSE (Data Science),D,2,76.1,60,75,71,69,56,70,75,60,59,19,70,72,73,Medium Risk
AP2024_5889,Sneha Reddy,24A91A1230,sneha.reddy893@apedu.ac.in,1st Year,Information Technology,B,2,58.2,56,47,56,59,44,54,54,53,54,12,52,54,55,High Risk
AP2024_5890,Bhavya Babu,23A91A0131,bhavya.babu894@apedu.ac.in,2nd Year,Civil Engineering,C,4,91.1,80,69,84,66,82,71,85,75,65,24,84,76,87,Low Risk
AP2024_5891,Venkata Babu,23A91A0432,venkata.babu895@apedu.ac.in,2nd Year,ECE,A,3,68.7,67,56,73,74,68,61,64,69,52,16,71,65,67,Medium Risk
AP2024_5892,Tarun Chary,21A91A4233,tarun.chary896@apedu.ac.in,4th Year,CSE (AI & ML),C,8,59.6,57,49,59,61,55,51,56,70,54,12,56,68,57,Medium Risk
AP2024_5893,Keerthi Gupta,23A91A1234,keerthi.gupta897@apedu.ac.in,2nd Year,Information Technology,A,4,56.2,66,52,53,54,63,65,59,71,56,12,63,60,59,High Risk
AP2024_5894,Kavya Prasad,21A91A0535,kavya.prasad898@apedu.ac.in,4th Year,CSE,D,8,62.2,67,53,51,32,54,45,60,61,50,16,55,56,59,Medium Risk
AP2024_5895,Manasa Mishra,21A91A0336,manasa.mishra899@apedu.ac.in,4th Year,Mechanical Engineering,A,8,92.1,80,70,67,66,60,80,92,84,59,23,80,86,88,Low Risk
AP2024_5896,Yamini Patel,21A91A4237,yamini.patel900@apedu.ac.in,4th Year,CSE (AI & ML),D,7,51.9,34,52,51,65,61,50,52,46,33,14,53,54,52,High Risk
AP2024_5897,Pavan Kumar,21A91A0338,pavan.kumar901@apedu.ac.in,4th Year,Mechanical Engineering,C,7,69.0,64,61,59,51,82,60,63,65,51,18,51,68,61,Medium Risk
AP2024_5898,Tarun Sharma,22A91A4239,tarun.sharma902@apedu.ac.in,3rd Year,CSE (AI & ML),A,5,77.1,87,82,69,77,61,80,74,90,66,19,84,84,78,Low Risk
AP2024_5899,Lavanya Sharma,23A91A0540,lavanya.sharma903@apedu.ac.in,2nd Year,CSE,B,3,73.9,48,36,54,49,52,62,73,54,42,17,61,55,69,Medium Risk
AP2024_5900,Keerthi Mishra,22A91A0341,keerthi.mishra904@apedu.ac.in,3rd Year,Mechanical Engineering,B,6,79.4,78,55,61,57,50,68,84,76,58,22,82,69,81,Medium Risk
AP2024_5901,Nikhil Sastry,21A91A0442,nikhil.sastry905@apedu.ac.in,4th Year,ECE,A,8,58.9,64,53,49,38,59,52,59,63,41,11,48,68,55,Medium Risk
AP2024_5902,Bhavya Chowdary,21A91A1243,bhavya.chowdary906@apedu.ac.in,4th Year,Information Technology,A,8,87.5,62,41,68,50,52,41,87,60,51,18,65,60,80,Medium Risk
AP2024_5903,Swathi Goud,21A91A0344,swathi.goud907@apedu.ac.in,4th Year,Mechanical Engineering,C,7,52.2,65,52,54,64,47,42,57,63,38,15,63,62,56,High Risk
AP2024_5904,Yamini Sastry,23A91A4245,yamini.sastry908@apedu.ac.in,2nd Year,CSE (AI & ML),B,3,59.7,49,35,32,37,52,35,57,55,42,12,63,56,59,High Risk
AP2024_5905,Kavya Kulkarni,24A91A0346,kavya.kulkarni909@apedu.ac.in,1st Year,Mechanical Engineering,C,1,70.2,61,45,41,47,54,68,68,59,54,16,60,60,66,Medium Risk
AP2024_5906,Charan Patel,24A91A0347,charan.patel910@apedu.ac.in,1st Year,Mechanical Engineering,C,1,70.8,60,46,66,68,48,57,68,67,63,19,69,72,69,Medium Risk
AP2024_5907,Swathi Rao,24A91A1248,swathi.rao911@apedu.ac.in,1st Year,Information Technology,D,1,46.2,50,51,51,38,48,52,62,59,55,11,57,55,54,High Risk
AP2024_5908,Mahesh Verma,21A91A0249,mahesh.verma912@apedu.ac.in,4th Year,EEE,D,7,38.0,58,70,71,52,69,47,43,52,60,9,51,63,43,High Risk
AP2024_5909,Harika Prasad,23A91A0450,harika.prasad913@apedu.ac.in,2nd Year,ECE,C,3,94.0,77,63,81,83,74,79,81,78,74,23,85,84,87,Low Risk
AP2024_5910,Nikhil Mishra,23A91A0551,nikhil.mishra914@apedu.ac.in,2nd Year,CSE,A,3,71.7,58,60,36,24,64,68,59,66,47,19,71,67,67,Medium Risk
AP2024_5911,Swathi Naidu,22A91A0352,swathi.naidu915@apedu.ac.in,3rd Year,Mechanical Engineering,B,5,61.7,69,57,57,66,70,51,52,60,59,14,52,67,55,Medium Risk
AP2024_5912,Gayatri Gupta,23A91A1253,gayatri.gupta916@apedu.ac.in,2nd Year,Information Technology,C,3,99.5,78,93,75,74,68,98,83,83,71,19,90,82,91,Low Risk
AP2024_5913,Harika Babu,21A91A0254,harika.babu917@apedu.ac.in,4th Year,EEE,D,8,83.0,68,49,64,50,58,47,91,60,54,14,69,73,81,Medium Risk
AP2024_5914,Manasa Varma,21A91A0355,manasa.varma918@apedu.ac.in,4th Year,Mechanical Engineering,A,7,56.4,59,54,58,59,65,44,57,65,63,12,63,61,58,High Risk
AP2024_5915,Akhil Chary,21A91A4456,akhil.chary919@apedu.ac.in,4th Year,CSE (Data Science),C,7,80.0,70,66,69,64,78,51,68,71,60,19,71,72,73,Low Risk
AP2024_5916,Rohit Babu,22A91A0557,rohit.babu920@apedu.ac.in,3rd Year,CSE,A,6,61.2,75,68,66,63,61,69,65,60,57,17,58,91,61,Medium Risk
AP2024_5917,Sneha Varma,23A91A4458,sneha.varma921@apedu.ac.in,2nd Year,CSE (Data Science),B,3,68.4,67,59,65,55,80,71,74,67,54,19,74,76,71,Medium Risk
AP2024_5918,Tejaswi Rao,22A91A1259,tejaswi.rao922@apedu.ac.in,3rd Year,Information Technology,D,6,81.7,75,62,40,50,83,65,67,77,50,20,81,71,77,Medium Risk
AP2024_5919,Harika Goud,22A91A0360,harika.goud923@apedu.ac.in,3rd Year,Mechanical Engineering,A,5,44.6,52,63,40,32,56,47,47,61,47,7,44,61,45,High Risk
AP2024_5920,Kavya Chowdary,23A91A0361,kavya.chowdary924@apedu.ac.in,2nd Year,Mechanical Engineering,A,3,67.8,58,53,50,26,43,58,66,52,36,19,65,54,66,Medium Risk
AP2024_5921,Deepika Prasad,21A91A4262,deepika.prasad925@apedu.ac.in,4th Year,CSE (AI & ML),B,7,89.7,79,68,96,84,72,73,75,83,67,21,77,88,81,Low Risk
AP2024_5922,Manoj Bhatt,23A91A0263,manoj.bhatt926@apedu.ac.in,2nd Year,EEE,C,4,65.6,61,73,82,70,70,57,67,81,72,17,73,72,68,Medium Risk
AP2024_5923,Ravi Yadav,24A91A0464,ravi.yadav927@apedu.ac.in,1st Year,ECE,D,2,65.3,61,54,68,60,54,61,68,69,51,18,73,69,68,Medium Risk
AP2024_5924,Rahul Patel,23A91A0165,rahul.patel928@apedu.ac.in,2nd Year,Civil Engineering,C,4,93.2,76,82,77,61,66,80,100,80,66,21,98,80,96,Low Risk
AP2024_5925,Yamini Gupta,22A91A4466,yamini.gupta929@apedu.ac.in,3rd Year,CSE (Data Science),A,6,59.3,47,39,50,50,37,49,52,39,59,15,69,55,60,High Risk
AP2024_5926,Rohit Goud,22A91A0267,rohit.goud930@apedu.ac.in,3rd Year,EEE,D,5,88.1,76,75,61,54,73,83,88,85,59,23,82,83,86,Low Risk
AP2024_5927,Bhavya Naidu,23A91A0468,bhavya.naidu931@apedu.ac.in,2nd Year,ECE,D,4,60.5,54,70,55,64,65,74,70,63,69,15,66,73,64,Medium Risk
AP2024_5928,Pooja Gupta,22A91A0469,pooja.gupta932@apedu.ac.in,3rd Year,ECE,A,5,62.9,72,59,55,58,59,71,67,61,53,12,56,68,62,Medium Risk
AP2024_5929,Suresh Joshi,24A91A0170,suresh.joshi933@apedu.ac.in,1st Year,Civil Engineering,D,1,72.8,70,70,68,69,86,70,66,77,62,13,59,81,66,Medium Risk
AP2024_5930,Swathi Chowdary,22A91A0471,swathi.chowdary934@apedu.ac.in,3rd Year,ECE,D,5,94.5,86,74,68,61,61,65,93,86,69,22,98,74,95,Low Risk
AP2024_5931,Sai Prasad,24A91A0272,sai.prasad935@apedu.ac.in,1st Year,EEE,D,1,54.1,30,61,38,71,67,55,52,53,51,10,40,67,49,High Risk
AP2024_5932,Rahul Mishra,24A91A4473,rahul.mishra936@apedu.ac.in,1st Year,CSE (Data Science),C,1,71.5,53,67,88,84,54,60,80,73,66,13,67,75,72,Medium Risk
AP2024_5933,Manasa Kulkarni,23A91A1274,manasa.kulkarni937@apedu.ac.in,2nd Year,Information Technology,D,4,90.8,88,82,86,76,56,83,84,82,84,19,83,87,86,Low Risk
AP2024_5934,Yamini Joshi,23A91A4275,yamini.joshi938@apedu.ac.in,2nd Year,CSE (AI & ML),A,4,79.8,67,64,54,68,61,57,69,72,53,16,65,75,72,Medium Risk
AP2024_5935,Pranavi Raju,24A91A4276,pranavi.raju939@apedu.ac.in,1st Year,CSE (AI & ML),B,2,82.3,71,62,64,67,72,53,79,65,61,17,64,62,75,Medium Risk
AP2024_5936,Pooja Mishra,24A91A4277,pooja.mishra940@apedu.ac.in,1st Year,CSE (AI & ML),C,1,88.6,53,51,37,34,58,53,81,53,47,18,83,57,84,Medium Risk
AP2024_5937,Sai Patel,24A91A4478,sai.patel941@apedu.ac.in,1st Year,CSE (Data Science),C,1,68.7,52,58,59,28,61,79,69,64,43,16,59,58,65,Medium Risk
AP2024_5938,Suresh Babu,24A91A0279,suresh.babu942@apedu.ac.in,1st Year,EEE,D,2,63.9,63,66,69,53,65,60,61,67,59,15,50,72,58,Medium Risk
AP2024_5939,Karthik Mishra,22A91A0580,karthik.mishra943@apedu.ac.in,3rd Year,CSE,C,6,56.2,67,50,66,37,51,55,63,55,56,13,48,58,55,High Risk
AP2024_5940,Ananya Prasad,21A91A0281,ananya.prasad944@apedu.ac.in,4th Year,EEE,D,7,70.8,60,59,82,60,66,66,75,76,61,18,77,72,73,Medium Risk
AP2024_5941,Akhil Sharma,24A91A0482,akhil.sharma945@apedu.ac.in,1st Year,ECE,A,1,65.4,75,54,85,80,60,53,80,82,77,21,72,73,71,Medium Risk
AP2024_5942,Kavya Kumar,21A91A0383,kavya.kumar946@apedu.ac.in,4th Year,Mechanical Engineering,D,8,77.5,68,67,63,59,65,61,71,59,61,17,55,64,68,Medium Risk
AP2024_5943,Divya Varma,21A91A1284,divya.varma947@apedu.ac.in,4th Year,Information Technology,C,8,88.4,62,53,33,27,53,70,78,70,46,23,85,68,84,Medium Risk
AP2024_5944,Ananya Babu,22A91A0485,ananya.babu948@apedu.ac.in,3rd Year,ECE,B,5,73.5,72,53,81,76,70,51,77,66,74,21,58,77,69,Low Risk
AP2024_5945,Lavanya Raju,22A91A0586,lavanya.raju949@apedu.ac.in,3rd Year,CSE,B,6,67.3,67,64,93,81,78,94,82,73,73,16,75,83,74,Medium Risk
AP2024_5946,Nikhil Chary,24A91A0187,nikhil.chary950@apedu.ac.in,1st Year,Civil Engineering,C,1,85.2,64,46,57,28,67,62,91,80,53,25,85,51,86,Medium Risk
AP2024_5947,Rahul Goud,21A91A4288,rahul.goud951@apedu.ac.in,4th Year,CSE (AI & ML),A,8,59.8,47,46,48,26,31,51,58,52,48,19,63,44,60,High Risk
AP2024_5948,Manasa Reddy,23A91A0189,manasa.reddy952@apedu.ac.in,2nd Year,Civil Engineering,D,3,41.6,58,44,66,57,53,59,35,54,49,14,43,61,40,High Risk
AP2024_5949,Keerthi Verma,24A91A0390,keerthi.verma953@apedu.ac.in,1st Year,Mechanical Engineering,D,1,99.5,72,73,60,44,70,72,100,77,59,25,98,81,99,Low Risk
AP2024_5950,Tarun Verma,24A91A4201,tarun.verma954@apedu.ac.in,1st Year,CSE (AI & ML),A,1,79.1,52,63,51,47,56,52,74,68,45,17,68,56,74,Medium Risk
AP2024_5951,Chaitanya Chary,21A91A0202,chaitanya.chary955@apedu.ac.in,4th Year,EEE,D,8,57.8,67,68,90,74,73,65,64,67,65,12,66,71,62,High Risk
AP2024_5952,Harika Goud,22A91A0103,harika.goud956@apedu.ac.in,3rd Year,Civil Engineering,A,5,52.7,49,50,76,51,60,59,53,65,51,15,51,78,52,High Risk
AP2024_5953,Manasa Gupta,24A91A0204,manasa.gupta957@apedu.ac.in,1st Year,EEE,D,1,77.0,67,58,39,49,49,63,78,53,58,17,62,59,72,Medium Risk
AP2024_5954,Tejaswi Mishra,21A91A0205,tejaswi.mishra958@apedu.ac.in,4th Year,EEE,D,8,67.9,56,66,68,61,59,62,68,58,49,14,58,61,64,Medium Risk
AP2024_5955,Swathi Mishra,22A91A4206,swathi.mishra959@apedu.ac.in,3rd Year,CSE (AI & ML),D,6,71.9,58,50,65,51,54,66,93,65,50,20,83,58,81,Medium Risk
AP2024_5956,Sai Yadav,23A91A4207,sai.yadav960@apedu.ac.in,2nd Year,CSE (AI & ML),A,4,62.6,59,65,34,35,63,63,62,58,48,19,57,55,60,Medium Risk
AP2024_5957,Ananya Babu,21A91A4208,ananya.babu961@apedu.ac.in,4th Year,CSE (AI & ML),D,7,72.2,60,85,65,61,70,67,70,71,61,16,68,76,70,Low Risk
AP2024_5958,Ravi Verma,21A91A0209,ravi.verma962@apedu.ac.in,4th Year,EEE,B,8,81.0,57,65,65,59,48,41,78,64,53,16,76,57,78,Medium Risk
AP2024_5959,Bhavya Rao,21A91A4210,bhavya.rao963@apedu.ac.in,4th Year,CSE (AI & ML),A,7,58.1,57,52,59,67,63,51,55,64,48,12,60,59,57,Medium Risk
AP2024_5960,Lavanya Chowdary,21A91A0511,lavanya.chowdary964@apedu.ac.in,4th Year,CSE,C,7,64.8,88,67,70,67,75,73,70,75,80,18,80,81,70,Medium Risk
AP2024_5961,Gayatri Reddy,23A91A0212,gayatri.reddy965@apedu.ac.in,2nd Year,EEE,C,3,63.4,73,56,73,71,72,57,62,68,64,16,65,73,63,Medium Risk
AP2024_5962,Tejaswi Naidu,22A91A0113,tejaswi.naidu966@apedu.ac.in,3rd Year,Civil Engineering,D,6,75.4,43,63,55,53,39,58,83,72,47,23,86,50,80,Medium Risk
AP2024_5963,Varun Verma,23A91A0214,varun.verma967@apedu.ac.in,2nd Year,EEE,D,3,85.4,61,72,84,70,73,64,85,73,61,22,81,67,83,Low Risk
AP2024_5964,Charan Kumar,23A91A4215,charan.kumar968@apedu.ac.in,2nd Year,CSE (AI & ML),D,3,79.0,58,55,67,65,64,55,93,67,46,22,88,68,85,Medium Risk
AP2024_5965,Venkata Sharma,23A91A0416,venkata.sharma969@apedu.ac.in,2nd Year,ECE,A,4,77.0,69,67,77,72,94,80,83,76,66,22,75,89,78,Low Risk
AP2024_5966,Ananya Gupta,23A91A0117,ananya.gupta970@apedu.ac.in,2nd Year,Civil Engineering,C,4,83.2,50,47,60,71,51,72,86,62,54,24,84,66,84,Medium Risk
AP2024_5967,Manoj Prasad,24A91A1218,manoj.prasad971@apedu.ac.in,1st Year,Information Technology,B,2,67.4,44,64,71,67,71,68,68,69,59,16,55,61,63,Medium Risk
AP2024_5968,Harika Babu,23A91A0119,harika.babu972@apedu.ac.in,2nd Year,Civil Engineering,B,4,68.7,55,75,54,50,52,58,67,50,54,11,57,61,64,Medium Risk
AP2024_5969,Varun Mishra,21A91A0420,varun.mishra973@apedu.ac.in,4th Year,ECE,C,7,68.0,57,47,61,54,41,50,62,59,59,14,77,61,68,Medium Risk
AP2024_5970,Akhil Prasad,22A91A4421,akhil.prasad974@apedu.ac.in,3rd Year,CSE (Data Science),D,5,69.2,81,69,60,58,84,62,78,78,63,19,69,78,71,Medium Risk
AP2024_5971,Manasa Joshi,21A91A0222,manasa.joshi975@apedu.ac.in,4th Year,EEE,A,7,97.2,80,60,52,51,56,62,74,62,54,21,82,66,85,Medium Risk
AP2024_5972,Nikhil Raju,23A91A1223,nikhil.raju976@apedu.ac.in,2nd Year,Information Technology,D,3,71.5,70,63,70,75,74,64,73,67,79,20,74,70,72,Medium Risk
AP2024_5973,Lavanya Rao,21A91A0324,lavanya.rao977@apedu.ac.in,4th Year,Mechanical Engineering,C,7,62.4,85,75,100,99,83,67,74,71,79,21,66,85,66,Medium Risk
AP2024_5974,Yamini Yadav,24A91A0425,yamini.yadav978@apedu.ac.in,1st Year,ECE,C,2,77.2,71,63,75,75,69,75,73,76,69,20,73,65,74,Low Risk
AP2024_5975,Mahesh Chary,23A91A4226,mahesh.chary979@apedu.ac.in,2nd Year,CSE (AI & ML),D,3,78.5,73,47,72,73,57,55,68,58,60,17,71,62,73,Medium Risk
AP2024_5976,Divya Patel,24A91A0427,divya.patel980@apedu.ac.in,1st Year,ECE,C,2,57.4,86,70,68,68,71,66,72,71,73,17,67,86,64,High Risk
AP2024_5977,Kavya Prasad,22A91A0428,kavya.prasad981@apedu.ac.in,3rd Year,ECE,D,6,61.2,89,61,76,79,69,61,65,56,71,16,48,82,58,Medium Risk
AP2024_5978,Sai Chowdary,22A91A0329,sai.chowdary982@apedu.ac.in,3rd Year,Mechanical Engineering,D,6,71.0,51,34,57,50,61,56,67,57,36,23,69,56,69,Medium Risk
AP2024_5979,Sai Verma,23A91A4430,sai.verma983@apedu.ac.in,2nd Year,CSE (Data Science),D,4,68.5,56,53,46,47,67,45,81,67,43,23,81,52,75,Medium Risk
AP2024_5980,Harika Joshi,21A91A4431,harika.joshi984@apedu.ac.in,4th Year,CSE (Data Science),C,8,70.5,58,59,83,77,56,71,57,65,63,19,59,67,62,Medium Risk
AP2024_5981,Sireesha Varma,24A91A0532,sireesha.varma985@apedu.ac.in,1st Year,CSE,B,2,74.0,76,81,85,80,66,76,77,81,75,16,85,88,78,Low Risk
AP2024_5982,Manasa Rao,24A91A4233,manasa.rao986@apedu.ac.in,1st Year,CSE (AI & ML),A,1,88.1,68,53,74,70,68,69,90,64,59,23,89,59,88,Low Risk
AP2024_5983,Ananya Naidu,22A91A4234,ananya.naidu987@apedu.ac.in,3rd Year,CSE (AI & ML),D,6,57.4,60,60,56,44,36,68,57,52,39,15,53,63,55,High Risk
AP2024_5984,Pooja Bhatt,21A91A0235,pooja.bhatt988@apedu.ac.in,4th Year,EEE,C,7,75.3,70,64,64,67,70,67,62,69,58,15,73,70,70,Medium Risk
AP2024_5985,Gayatri Yadav,24A91A4236,gayatri.yadav989@apedu.ac.in,1st Year,CSE (AI & ML),B,1,64.0,72,58,53,71,53,58,61,55,57,13,55,57,60,Medium Risk
AP2024_5986,Sai Rao,23A91A0237,sai.rao990@apedu.ac.in,2nd Year,EEE,D,3,50.8,73,60,59,64,47,68,47,61,48,11,40,69,46,High Risk
AP2024_5987,Naresh Chary,24A91A1238,naresh.chary991@apedu.ac.in,1st Year,Information Technology,B,2,58.9,73,72,59,70,63,75,65,69,62,16,57,68,60,Medium Risk
AP2024_5988,Bhavya Kulkarni,23A91A0539,bhavya.kulkarni992@apedu.ac.in,2nd Year,CSE,C,3,60.1,78,66,57,61,67,79,49,75,55,12,58,62,56,Medium Risk
AP2024_5989,Kavya Mishra,24A91A1240,kavya.mishra993@apedu.ac.in,1st Year,Information Technology,B,2,75.7,71,59,43,54,63,63,69,68,52,18,66,70,70,Medium Risk
AP2024_5990,Deepika Kumar,22A91A4241,deepika.kumar994@apedu.ac.in,3rd Year,CSE (AI & ML),B,6,89.8,70,75,89,80,82,82,83,81,75,18,84,82,86,Low Risk
AP2024_5991,Divya Naidu,23A91A0542,divya.naidu995@apedu.ac.in,2nd Year,CSE,D,3,49.9,55,63,41,37,45,61,37,56,56,12,46,58,44,High Risk
AP2024_5992,Manoj Naidu,21A91A4243,manoj.naidu996@apedu.ac.in,4th Year,CSE (AI & ML),D,8,63.1,83,71,68,67,75,67,76,67,71,18,76,68,70,Medium Risk
AP2024_5993,Manasa Naidu,23A91A4444,manasa.naidu997@apedu.ac.in,2nd Year,CSE (Data Science),B,3,99.5,75,83,59,71,78,84,100,83,68,26,98,84,99,Low Risk
AP2024_5994,Deepika Raju,24A91A0445,deepika.raju998@apedu.ac.in,1st Year,ECE,D,2,63.6,39,25,21,20,42,51,70,41,37,18,74,39,68,High Risk
AP2024_5995,Sandhya Sharma,22A91A0146,sandhya.sharma0@apedu.ac.in,3rd Year,Civil Engineering,D,5,61.7,61,37,64,70,70,53,54,70,49,12,47,55,54,Medium Risk
AP2024_5996,Ganesh Raju,24A91A4447,ganesh.raju1@apedu.ac.in,1st Year,CSE (Data Science),B,1,65.7,76,85,86,78,75,79,67,70,70,20,67,74,66,Medium Risk
AP2024_5997,Naresh Kulkarni,24A91A4448,naresh.kulkarni2@apedu.ac.in,1st Year,CSE (Data Science),C,1,62.9,85,78,99,90,83,75,61,78,70,14,64,89,62,Medium Risk
AP2024_5998,Divya Joshi,23A91A1249,divya.joshi3@apedu.ac.in,2nd Year,Information Technology,A,4,70.8,68,65,61,44,74,64,65,63,59,20,64,76,67,Medium Risk
AP2024_5999,Aditya Prasad,23A91A0250,aditya.prasad4@apedu.ac.in,2nd Year,EEE,C,4,73.1,64,74,53,40,51,67,72,62,58,13,68,67,71,Medium Risk
AP2024_6000,Sneha Goud,22A91A0151,sneha.goud5@apedu.ac.in,3rd Year,Civil Engineering,C,5,76.7,42,33,48,29,49,56,70,49,36,16,63,50,70,High Risk
AP2024_6001,Kavya Gupta,22A91A0152,kavya.gupta6@apedu.ac.in,3rd Year,Civil Engineering,D,5,67.2,73,63,90,93,51,70,57,63,62,16,67,67,64,Medium Risk
AP2024_6002,Sandhya Chowdary,24A91A0253,sandhya.chowdary7@apedu.ac.in,1st Year,EEE,B,1,49.9,99,58,85,75,73,63,53,75,70,15,56,78,52,High Risk
AP2024_6003,Pranavi Rao,21A91A0554,pranavi.rao8@apedu.ac.in,4th Year,CSE,A,8,81.9,84,67,77,71,83,72,84,84,66,18,66,81,77,Medium Risk
AP2024_6004,Sireesha Joshi,21A91A4255,sireesha.joshi9@apedu.ac.in,4th Year,CSE (AI & ML),C,8,78.0,70,59,51,35,57,64,64,66,51,15,62,63,69,Medium Risk
AP2024_6005,Sireesha Somayajulu,22A91A0156,sireesha.somayajulu10@apedu.ac.in,3rd Year,Civil Engineering,B,5,80.3,59,60,64,61,62,47,70,63,53,16,63,63,72,Medium Risk
AP2024_6006,Sravani Mishra,21A91A4457,sravani.mishra11@apedu.ac.in,4th Year,CSE (Data Science),C,7,61.2,67,54,57,55,68,74,72,70,40,18,71,65,67,Medium Risk
AP2024_6007,Naresh Chowdary,23A91A0258,naresh.chowdary12@apedu.ac.in,2nd Year,EEE,D,3,53.1,53,45,48,49,59,45,56,56,45,18,47,53,52,High Risk
AP2024_6008,Nikhil Babu,23A91A0159,nikhil.babu13@apedu.ac.in,2nd Year,Civil Engineering,B,3,64.1,50,61,45,40,52,50,62,54,54,13,46,56,58,Medium Risk
AP2024_6009,Tarun Prasad,24A91A4460,tarun.prasad14@apedu.ac.in,1st Year,CSE (Data Science),B,1,64.6,45,48,77,71,56,49,71,51,60,14,72,68,68,Medium Risk
AP2024_6010,Sireesha Mishra,22A91A0561,sireesha.mishra15@apedu.ac.in,3rd Year,CSE,B,5,84.2,69,69,70,62,86,69,72,72,60,20,79,85,78,Low Risk
AP2024_6011,Gayatri Patel,22A91A1262,gayatri.patel16@apedu.ac.in,3rd Year,Information Technology,B,6,83.4,73,67,60,74,74,69,87,69,66,19,73,74,81,Low Risk
AP2024_6012,Mahesh Bhatt,23A91A1263,mahesh.bhatt17@apedu.ac.in,2nd Year,Information Technology,C,4,76.0,71,57,59,74,86,71,72,73,62,17,85,76,77,Low Risk
AP2024_6013,Keerthi Naidu,23A91A1264,keerthi.naidu18@apedu.ac.in,2nd Year,Information Technology,C,4,68.5,82,57,85,68,60,57,72,72,72,19,65,66,68,Medium Risk
AP2024_6014,Rahul Naidu,24A91A0465,rahul.naidu19@apedu.ac.in,1st Year,ECE,D,2,57.1,40,53,42,48,33,50,55,51,49,13,56,45,56,High Risk
AP2024_6015,Mahesh Reddy,23A91A4466,mahesh.reddy20@apedu.ac.in,2nd Year,CSE (Data Science),C,4,99.5,71,52,53,54,63,59,91,73,54,20,87,67,93,Medium Risk
AP2024_6016,Tarun Yadav,21A91A4267,tarun.yadav21@apedu.ac.in,4th Year,CSE (AI & ML),A,8,66.6,59,57,72,48,40,40,70,56,54,15,65,68,67,Medium Risk
AP2024_6017,Sneha Kumar,22A91A0468,sneha.kumar22@apedu.ac.in,3rd Year,ECE,B,5,88.5,74,74,40,27,49,68,85,76,52,21,91,74,88,Medium Risk
AP2024_6018,Venkata Reddy,24A91A0169,venkata.reddy23@apedu.ac.in,1st Year,Civil Engineering,B,2,63.4,60,58,58,50,43,73,67,64,49,20,67,69,65,Medium Risk
AP2024_6019,Karthik Mishra,23A91A0270,karthik.mishra24@apedu.ac.in,2nd Year,EEE,B,3,99.5,75,68,76,73,75,79,91,85,68,23,88,82,93,Low Risk
AP2024_6020,Sandhya Babu,23A91A4271,sandhya.babu25@apedu.ac.in,2nd Year,CSE (AI & ML),A,3,73.1,55,58,62,39,66,58,67,71,57,18,63,56,68,Medium Risk
AP2024_6021,Sravani Kulkarni,23A91A4472,sravani.kulkarni26@apedu.ac.in,2nd Year,CSE (Data Science),D,3,60.3,82,58,67,70,66,49,67,64,59,16,63,60,63,Medium Risk
AP2024_6022,Pranavi Somayajulu,21A91A0273,pranavi.somayajulu27@apedu.ac.in,4th Year,EEE,C,8,68.1,66,60,68,63,52,85,81,74,51,18,80,69,75,Medium Risk
AP2024_6023,Rohit Goud,24A91A4474,rohit.goud28@apedu.ac.in,1st Year,CSE (Data Science),A,2,68.5,54,51,70,59,56,60,74,75,53,15,77,66,72,Medium Risk
AP2024_6024,Pooja Chary,21A91A0275,pooja.chary29@apedu.ac.in,4th Year,EEE,B,7,55.7,74,59,64,63,67,59,46,57,67,15,59,74,53,High Risk
AP2024_6025,Chaitanya Sastry,22A91A0176,chaitanya.sastry30@apedu.ac.in,3rd Year,Civil Engineering,B,5,72.5,60,46,59,48,58,57,71,72,56,17,50,65,65,Medium Risk
AP2024_6026,Ravi Chary,21A91A0177,ravi.chary31@apedu.ac.in,4th Year,Civil Engineering,C,7,60.2,82,71,74,66,81,79,60,68,67,13,50,67,57,Medium Risk
AP2024_6027,Pooja Goud,22A91A0378,pooja.goud32@apedu.ac.in,3rd Year,Mechanical Engineering,A,6,38.0,48,49,74,56,39,51,30,49,50,10,44,50,37,High Risk
AP2024_6028,Venkata Reddy,22A91A0579,venkata.reddy33@apedu.ac.in,3rd Year,CSE,A,5,61.9,60,61,61,54,51,49,60,57,49,15,48,69,57,Medium Risk
AP2024_6029,Gayatri Gupta,22A91A4480,gayatri.gupta34@apedu.ac.in,3rd Year,CSE (Data Science),D,5,62.0,52,56,47,50,46,54,62,52,48,14,61,48,61,Medium Risk
AP2024_6030,Aditya Sharma,24A91A0481,aditya.sharma35@apedu.ac.in,1st Year,ECE,D,1,53.3,47,50,50,49,42,52,55,53,42,11,54,50,54,High Risk
AP2024_6031,Sai Babu,23A91A0482,sai.babu36@apedu.ac.in,2nd Year,ECE,C,3,81.0,82,43,42,52,74,73,76,62,53,16,69,66,75,Medium Risk
AP2024_6032,Karthik Varma,23A91A0483,karthik.varma37@apedu.ac.in,2nd Year,ECE,C,3,40.2,47,63,74,80,66,52,44,55,51,11,33,71,39,High Risk
AP2024_6033,Rohit Yadav,22A91A1284,rohit.yadav38@apedu.ac.in,3rd Year,Information Technology,C,5,74.2,76,85,81,78,73,69,70,70,65,18,68,79,71,Low Risk
AP2024_6034,Manoj Bhatt,24A91A4485,manoj.bhatt39@apedu.ac.in,1st Year,CSE (Data Science),A,2,58.4,64,64,77,51,70,63,47,60,59,14,48,72,51,Medium Risk
AP2024_6035,Ramesh Chowdary,21A91A0486,ramesh.chowdary40@apedu.ac.in,4th Year,ECE,A,8,72.1,50,33,59,52,52,51,67,64,40,18,62,54,67,Medium Risk
AP2024_6036,Ganesh Murthy,21A91A0287,ganesh.murthy41@apedu.ac.in,4th Year,EEE,A,8,80.2,33,56,24,20,47,61,64,51,39,16,63,59,70,High Risk
AP2024_6037,Nikhil Sharma,24A91A0388,nikhil.sharma42@apedu.ac.in,1st Year,Mechanical Engineering,C,2,48.1,71,61,63,76,65,56,34,67,57,12,43,73,42,High Risk
AP2024_6038,Kavya Naidu,24A91A4289,kavya.naidu43@apedu.ac.in,1st Year,CSE (AI & ML),D,2,86.7,68,66,75,62,71,67,83,82,62,22,92,76,87,Low Risk
AP2024_6039,Tarun Raju,21A91A0590,tarun.raju44@apedu.ac.in,4th Year,CSE,C,7,67.0,70,56,47,30,41,60,65,54,60,15,54,62,62,Medium Risk
AP2024_6040,Tejaswi Patel,24A91A0301,tejaswi.patel45@apedu.ac.in,1st Year,Mechanical Engineering,A,1,52.4,57,55,68,66,57,56,56,62,49,13,51,68,53,High Risk
AP2024_6041,Ravi Murthy,22A91A0102,ravi.murthy46@apedu.ac.in,3rd Year,Civil Engineering,B,5,72.1,62,53,73,59,41,64,71,56,55,18,73,59,72,Medium Risk
AP2024_6042,Akhil Reddy,23A91A4203,akhil.reddy47@apedu.ac.in,2nd Year,CSE (AI & ML),A,4,61.6,56,78,66,48,45,71,78,67,54,16,69,62,68,Medium Risk
AP2024_6043,Keerthi Reddy,22A91A0104,keerthi.reddy48@apedu.ac.in,3rd Year,Civil Engineering,D,5,68.5,75,69,55,47,61,74,72,61,57,20,71,67,70,Medium Risk
AP2024_6044,Harika Sharma,24A91A4405,harika.sharma49@apedu.ac.in,1st Year,CSE (Data Science),C,2,75.1,62,74,71,66,75,61,69,67,63,19,59,63,68,Low Risk
AP2024_6045,Srikanth Goud,23A91A4406,srikanth.goud50@apedu.ac.in,2nd Year,CSE (Data Science),A,3,58.8,64,59,64,58,64,73,68,56,44,16,63,68,62,Medium Risk
AP2024_6046,Sireesha Mishra,23A91A1207,sireesha.mishra51@apedu.ac.in,2nd Year,Information Technology,C,4,73.6,55,79,71,58,83,49,70,69,48,15,65,76,69,Medium Risk
AP2024_6047,Nikhil Kumar,22A91A0208,nikhil.kumar52@apedu.ac.in,3rd Year,EEE,D,5,64.9,63,65,55,38,64,77,77,65,51,23,72,72,70,Medium Risk
AP2024_6048,Tarun Goud,22A91A0309,tarun.goud53@apedu.ac.in,3rd Year,Mechanical Engineering,A,5,82.7,80,69,72,70,74,83,80,87,64,23,78,86,80,Low Risk
AP2024_6049,Harika Naidu,24A91A4410,harika.naidu54@apedu.ac.in,1st Year,CSE (Data Science),C,2,76.4,75,83,70,69,74,55,77,76,75,15,74,74,75,Low Risk
AP2024_6050,Sireesha Mishra,21A91A1211,sireesha.mishra55@apedu.ac.in,4th Year,Information Technology,D,7,71.7,85,72,78,73,86,70,67,79,74,20,83,89,73,Medium Risk
AP2024_6051,Chaitanya Joshi,23A91A0512,chaitanya.joshi56@apedu.ac.in,2nd Year,CSE,B,4,69.0,66,58,71,57,59,67,75,72,66,15,66,67,69,Medium Risk
AP2024_6052,Rahul Babu,22A91A0413,rahul.babu57@apedu.ac.in,3rd Year,ECE,A,5,54.6,29,42,46,29,53,40,62,48,48,17,57,50,57,High Risk
AP2024_6053,Kavya Kumar,24A91A4214,kavya.kumar58@apedu.ac.in,1st Year,CSE (AI & ML),D,2,49.4,82,64,85,95,90,54,50,76,75,16,51,77,50,High Risk
AP2024_6054,Pooja Gupta,23A91A0415,pooja.gupta59@apedu.ac.in,2nd Year,ECE,C,3,77.8,97,74,90,76,76,85,85,80,73,20,81,73,80,Low Risk
AP2024_6055,Charan Somayajulu,22A91A4416,charan.somayajulu60@apedu.ac.in,3rd Year,CSE (Data Science),A,6,69.9,57,52,51,48,64,53,73,52,45,16,55,60,66,Medium Risk
AP2024_6056,Sireesha Kumar,21A91A0317,sireesha.kumar61@apedu.ac.in,4th Year,Mechanical Engineering,D,8,62.6,67,50,49,34,42,36,62,62,42,15,66,57,63,Medium Risk
AP2024_6057,Ravi Chary,24A91A0418,ravi.chary62@apedu.ac.in,1st Year,ECE,D,1,93.8,79,62,53,51,69,75,77,84,58,22,93,86,88,Low Risk
AP2024_6058,Swathi Joshi,23A91A0219,swathi.joshi63@apedu.ac.in,2nd Year,EEE,C,3,51.0,49,60,74,61,52,65,51,64,54,14,54,63,51,High Risk
AP2024_6059,Mahesh Murthy,23A91A0220,mahesh.murthy64@apedu.ac.in,2nd Year,EEE,C,4,53.7,77,84,91,75,78,54,46,70,73,16,54,79,51,High Risk
AP2024_6060,Harika Naidu,21A91A0321,harika.naidu65@apedu.ac.in,4th Year,Mechanical Engineering,D,7,99.5,74,67,75,76,81,70,90,68,67,24,89,80,93,Low Risk
AP2024_6061,Karthik Chowdary,22A91A4422,karthik.chowdary66@apedu.ac.in,3rd Year,CSE (Data Science),A,5,47.1,57,66,66,48,63,55,55,67,59,16,42,54,47,High Risk
AP2024_6062,Manoj Sharma,21A91A0523,manoj.sharma67@apedu.ac.in,4th Year,CSE,A,8,70.0,75,79,59,76,70,72,75,74,59,19,63,82,69,Medium Risk
AP2024_6063,Sandhya Sharma,22A91A0124,sandhya.sharma68@apedu.ac.in,3rd Year,Civil Engineering,A,6,89.1,65,69,77,60,81,70,84,70,64,22,84,81,86,Low Risk
AP2024_6064,Divya Kulkarni,23A91A1225,divya.kulkarni69@apedu.ac.in,2nd Year,Information Technology,C,3,49.3,52,46,66,69,51,50,64,57,54,16,64,51,58,High Risk
AP2024_6065,Manasa Chowdary,24A91A1226,manasa.chowdary70@apedu.ac.in,1st Year,Information Technology,B,1,77.0,86,85,80,71,87,96,80,81,68,20,82,81,79,Low Risk
AP2024_6066,Mahesh Chowdary,22A91A0527,mahesh.chowdary71@apedu.ac.in,3rd Year,CSE,B,6,73.9,74,63,75,67,63,73,61,65,70,16,72,74,69,Medium Risk
AP2024_6067,Manoj Mishra,21A91A4428,manoj.mishra72@apedu.ac.in,4th Year,CSE (Data Science),C,8,84.4,64,66,73,50,75,76,87,69,67,18,80,67,83,Low Risk
AP2024_6068,Yamini Chary,21A91A0229,yamini.chary73@apedu.ac.in,4th Year,EEE,B,7,65.5,81,82,89,86,86,92,68,81,69,17,71,90,67,Medium Risk
AP2024_6069,Naresh Babu,21A91A0530,naresh.babu74@apedu.ac.in,4th Year,CSE,A,7,52.6,87,72,73,75,63,51,55,76,65,13,45,66,51,High Risk
AP2024_6070,Sai Sastry,23A91A0231,sai.sastry75@apedu.ac.in,2nd Year,EEE,C,4,82.8,77,53,71,83,75,60,84,89,73,20,66,85,78,Low Risk
AP2024_6071,Varun Patel,21A91A0232,varun.patel76@apedu.ac.in,4th Year,EEE,C,8,61.4,49,63,55,55,57,48,59,51,47,16,60,52,60,High Risk
AP2024_6072,Suresh Rao,21A91A4433,suresh.rao77@apedu.ac.in,4th Year,CSE (Data Science),D,8,54.3,84,90,95,88,75,80,61,79,81,13,62,85,58,High Risk
AP2024_6073,Divya Prasad,22A91A0434,divya.prasad78@apedu.ac.in,3rd Year,ECE,C,6,83.1,76,52,62,60,51,50,75,68,54,14,72,59,77,Medium Risk
AP2024_6074,Lavanya Kumar,24A91A0535,lavanya.kumar79@apedu.ac.in,1st Year,CSE,C,2,51.2,52,51,64,51,48,48,50,61,56,11,49,71,50,High Risk
AP2024_6075,Nikhil Patel,23A91A0536,nikhil.patel80@apedu.ac.in,2nd Year,CSE,D,4,66.2,65,68,66,77,74,60,55,64,68,13,62,76,61,Medium Risk
AP2024_6076,Ramesh Somayajulu,21A91A0337,ramesh.somayajulu81@apedu.ac.in,4th Year,Mechanical Engineering,D,8,76.7,69,57,72,55,58,60,72,64,56,20,82,62,76,Medium Risk
AP2024_6077,Sandhya Verma,21A91A0138,sandhya.verma82@apedu.ac.in,4th Year,Civil Engineering,A,8,70.7,48,67,49,57,79,61,58,60,59,16,60,72,63,Medium Risk
AP2024_6078,Manasa Sastry,22A91A0239,manasa.sastry83@apedu.ac.in,3rd Year,EEE,A,5,76.7,72,54,62,45,53,58,74,61,52,16,68,62,73,Medium Risk
AP2024_6079,Ravi Somayajulu,23A91A1240,ravi.somayajulu84@apedu.ac.in,2nd Year,Information Technology,A,3,87.3,63,72,90,84,74,73,82,68,83,18,76,64,82,Low Risk
AP2024_6080,Mahesh Babu,21A91A0441,mahesh.babu85@apedu.ac.in,4th Year,ECE,C,7,73.7,78,79,94,67,69,66,75,69,69,15,69,93,72,Medium Risk
AP2024_6081,Venkata Yadav,24A91A0442,venkata.yadav86@apedu.ac.in,1st Year,ECE,D,2,54.2,56,51,57,52,52,47,49,56,45,15,53,62,52,High Risk
AP2024_6082,Swathi Goud,23A91A0443,swathi.goud87@apedu.ac.in,2nd Year,ECE,C,3,81.6,67,62,69,76,56,75,76,66,63,17,72,70,77,Low Risk
AP2024_6083,Tejaswi Reddy,23A91A0144,tejaswi.reddy88@apedu.ac.in,2nd Year,Civil Engineering,C,3,79.5,61,54,52,43,75,52,70,75,70,15,79,68,76,Medium Risk
AP2024_6084,Divya Joshi,22A91A4445,divya.joshi89@apedu.ac.in,3rd Year,CSE (Data Science),B,5,82.0,58,67,62,49,56,48,58,58,55,17,73,55,72,Medium Risk
AP2024_6085,Rahul Varma,21A91A0446,rahul.varma90@apedu.ac.in,4th Year,ECE,B,8,89.5,60,55,57,51,64,68,73,56,51,19,79,75,81,Medium Risk
AP2024_6086,Mahesh Verma,22A91A4247,mahesh.verma91@apedu.ac.in,3rd Year,CSE (AI & ML),C,6,54.0,68,75,72,55,57,45,53,61,49,13,45,63,51,High Risk
AP2024_6087,Gayatri Babu,23A91A0548,gayatri.babu92@apedu.ac.in,2nd Year,CSE,B,4,82.2,49,40,32,49,57,57,71,65,45,17,62,54,72,Medium Risk
AP2024_6088,Divya Varma,23A91A1249,divya.varma93@apedu.ac.in,2nd Year,Information Technology,D,4,79.8,45,61,71,77,53,54,63,66,55,14,64,66,70,Medium Risk
AP2024_6089,Pooja Gupta,21A91A0550,pooja.gupta94@apedu.ac.in,4th Year,CSE,B,8,85.8,82,82,60,60,85,84,80,80,64,23,82,90,82,Low Risk
AP2024_6090,Keerthi Patel,22A91A1251,keerthi.patel95@apedu.ac.in,3rd Year,Information Technology,A,6,96.9,70,68,72,66,73,79,100,86,65,21,84,87,93,Low Risk
AP2024_6091,Rohit Rao,24A91A4252,rohit.rao96@apedu.ac.in,1st Year,CSE (AI & ML),D,2,81.3,55,52,53,67,74,71,80,61,49,20,72,65,78,Medium Risk
AP2024_6092,Kavya Naidu,23A91A0253,kavya.naidu97@apedu.ac.in,2nd Year,EEE,C,4,76.8,63,71,69,60,59,69,73,69,59,17,68,62,73,Medium Risk
AP2024_6093,Srikanth Bhatt,22A91A0154,srikanth.bhatt98@apedu.ac.in,3rd Year,Civil Engineering,A,6,85.4,71,69,74,51,72,64,81,78,70,23,92,79,86,Low Risk
AP2024_6094,Sneha Chowdary,23A91A4455,sneha.chowdary99@apedu.ac.in,2nd Year,CSE (Data Science),D,3,92.5,77,66,53,54,63,54,89,69,54,18,77,80,86,Medium Risk
AP2024_6095,Sai Murthy,22A91A1256,sai.murthy100@apedu.ac.in,3rd Year,Information Technology,D,5,89.7,88,86,95,91,99,71,100,96,76,23,96,85,94,Low Risk
AP2024_6096,Harika Varma,23A91A0457,harika.varma101@apedu.ac.in,2nd Year,ECE,A,3,65.8,43,52,41,38,49,57,63,53,37,14,59,56,62,High Risk
AP2024_6097,Srikanth Prasad,22A91A0158,srikanth.prasad102@apedu.ac.in,3rd Year,Civil Engineering,C,6,40.0,57,67,47,39,54,56,44,63,41,11,38,75,40,High Risk
AP2024_6098,Nikhil Kulkarni,24A91A0359,nikhil.kulkarni103@apedu.ac.in,1st Year,Mechanical Engineering,C,2,73.6,76,65,51,45,57,70,72,74,55,17,65,68,70,Medium Risk
AP2024_6099,Sireesha Patel,22A91A4460,sireesha.patel104@apedu.ac.in,3rd Year,CSE (Data Science),D,5,87.3,60,54,49,47,58,45,100,77,43,22,84,61,90,Medium Risk
AP2024_6100,Manoj Somayajulu,22A91A0561,manoj.somayajulu105@apedu.ac.in,3rd Year,CSE,D,6,68.6,89,78,66,65,62,74,73,78,61,23,69,75,70,Medium Risk
AP2024_6101,Ravi Sastry,22A91A0462,ravi.sastry106@apedu.ac.in,3rd Year,ECE,B,5,58.4,51,50,42,41,33,47,55,44,32,14,53,41,55,High Risk
AP2024_6102,Ravi Murthy,23A91A0263,ravi.murthy107@apedu.ac.in,2nd Year,EEE,D,3,75.9,69,72,72,72,79,51,77,65,67,14,61,81,71,Medium Risk
AP2024_6103,Karthik Reddy,23A91A0164,karthik.reddy108@apedu.ac.in,2nd Year,Civil Engineering,D,3,85.3,72,53,68,56,66,68,85,74,63,22,73,74,81,Low Risk
AP2024_6104,Rohit Murthy,24A91A4465,rohit.murthy109@apedu.ac.in,1st Year,CSE (Data Science),B,1,84.7,72,45,62,62,64,64,81,63,63,21,75,72,80,Medium Risk
AP2024_6105,Ananya Bhatt,21A91A0366,ananya.bhatt110@apedu.ac.in,4th Year,Mechanical Engineering,A,8,54.1,55,57,52,31,58,70,63,66,62,18,55,67,57,High Risk
AP2024_6106,Tarun Chowdary,21A91A0167,tarun.chowdary111@apedu.ac.in,4th Year,Civil Engineering,D,7,72.8,90,76,57,57,72,66,78,77,60,18,67,81,72,Low Risk
AP2024_6107,Venkata Naidu,22A91A4468,venkata.naidu112@apedu.ac.in,3rd Year,CSE (Data Science),A,5,57.4,67,63,47,35,62,65,54,57,56,10,52,55,54,High Risk
AP2024_6108,Ananya Sharma,23A91A0269,ananya.sharma113@apedu.ac.in,2nd Year,EEE,A,4,88.5,60,62,78,73,82,68,96,77,63,26,93,71,92,Low Risk
AP2024_6109,Mahesh Murthy,21A91A4270,mahesh.murthy114@apedu.ac.in,4th Year,CSE (AI & ML),D,7,52.1,64,58,84,65,74,81,68,74,55,14,76,64,64,High Risk
AP2024_6110,Aditya Naidu,23A91A0471,aditya.naidu115@apedu.ac.in,2nd Year,ECE,A,3,85.9,81,53,72,44,59,56,70,80,51,14,68,66,75,Medium Risk
AP2024_6111,Ramesh Goud,21A91A4272,ramesh.goud116@apedu.ac.in,4th Year,CSE (AI & ML),A,7,93.5,73,87,53,42,68,68,89,76,63,20,90,73,91,Low Risk
AP2024_6112,Charan Verma,24A91A4273,charan.verma117@apedu.ac.in,1st Year,CSE (AI & ML),B,2,53.0,54,44,74,50,65,55,55,61,55,16,68,64,58,High Risk
AP2024_6113,Aditya Murthy,24A91A4474,aditya.murthy118@apedu.ac.in,1st Year,CSE (Data Science),B,1,67.8,47,62,53,41,42,58,54,52,50,18,55,56,59,Medium Risk
AP2024_6114,Sandhya Verma,21A91A0275,sandhya.verma119@apedu.ac.in,4th Year,EEE,B,8,66.1,38,38,45,48,34,53,64,53,32,13,53,52,61,High Risk
AP2024_6115,Mahesh Rao,22A91A0376,mahesh.rao120@apedu.ac.in,3rd Year,Mechanical Engineering,D,6,70.8,61,66,40,52,62,66,69,56,53,16,73,71,70,Medium Risk
AP2024_6116,Chaitanya Joshi,21A91A4477,chaitanya.joshi121@apedu.ac.in,4th Year,CSE (Data Science),A,7,89.9,84,86,76,80,66,96,86,83,73,21,86,85,87,Low Risk
AP2024_6117,Tarun Sharma,23A91A0578,tarun.sharma122@apedu.ac.in,2nd Year,CSE,A,3,66.9,60,63,44,50,37,64,55,54,54,18,59,57,60,Medium Risk
AP2024_6118,Sneha Murthy,24A91A0279,sneha.murthy123@apedu.ac.in,1st Year,EEE,D,2,62.2,53,67,62,52,85,60,60,63,64,19,59,71,60,Medium Risk
AP2024_6119,Deepika Kumar,22A91A0280,deepika.kumar124@apedu.ac.in,3rd Year,EEE,D,5,77.2,63,93,78,66,80,76,74,74,67,16,63,77,71,Low Risk
AP2024_6120,Deepika Reddy,21A91A0181,deepika.reddy125@apedu.ac.in,4th Year,Civil Engineering,C,7,63.2,80,60,87,70,80,77,58,64,70,14,68,80,63,Medium Risk
AP2024_6121,Lavanya Varma,22A91A4482,lavanya.varma126@apedu.ac.in,3rd Year,CSE (Data Science),C,6,81.8,65,64,80,59,70,64,76,84,64,20,89,71,82,Low Risk
AP2024_6122,Mahesh Sharma,21A91A0283,mahesh.sharma127@apedu.ac.in,4th Year,EEE,D,8,85.2,91,62,80,64,88,75,91,86,66,22,84,86,86,Low Risk
AP2024_6123,Ravi Joshi,22A91A1284,ravi.joshi128@apedu.ac.in,3rd Year,Information Technology,A,5,50.2,61,48,63,50,51,61,45,51,44,10,47,60,47,High Risk
AP2024_6124,Ramesh Raju,21A91A1285,ramesh.raju129@apedu.ac.in,4th Year,Information Technology,D,8,66.8,58,56,63,56,63,63,61,62,59,15,55,53,61,Medium Risk
AP2024_6125,Mahesh Rao,21A91A4486,mahesh.rao130@apedu.ac.in,4th Year,CSE (Data Science),D,7,88.8,94,77,72,46,83,88,92,82,69,22,81,87,87,Low Risk
AP2024_6126,Rohit Joshi,22A91A0187,rohit.joshi131@apedu.ac.in,3rd Year,Civil Engineering,A,5,99.5,63,70,73,55,79,76,96,87,58,24,88,67,95,Low Risk
AP2024_6127,Ramesh Varma,23A91A4288,ramesh.varma132@apedu.ac.in,2nd Year,CSE (AI & ML),D,4,69.8,76,86,77,95,69,70,66,87,78,16,67,82,67,Medium Risk
AP2024_6128,Kavya Chowdary,21A91A0589,kavya.chowdary133@apedu.ac.in,4th Year,CSE,C,7,71.2,80,76,82,83,57,64,79,69,64,13,73,88,74,Medium Risk
AP2024_6129,Bhavya Sastry,24A91A0590,bhavya.sastry134@apedu.ac.in,1st Year,CSE,C,2,84.8,71,60,79,70,67,68,80,72,60,21,91,80,85,Low Risk
AP2024_6130,Manasa Somayajulu,21A91A0401,manasa.somayajulu135@apedu.ac.in,4th Year,ECE,A,7,62.7,61,61,73,65,63,69,64,65,50,17,73,72,66,Medium Risk
AP2024_6131,Tarun Prasad,22A91A0302,tarun.prasad136@apedu.ac.in,3rd Year,Mechanical Engineering,A,6,80.6,68,52,66,42,72,64,87,63,58,20,75,73,80,Medium Risk
AP2024_6132,Rohit Babu,23A91A4403,rohit.babu137@apedu.ac.in,2nd Year,CSE (Data Science),C,3,66.0,43,61,62,56,71,63,66,69,68,17,65,64,65,Medium Risk
AP2024_6133,Divya Joshi,22A91A0304,divya.joshi138@apedu.ac.in,3rd Year,Mechanical Engineering,C,5,60.2,79,69,94,81,75,73,60,75,60,17,71,87,63,Medium Risk
AP2024_6134,Rahul Prasad,24A91A4205,rahul.prasad139@apedu.ac.in,1st Year,CSE (AI & ML),C,1,57.4,85,89,74,60,73,75,63,65,68,17,60,69,59,High Risk
AP2024_6135,Yamini Reddy,21A91A4206,yamini.reddy140@apedu.ac.in,4th Year,CSE (AI & ML),D,7,84.2,61,49,74,56,51,71,89,73,58,19,77,67,83,Medium Risk
AP2024_6136,Sai Somayajulu,21A91A4207,sai.somayajulu141@apedu.ac.in,4th Year,CSE (AI & ML),C,8,64.3,63,68,57,73,53,58,56,59,54,15,71,49,63,Medium Risk
AP2024_6137,Sneha Rao,21A91A4208,sneha.rao142@apedu.ac.in,4th Year,CSE (AI & ML),A,8,48.5,62,63,46,53,49,46,60,62,55,13,51,66,52,High Risk
AP2024_6138,Sravani Gupta,24A91A0409,sravani.gupta143@apedu.ac.in,1st Year,ECE,B,2,83.1,82,82,92,63,77,78,85,84,75,20,76,74,81,Low Risk
AP2024_6139,Ganesh Joshi,22A91A0110,ganesh.joshi144@apedu.ac.in,3rd Year,Civil Engineering,D,6,67.7,50,56,47,44,53,48,55,52,41,12,68,61,63,Medium Risk
AP2024_6140,Rohit Yadav,22A91A4211,rohit.yadav145@apedu.ac.in,3rd Year,CSE (AI & ML),A,6,81.0,49,56,62,62,62,71,74,71,51,23,79,70,78,Medium Risk
AP2024_6141,Sireesha Naidu,24A91A0512,sireesha.naidu146@apedu.ac.in,1st Year,CSE,A,1,94.9,69,80,78,79,70,70,92,61,78,23,89,83,92,Low Risk
AP2024_6142,Sravani Rao,24A91A0313,sravani.rao147@apedu.ac.in,1st Year,Mechanical Engineering,A,2,87.0,57,62,67,78,61,60,93,71,63,23,98,74,92,Low Risk
AP2024_6143,Aditya Reddy,22A91A4414,aditya.reddy148@apedu.ac.in,3rd Year,CSE (Data Science),C,5,60.6,69,85,78,68,76,69,63,67,70,16,69,85,63,Medium Risk
AP2024_6144,Tejaswi Bhatt,21A91A0415,tejaswi.bhatt149@apedu.ac.in,4th Year,ECE,B,7,72.5,64,62,73,78,60,68,87,79,51,20,97,70,84,Low Risk
AP2024_6145,Karthik Naidu,24A91A1216,karthik.naidu150@apedu.ac.in,1st Year,Information Technology,C,1,49.3,62,52,62,62,56,54,51,57,57,17,50,55,50,High Risk
AP2024_6146,Gayatri Chary,21A91A1217,gayatri.chary151@apedu.ac.in,4th Year,Information Technology,C,8,65.4,51,63,51,60,58,60,55,58,49,13,63,70,61,Medium Risk
AP2024_6147,Pranavi Chary,21A91A1218,pranavi.chary152@apedu.ac.in,4th Year,Information Technology,C,8,97.8,74,63,72,61,75,71,97,75,58,25,91,79,95,Low Risk
AP2024_6148,Kavya Goud,22A91A0119,kavya.goud153@apedu.ac.in,3rd Year,Civil Engineering,C,5,84.6,79,60,81,74,70,88,78,76,59,21,77,78,80,Low Risk
AP2024_6149,Sneha Rao,22A91A0120,sneha.rao154@apedu.ac.in,3rd Year,Civil Engineering,C,5,75.0,83,66,74,78,78,64,71,89,65,20,68,90,71,Low Risk
AP2024_6150,Suresh Kumar,23A91A0221,suresh.kumar155@apedu.ac.in,2nd Year,EEE,A,4,72.2,63,56,66,61,74,58,70,58,62,18,75,64,72,Medium Risk
AP2024_6151,Srikanth Naidu,23A91A1222,srikanth.naidu156@apedu.ac.in,2nd Year,Information Technology,B,3,83.8,74,74,78,65,68,70,74,68,65,17,78,72,79,Low Risk
AP2024_6152,Lavanya Murthy,21A91A0123,lavanya.murthy157@apedu.ac.in,4th Year,Civil Engineering,A,8,81.3,46,55,30,27,56,49,86,61,40,19,75,51,80,High Risk
AP2024_6153,Manasa Reddy,22A91A1224,manasa.reddy158@apedu.ac.in,3rd Year,Information Technology,A,6,45.0,49,67,74,74,53,65,38,46,60,10,43,65,42,High Risk
AP2024_6154,Mahesh Gupta,24A91A0225,mahesh.gupta159@apedu.ac.in,1st Year,EEE,D,2,64.1,65,47,46,43,43,58,65,54,48,17,56,59,61,Medium Risk
AP2024_6155,Akhil Mishra,24A91A0226,akhil.mishra160@apedu.ac.in,1st Year,EEE,A,2,79.1,71,76,80,49,73,81,86,84,61,16,64,76,76,Low Risk
AP2024_6156,Sandhya Rao,23A91A0127,sandhya.rao161@apedu.ac.in,2nd Year,Civil Engineering,B,4,87.8,89,63,74,57,68,87,82,81,66,18,74,79,81,Low Risk
AP2024_6157,Tejaswi Rao,22A91A0228,tejaswi.rao162@apedu.ac.in,3rd Year,EEE,C,6,51.1,78,62,49,54,67,61,57,73,60,11,60,76,55,High Risk
AP2024_6158,Charan Reddy,21A91A4429,charan.reddy163@apedu.ac.in,4th Year,CSE (Data Science),C,7,79.3,53,49,35,37,48,65,67,72,42,16,73,56,73,Medium Risk
AP2024_6159,Srikanth Verma,22A91A1230,srikanth.verma164@apedu.ac.in,3rd Year,Information Technology,A,5,91.7,47,59,64,81,60,59,85,63,59,26,94,60,90,Medium Risk
AP2024_6160,Harika Chowdary,24A91A0331,harika.chowdary165@apedu.ac.in,1st Year,Mechanical Engineering,A,1,54.2,68,46,60,82,62,62,44,67,65,11,54,68,51,High Risk
AP2024_6161,Chaitanya Raju,21A91A0332,chaitanya.raju166@apedu.ac.in,4th Year,Mechanical Engineering,B,8,56.2,66,54,57,35,63,58,58,81,49,14,63,67,58,High Risk
AP2024_6162,Sneha Naidu,23A91A0133,sneha.naidu167@apedu.ac.in,2nd Year,Civil Engineering,A,4,52.4,62,55,57,49,58,58,55,58,57,10,48,53,51,High Risk
AP2024_6163,Sandhya Kulkarni,23A91A1234,sandhya.kulkarni168@apedu.ac.in,2nd Year,Information Technology,B,3,74.5,66,64,65,57,59,59,74,58,62,17,76,54,74,Medium Risk
AP2024_6164,Varun Somayajulu,24A91A4435,varun.somayajulu169@apedu.ac.in,1st Year,CSE (Data Science),B,1,70.7,95,64,98,97,77,54,60,66,81,14,69,83,66,Medium Risk
AP2024_6165,Deepika Raju,23A91A1236,deepika.raju170@apedu.ac.in,2nd Year,Information Technology,B,4,88.6,58,73,73,73,65,78,92,74,68,23,92,82,90,Low Risk
AP2024_6166,Sai Patel,22A91A4437,sai.patel171@apedu.ac.in,3rd Year,CSE (Data Science),D,6,69.2,54,46,73,62,64,59,66,71,52,16,69,58,68,Medium Risk
AP2024_6167,Yamini Chowdary,23A91A0238,yamini.chowdary172@apedu.ac.in,2nd Year,EEE,D,3,82.8,51,59,68,54,65,59,86,73,53,25,75,72,81,Medium Risk
AP2024_6168,Kavya Chary,22A91A0239,kavya.chary173@apedu.ac.in,3rd Year,EEE,D,6,70.2,68,55,75,53,55,60,61,63,67,14,66,61,66,Medium Risk
AP2024_6169,Sai Gupta,23A91A1240,sai.gupta174@apedu.ac.in,2nd Year,Information Technology,A,3,57.2,69,71,65,64,66,55,51,68,56,12,43,72,51,High Risk
AP2024_6170,Sravani Joshi,22A91A4441,sravani.joshi175@apedu.ac.in,3rd Year,CSE (Data Science),A,6,62.2,58,64,75,73,61,66,53,72,58,16,56,72,57,Medium Risk
AP2024_6171,Kavya Murthy,24A91A4442,kavya.murthy176@apedu.ac.in,1st Year,CSE (Data Science),D,2,71.8,68,61,60,53,50,81,70,55,54,18,61,63,68,Medium Risk
AP2024_6172,Charan Joshi,24A91A0343,charan.joshi177@apedu.ac.in,1st Year,Mechanical Engineering,B,2,65.2,55,50,56,49,56,48,71,53,50,20,66,47,67,Medium Risk
AP2024_6173,Gayatri Goud,21A91A0144,gayatri.goud178@apedu.ac.in,4th Year,Civil Engineering,D,8,81.6,65,75,81,57,64,72,85,74,62,24,83,69,83,Low Risk
AP2024_6174,Swathi Joshi,21A91A0345,swathi.joshi179@apedu.ac.in,4th Year,Mechanical Engineering,C,8,59.3,48,48,57,50,45,52,60,52,49,14,63,53,60,Medium Risk
AP2024_6175,Varun Patel,22A91A0246,varun.patel180@apedu.ac.in,3rd Year,EEE,A,6,86.7,85,71,78,79,74,70,88,81,71,21,84,68,86,Low Risk
AP2024_6176,Nikhil Raju,24A91A4447,nikhil.raju181@apedu.ac.in,1st Year,CSE (Data Science),B,1,76.7,66,60,66,63,65,67,86,61,62,21,81,70,80,Medium Risk
AP2024_6177,Deepika Reddy,22A91A4448,deepika.reddy182@apedu.ac.in,3rd Year,CSE (Data Science),D,6,75.7,86,59,70,71,62,73,71,71,64,18,78,74,74,Low Risk
AP2024_6178,Charan Kulkarni,24A91A0249,charan.kulkarni183@apedu.ac.in,1st Year,EEE,D,1,61.4,69,79,53,56,46,54,58,76,71,18,59,71,59,Medium Risk
AP2024_6179,Nikhil Mishra,24A91A4450,nikhil.mishra184@apedu.ac.in,1st Year,CSE (Data Science),C,1,58.2,92,74,97,87,64,66,61,74,78,13,63,71,60,Medium Risk
AP2024_6180,Akhil Gupta,22A91A0451,akhil.gupta185@apedu.ac.in,3rd Year,ECE,D,6,79.5,66,67,60,39,62,51,71,69,62,16,67,74,73,Medium Risk
AP2024_6181,Keerthi Murthy,24A91A0352,keerthi.murthy186@apedu.ac.in,1st Year,Mechanical Engineering,D,1,79.4,53,69,53,56,66,68,83,66,57,26,86,77,82,Medium Risk
AP2024_6182,Yamini Prasad,23A91A0453,yamini.prasad187@apedu.ac.in,2nd Year,ECE,A,3,78.8,63,64,56,61,55,72,79,71,57,21,84,65,80,Medium Risk
AP2024_6183,Mahesh Reddy,21A91A0254,mahesh.reddy188@apedu.ac.in,4th Year,EEE,A,8,80.0,44,65,40,35,52,50,72,72,45,21,73,57,75,Medium Risk
AP2024_6184,Sireesha Verma,24A91A0555,sireesha.verma189@apedu.ac.in,1st Year,CSE,B,2,68.4,39,30,34,27,25,64,51,49,30,16,58,42,60,High Risk
AP2024_6185,Divya Babu,22A91A0456,divya.babu190@apedu.ac.in,3rd Year,ECE,A,5,44.5,59,64,63,71,65,64,47,60,56,12,34,68,42,High Risk
AP2024_6186,Manoj Babu,23A91A4257,manoj.babu191@apedu.ac.in,2nd Year,CSE (AI & ML),D,4,86.9,80,63,76,58,62,62,79,74,60,19,79,71,82,Low Risk
AP2024_6187,Sneha Gupta,22A91A0358,sneha.gupta192@apedu.ac.in,3rd Year,Mechanical Engineering,D,6,99.5,76,57,62,68,59,79,100,83,58,28,98,80,99,Low Risk
AP2024_6188,Bhavya Naidu,24A91A4259,bhavya.naidu193@apedu.ac.in,1st Year,CSE (AI & ML),B,1,73.1,59,62,50,44,55,66,71,76,61,16,74,72,72,Medium Risk
AP2024_6189,Chaitanya Somayajulu,24A91A4460,chaitanya.somayajulu194@apedu.ac.in,1st Year,CSE (Data Science),D,2,68.2,63,67,74,68,63,54,64,64,54,16,65,65,65,Medium Risk
AP2024_6190,Chaitanya Rao,21A91A4261,chaitanya.rao195@apedu.ac.in,4th Year,CSE (AI & ML),C,8,50.0,59,57,53,52,53,59,58,52,58,17,51,69,52,High Risk
AP2024_6191,Pavan Kumar,22A91A0162,pavan.kumar196@apedu.ac.in,3rd Year,Civil Engineering,B,6,77.5,51,42,49,44,56,62,85,68,45,23,88,72,82,Medium Risk
AP2024_6192,Keerthi Murthy,22A91A4263,keerthi.murthy197@apedu.ac.in,3rd Year,CSE (AI & ML),A,6,78.2,47,51,67,74,55,61,71,63,53,19,79,62,76,Medium Risk
AP2024_6193,Sneha Yadav,23A91A4464,sneha.yadav198@apedu.ac.in,2nd Year,CSE (Data Science),A,4,66.5,73,73,65,56,51,70,60,65,60,15,54,64,60,Medium Risk
AP2024_6194,Sneha Kulkarni,21A91A0565,sneha.kulkarni199@apedu.ac.in,4th Year,CSE,C,8,75.3,71,56,48,52,61,46,63,50,58,14,60,67,67,Medium Risk
AP2024_6195,Gayatri Raju,21A91A4466,gayatri.raju200@apedu.ac.in,4th Year,CSE (Data Science),B,8,64.5,55,72,43,39,62,61,71,56,55,13,67,66,67,Medium Risk
AP2024_6196,Chaitanya Gupta,21A91A0367,chaitanya.gupta201@apedu.ac.in,4th Year,Mechanical Engineering,B,7,73.3,57,54,45,43,62,54,57,62,46,14,61,57,64,Medium Risk
AP2024_6197,Karthik Verma,24A91A4468,karthik.verma202@apedu.ac.in,1st Year,CSE (Data Science),D,1,80.5,88,68,84,57,81,66,80,74,68,20,78,71,79,Low Risk
AP2024_6198,Rahul Goud,23A91A0569,rahul.goud203@apedu.ac.in,2nd Year,CSE,B,3,54.5,30,31,41,31,35,46,53,45,38,13,57,42,54,High Risk
AP2024_6199,Ganesh Prasad,21A91A4470,ganesh.prasad204@apedu.ac.in,4th Year,CSE (Data Science),D,8,76.6,68,68,70,61,62,72,72,72,65,17,75,69,74,Low Risk
AP2024_6200,Sravani Joshi,21A91A0171,sravani.joshi205@apedu.ac.in,4th Year,Civil Engineering,C,7,74.1,46,58,54,66,51,50,72,70,41,13,56,58,68,Medium Risk
AP2024_6201,Aditya Sastry,23A91A0172,aditya.sastry206@apedu.ac.in,2nd Year,Civil Engineering,A,4,92.0,82,83,71,69,65,82,100,87,59,21,89,78,93,Low Risk
AP2024_6202,Nikhil Varma,24A91A1273,nikhil.varma207@apedu.ac.in,1st Year,Information Technology,B,2,70.4,72,59,74,79,57,45,62,60,68,17,62,59,65,Medium Risk
AP2024_6203,Varun Babu,24A91A0174,varun.babu208@apedu.ac.in,1st Year,Civil Engineering,B,1,84.9,75,82,100,87,97,89,77,90,79,15,61,93,75,Low Risk
AP2024_6204,Chaitanya Verma,23A91A0375,chaitanya.verma209@apedu.ac.in,2nd Year,Mechanical Engineering,C,4,67.8,82,64,79,52,65,72,66,50,64,18,72,64,68,Medium Risk
AP2024_6205,Sravani Verma,22A91A4476,sravani.verma210@apedu.ac.in,3rd Year,CSE (Data Science),B,6,79.2,70,65,58,66,59,65,63,60,58,18,77,59,73,Medium Risk
AP2024_6206,Divya Babu,21A91A0577,divya.babu211@apedu.ac.in,4th Year,CSE,C,7,83.8,81,84,76,57,81,58,70,81,61,19,84,82,79,Low Risk
AP2024_6207,Charan Sharma,22A91A1278,charan.sharma212@apedu.ac.in,3rd Year,Information Technology,B,6,83.7,63,69,60,61,91,65,79,79,64,25,80,75,81,Low Risk
AP2024_6208,Ananya Varma,21A91A4479,ananya.varma213@apedu.ac.in,4th Year,CSE (Data Science),B,7,58.2,52,52,52,43,37,51,64,62,45,18,65,53,61,Medium Risk
AP2024_6209,Yamini Kumar,21A91A0280,yamini.kumar214@apedu.ac.in,4th Year,EEE,B,7,46.7,68,59,79,68,37,44,56,63,44,13,62,66,54,High Risk
AP2024_6210,Kavya Rao,23A91A0381,kavya.rao215@apedu.ac.in,2nd Year,Mechanical Engineering,C,4,47.6,71,71,74,69,59,67,53,73,59,16,52,78,50,High Risk
AP2024_6211,Tejaswi Murthy,23A91A1282,tejaswi.murthy216@apedu.ac.in,2nd Year,Information Technology,A,4,59.8,69,57,70,58,76,56,70,68,67,18,62,76,63,Medium Risk
AP2024_6212,Tejaswi Chowdary,24A91A1283,tejaswi.chowdary217@apedu.ac.in,1st Year,Information Technology,A,2,76.6,66,63,67,69,61,58,70,76,55,15,61,70,69,Medium Risk
AP2024_6213,Srikanth Bhatt,21A91A0184,srikanth.bhatt218@apedu.ac.in,4th Year,Civil Engineering,D,8,93.8,65,69,60,70,62,73,81,85,55,23,86,89,87,Low Risk
AP2024_6214,Pranavi Mishra,21A91A0185,pranavi.mishra219@apedu.ac.in,4th Year,Civil Engineering,A,8,38.0,80,68,92,77,66,67,38,57,72,11,44,69,39,High Risk
AP2024_6215,Pavan Raju,22A91A1286,pavan.raju220@apedu.ac.in,3rd Year,Information Technology,B,6,52.7,51,28,68,47,39,36,60,39,48,13,51,45,54,High Risk
AP2024_6216,Manoj Goud,23A91A4487,manoj.goud221@apedu.ac.in,2nd Year,CSE (Data Science),C,3,82.9,79,45,48,59,71,78,78,80,73,19,81,76,80,Low Risk
AP2024_6217,Chaitanya Chary,22A91A1288,chaitanya.chary222@apedu.ac.in,3rd Year,Information Technology,D,6,75.1,65,68,70,70,70,58,72,71,63,18,84,79,76,Medium Risk
AP2024_6218,Venkata Reddy,21A91A0489,venkata.reddy223@apedu.ac.in,4th Year,ECE,C,7,82.1,68,79,42,25,73,64,90,57,58,21,87,66,85,Medium Risk
AP2024_6219,Sireesha Bhatt,22A91A0190,sireesha.bhatt224@apedu.ac.in,3rd Year,Civil Engineering,C,5,75.0,73,67,62,50,52,61,82,62,55,22,74,66,76,Medium Risk
AP2024_6220,Karthik Sastry,21A91A0301,karthik.sastry225@apedu.ac.in,4th Year,Mechanical Engineering,B,7,69.2,62,50,60,48,52,63,79,75,61,22,69,62,72,Medium Risk
AP2024_6221,Ananya Naidu,23A91A0402,ananya.naidu226@apedu.ac.in,2nd Year,ECE,B,3,87.9,56,65,62,66,61,70,84,64,54,21,79,73,84,Low Risk
AP2024_6222,Naresh Mishra,24A91A0403,naresh.mishra227@apedu.ac.in,1st Year,ECE,D,1,50.6,75,60,69,66,74,68,52,66,59,16,61,79,54,High Risk
AP2024_6223,Rahul Prasad,23A91A0404,rahul.prasad228@apedu.ac.in,2nd Year,ECE,C,3,70.6,80,81,69,59,63,63,68,80,74,16,68,81,69,Medium Risk
AP2024_6224,Ganesh Joshi,24A91A4205,ganesh.joshi229@apedu.ac.in,1st Year,CSE (AI & ML),A,2,49.8,73,39,65,63,77,52,48,52,56,10,33,67,44,High Risk
AP2024_6225,Chaitanya Kulkarni,24A91A0306,chaitanya.kulkarni230@apedu.ac.in,1st Year,Mechanical Engineering,B,1,71.5,73,68,93,84,55,78,61,68,60,16,69,69,67,Medium Risk
AP2024_6226,Manoj Babu,22A91A0307,manoj.babu231@apedu.ac.in,3rd Year,Mechanical Engineering,D,5,44.0,52,55,62,56,60,40,47,59,64,15,46,65,45,High Risk
AP2024_6227,Mahesh Reddy,23A91A1208,mahesh.reddy232@apedu.ac.in,2nd Year,Information Technology,B,4,75.4,59,69,54,48,69,67,73,65,56,20,87,68,78,Medium Risk
AP2024_6228,Sandhya Babu,24A91A0109,sandhya.babu233@apedu.ac.in,1st Year,Civil Engineering,C,2,66.5,60,56,55,52,56,52,54,70,50,13,67,75,62,Medium Risk
AP2024_6229,Ramesh Murthy,22A91A0210,ramesh.murthy234@apedu.ac.in,3rd Year,EEE,C,6,74.7,71,68,60,49,52,68,68,66,58,21,83,77,75,Medium Risk
AP2024_6230,Ravi Patel,22A91A0311,ravi.patel235@apedu.ac.in,3rd Year,Mechanical Engineering,A,6,81.4,67,56,34,46,56,58,73,60,62,19,69,58,75,Medium Risk
AP2024_6231,Charan Patel,23A91A4412,charan.patel236@apedu.ac.in,2nd Year,CSE (Data Science),A,4,56.2,68,49,47,52,53,55,61,53,48,16,60,59,58,High Risk
AP2024_6232,Lavanya Chowdary,22A91A0213,lavanya.chowdary237@apedu.ac.in,3rd Year,EEE,A,6,88.1,60,44,32,39,51,60,86,61,39,21,80,60,85,Medium Risk
AP2024_6233,Yamini Verma,22A91A0314,yamini.verma238@apedu.ac.in,3rd Year,Mechanical Engineering,B,5,74.2,49,53,58,60,41,59,69,43,54,18,67,58,70,Medium Risk
AP2024_6234,Srikanth Varma,24A91A4415,srikanth.varma239@apedu.ac.in,1st Year,CSE (Data Science),A,2,71.3,48,55,50,48,49,52,70,62,42,20,61,54,67,Medium Risk
AP2024_6235,Tarun Yadav,22A91A4216,tarun.yadav240@apedu.ac.in,3rd Year,CSE (AI & ML),B,5,38.7,33,45,22,27,35,42,38,49,34,10,45,41,40,High Risk
AP2024_6236,Rahul Gupta,22A91A0217,rahul.gupta241@apedu.ac.in,3rd Year,EEE,C,6,64.2,63,70,59,49,55,62,79,69,52,17,69,68,70,Medium Risk
AP2024_6237,Sireesha Varma,24A91A0518,sireesha.varma242@apedu.ac.in,1st Year,CSE,B,1,76.7,71,51,59,47,58,61,70,68,53,17,67,71,71,Medium Risk
AP2024_6238,Sravani Yadav,21A91A1219,sravani.yadav243@apedu.ac.in,4th Year,Information Technology,B,8,62.5,64,58,67,89,59,44,64,68,60,13,60,55,62,Medium Risk
AP2024_6239,Venkata Mishra,23A91A0520,venkata.mishra244@apedu.ac.in,2nd Year,CSE,B,4,58.2,68,54,56,61,58,60,62,56,61,13,64,61,61,Medium Risk
AP2024_6240,Srikanth Kulkarni,23A91A4221,srikanth.kulkarni245@apedu.ac.in,2nd Year,CSE (AI & ML),B,3,70.0,64,44,43,41,48,54,63,49,34,14,57,56,63,Medium Risk
AP2024_6241,Tejaswi Gupta,24A91A0422,tejaswi.gupta246@apedu.ac.in,1st Year,ECE,D,1,87.1,57,59,84,72,68,79,74,85,49,19,90,73,84,Low Risk
AP2024_6242,Pranavi Gupta,24A91A4223,pranavi.gupta247@apedu.ac.in,1st Year,CSE (AI & ML),B,2,41.2,53,60,67,74,62,61,47,76,64,15,49,75,45,High Risk
AP2024_6243,Rahul Joshi,24A91A4424,rahul.joshi248@apedu.ac.in,1st Year,CSE (Data Science),C,2,66.9,63,72,65,67,52,68,46,65,55,13,50,59,55,Medium Risk
AP2024_6244,Sravani Bhatt,22A91A0525,sravani.bhatt249@apedu.ac.in,3rd Year,CSE,C,5,78.7,92,47,78,86,52,73,79,64,64,20,72,82,76,Low Risk
AP2024_6245,Sravani Chary,22A91A4426,sravani.chary250@apedu.ac.in,3rd Year,CSE (Data Science),B,5,51.4,60,66,81,75,51,44,55,69,62,11,40,71,49,High Risk
AP2024_6246,Rohit Patel,22A91A0527,rohit.patel251@apedu.ac.in,3rd Year,CSE,A,6,65.6,70,64,60,49,74,71,62,58,60,14,63,60,63,Medium Risk
AP2024_6247,Yamini Chary,24A91A0428,yamini.chary252@apedu.ac.in,1st Year,ECE,C,1,61.5,38,34,30,20,36,61,57,49,20,16,57,51,58,High Risk
AP2024_6248,Pranavi Raju,22A91A4229,pranavi.raju253@apedu.ac.in,3rd Year,CSE (AI & ML),B,6,73.2,64,83,86,77,64,57,78,70,67,18,90,69,79,Low Risk
AP2024_6249,Manoj Chary,21A91A1230,manoj.chary254@apedu.ac.in,4th Year,Information Technology,D,7,78.9,59,65,67,39,69,73,81,63,55,17,68,74,76,Medium Risk
AP2024_6250,Chaitanya Murthy,24A91A1231,chaitanya.murthy255@apedu.ac.in,1st Year,Information Technology,B,1,55.1,53,57,57,54,40,55,48,50,42,15,50,55,51,High Risk
AP2024_6251,Tejaswi Varma,24A91A4432,tejaswi.varma256@apedu.ac.in,1st Year,CSE (Data Science),A,1,66.1,44,42,76,68,61,53,61,62,59,13,53,64,60,Medium Risk
AP2024_6252,Sneha Chary,24A91A4233,sneha.chary257@apedu.ac.in,1st Year,CSE (AI & ML),B,1,99.5,70,79,64,56,64,77,90,70,70,22,95,71,95,Low Risk
AP2024_6253,Karthik Naidu,22A91A0534,karthik.naidu258@apedu.ac.in,3rd Year,CSE,B,6,82.0,82,66,79,61,78,75,67,64,59,20,73,64,74,Medium Risk
AP2024_6254,Gayatri Mishra,24A91A0135,gayatri.mishra259@apedu.ac.in,1st Year,Civil Engineering,D,1,68.8,69,53,70,63,59,42,64,53,62,17,69,64,67,Medium Risk
AP2024_6255,Pavan Kumar,23A91A4236,pavan.kumar260@apedu.ac.in,2nd Year,CSE (AI & ML),A,3,62.6,58,49,79,66,62,74,69,59,60,17,54,60,61,Medium Risk
AP2024_6256,Naresh Bhatt,24A91A4237,naresh.bhatt261@apedu.ac.in,1st Year,CSE (AI & ML),B,1,76.6,45,77,50,53,72,84,84,84,73,23,90,79,82,Low Risk
AP2024_6257,Bhavya Patel,21A91A4238,bhavya.patel262@apedu.ac.in,4th Year,CSE (AI & ML),D,7,74.6,68,73,67,65,56,55,72,61,61,18,64,64,70,Medium Risk
AP2024_6258,Rohit Verma,21A91A1239,rohit.verma263@apedu.ac.in,4th Year,Information Technology,A,8,81.0,76,63,80,78,65,88,81,81,63,20,85,75,82,Low Risk
AP2024_6259,Pavan Somayajulu,24A91A4240,pavan.somayajulu264@apedu.ac.in,1st Year,CSE (AI & ML),A,2,39.5,39,33,20,24,48,35,29,31,29,5,37,37,35,High Risk
AP2024_6260,Manoj Somayajulu,24A91A1241,manoj.somayajulu265@apedu.ac.in,1st Year,Information Technology,C,1,81.0,54,66,69,63,56,59,79,67,60,17,79,68,79,Medium Risk
AP2024_6261,Karthik Patel,24A91A0442,karthik.patel266@apedu.ac.in,1st Year,ECE,B,1,99.5,64,41,31,36,58,58,87,66,38,23,83,74,90,Medium Risk
AP2024_6262,Sneha Reddy,23A91A0243,sneha.reddy267@apedu.ac.in,2nd Year,EEE,C,4,83.2,66,77,72,73,66,68,77,78,67,17,64,76,75,Low Risk
AP2024_6263,Ganesh Reddy,21A91A0244,ganesh.reddy268@apedu.ac.in,4th Year,EEE,D,7,67.0,64,62,74,67,65,70,68,65,51,14,64,73,66,Medium Risk
AP2024_6264,Tarun Kumar,24A91A1245,tarun.kumar269@apedu.ac.in,1st Year,Information Technology,C,2,79.9,69,71,66,57,56,71,78,67,63,20,76,82,78,Low Risk
AP2024_6265,Rohit Kumar,21A91A0446,rohit.kumar270@apedu.ac.in,4th Year,ECE,A,7,82.7,78,65,77,80,58,72,71,62,66,19,68,73,74,Low Risk
AP2024_6266,Manasa Sharma,24A91A0547,manasa.sharma271@apedu.ac.in,1st Year,CSE,B,2,76.3,64,52,44,47,57,72,88,66,41,19,92,65,84,Medium Risk
AP2024_6267,Ravi Yadav,24A91A0548,ravi.yadav272@apedu.ac.in,1st Year,CSE,C,1,80.0,72,73,66,60,85,71,92,88,61,20,77,80,82,Low Risk
AP2024_6268,Lavanya Reddy,23A91A0449,lavanya.reddy273@apedu.ac.in,2nd Year,ECE,A,4,76.6,66,70,60,53,46,49,72,58,45,16,72,63,73,Medium Risk
AP2024_6269,Ganesh Prasad,21A91A0550,ganesh.prasad274@apedu.ac.in,4th Year,CSE,C,7,84.8,61,62,56,53,56,62,74,55,42,19,68,69,76,Medium Risk
AP2024_6270,Ramesh Chary,22A91A0151,ramesh.chary275@apedu.ac.in,3rd Year,Civil Engineering,D,6,93.6,76,59,82,84,63,71,81,73,60,19,77,78,84,Low Risk
AP2024_6271,Ramesh Verma,23A91A0452,ramesh.verma276@apedu.ac.in,2nd Year,ECE,D,3,99.5,71,52,61,66,56,67,77,64,53,20,95,64,91,Low Risk
AP2024_6272,Ananya Reddy,21A91A0353,ananya.reddy277@apedu.ac.in,4th Year,Mechanical Engineering,A,7,65.5,57,55,67,62,51,60,59,59,38,14,64,57,63,Medium Risk
AP2024_6273,Venkata Bhatt,21A91A0254,venkata.bhatt278@apedu.ac.in,4th Year,EEE,A,7,82.4,66,66,89,91,91,72,84,70,81,15,78,74,81,Low Risk
AP2024_6274,Yamini Murthy,23A91A4455,yamini.murthy279@apedu.ac.in,2nd Year,CSE (Data Science),B,3,58.6,71,61,79,66,62,52,62,67,62,14,70,70,63,Medium Risk
AP2024_6275,Pavan Sharma,24A91A0356,pavan.sharma280@apedu.ac.in,1st Year,Mechanical Engineering,D,2,82.5,58,55,55,52,45,62,83,66,50,20,83,68,82,Medium Risk
AP2024_6276,Tejaswi Gupta,23A91A0457,tejaswi.gupta281@apedu.ac.in,2nd Year,ECE,D,3,99.5,45,52,66,62,45,64,91,71,55,24,86,59,92,Medium Risk
AP2024_6277,Charan Chary,24A91A4458,charan.chary282@apedu.ac.in,1st Year,CSE (Data Science),B,2,92.1,47,74,51,57,65,78,82,84,63,23,98,79,90,Low Risk
AP2024_6278,Akhil Patel,23A91A0359,akhil.patel283@apedu.ac.in,2nd Year,Mechanical Engineering,C,4,87.7,80,80,59,54,69,72,71,83,61,17,66,80,76,Low Risk
AP2024_6279,Keerthi Patel,24A91A4260,keerthi.patel284@apedu.ac.in,1st Year,CSE (AI & ML),D,1,46.2,81,71,57,55,71,62,58,55,66,17,49,70,50,High Risk
AP2024_6280,Venkata Sharma,22A91A0461,venkata.sharma285@apedu.ac.in,3rd Year,ECE,D,5,84.1,79,69,97,82,67,69,73,88,84,18,81,78,79,Low Risk
AP2024_6281,Ravi Joshi,23A91A0462,ravi.joshi286@apedu.ac.in,2nd Year,ECE,D,4,86.6,68,61,56,55,67,70,78,72,66,18,69,72,78,Low Risk
AP2024_6282,Naresh Yadav,23A91A0463,naresh.yadav287@apedu.ac.in,2nd Year,ECE,A,3,76.5,65,60,61,41,56,73,66,66,49,22,58,69,67,Medium Risk
AP2024_6283,Karthik Raju,23A91A0264,karthik.raju288@apedu.ac.in,2nd Year,EEE,D,4,61.7,66,70,48,46,57,51,62,77,51,14,53,76,59,Medium Risk
AP2024_6284,Srikanth Mishra,22A91A0165,srikanth.mishra289@apedu.ac.in,3rd Year,Civil Engineering,C,6,80.7,71,72,55,37,72,67,91,70,52,23,87,81,85,Medium Risk
AP2024_6285,Akhil Murthy,21A91A4266,akhil.murthy290@apedu.ac.in,4th Year,CSE (AI & ML),D,8,78.2,60,47,58,55,50,53,68,55,52,17,71,50,72,Medium Risk
AP2024_6286,Pranavi Sastry,24A91A0567,pranavi.sastry291@apedu.ac.in,1st Year,CSE,D,1,63.7,57,68,55,67,52,69,68,60,57,20,62,59,64,Medium Risk
AP2024_6287,Pranavi Chowdary,21A91A0368,pranavi.chowdary292@apedu.ac.in,4th Year,Mechanical Engineering,B,8,67.7,45,32,53,55,45,70,69,58,42,19,64,55,66,Medium Risk
AP2024_6288,Naresh Babu,21A91A0569,naresh.babu293@apedu.ac.in,4th Year,CSE,A,8,70.4,73,63,50,50,49,59,69,48,52,19,64,64,68,Medium Risk
AP2024_6289,Kavya Kumar,22A91A4270,kavya.kumar294@apedu.ac.in,3rd Year,CSE (AI & ML),A,5,85.6,53,62,82,75,60,66,82,73,51,21,75,72,81,Medium Risk
AP2024_6290,Varun Raju,24A91A1271,varun.raju295@apedu.ac.in,1st Year,Information Technology,B,2,63.0,71,40,52,56,58,61,66,52,51,13,61,64,63,Medium Risk
AP2024_6291,Chaitanya Chowdary,22A91A0172,chaitanya.chowdary296@apedu.ac.in,3rd Year,Civil Engineering,A,5,87.0,44,64,63,56,64,70,88,66,53,22,81,79,85,Medium Risk
AP2024_6292,Pooja Murthy,21A91A4273,pooja.murthy297@apedu.ac.in,4th Year,CSE (AI & ML),C,7,44.8,58,62,50,52,47,49,50,53,42,10,30,52,41,High Risk
AP2024_6293,Manasa Reddy,23A91A4274,manasa.reddy298@apedu.ac.in,2nd Year,CSE (AI & ML),A,4,57.8,79,73,58,60,65,77,63,66,64,15,62,67,60,High Risk
AP2024_6294,Akhil Chary,23A91A0575,akhil.chary299@apedu.ac.in,2nd Year,CSE,C,4,99.5,75,71,48,40,60,82,84,63,57,18,89,59,91,Low Risk
AP2024_6295,Charan Patel,22A91A0376,charan.patel300@apedu.ac.in,3rd Year,Mechanical Engineering,C,6,40.9,41,42,56,50,56,56,45,45,48,8,41,55,42,High Risk
AP2024_6296,Aditya Prasad,23A91A0277,aditya.prasad301@apedu.ac.in,2nd Year,EEE,B,4,60.3,47,55,80,61,62,67,44,60,64,15,53,59,53,Medium Risk
AP2024_6297,Ravi Babu,24A91A0578,ravi.babu302@apedu.ac.in,1st Year,CSE,B,2,80.5,62,64,51,59,65,66,88,88,54,21,98,82,87,Medium Risk
AP2024_6298,Tejaswi Kulkarni,22A91A0279,tejaswi.kulkarni303@apedu.ac.in,3rd Year,EEE,C,6,87.2,57,62,77,59,67,66,90,54,52,19,89,67,88,Low Risk
AP2024_6299,Naresh Kumar,21A91A0580,naresh.kumar304@apedu.ac.in,4th Year,CSE,A,8,85.0,55,59,74,53,72,64,86,68,64,22,80,69,83,Low Risk
AP2024_6300,Pranavi Reddy,24A91A0181,pranavi.reddy305@apedu.ac.in,1st Year,Civil Engineering,B,1,79.8,61,64,47,40,62,64,78,67,54,19,74,62,77,Medium Risk
AP2024_6301,Rohit Sastry,23A91A0182,rohit.sastry306@apedu.ac.in,2nd Year,Civil Engineering,D,3,54.5,53,53,72,63,64,47,64,57,64,13,57,67,58,High Risk
AP2024_6302,Varun Kulkarni,23A91A1283,varun.kulkarni307@apedu.ac.in,2nd Year,Information Technology,B,3,73.7,72,61,67,60,46,71,61,70,57,15,49,63,62,Low Risk
AP2024_6303,Manasa Mishra,23A91A0584,manasa.mishra308@apedu.ac.in,2nd Year,CSE,C,4,90.9,61,51,55,46,61,59,86,68,50,22,88,58,88,Medium Risk
AP2024_6304,Lavanya Reddy,23A91A0585,lavanya.reddy309@apedu.ac.in,2nd Year,CSE,A,4,54.3,59,56,46,59,43,72,49,48,43,13,49,56,51,High Risk
AP2024_6305,Deepika Kulkarni,22A91A4286,deepika.kulkarni310@apedu.ac.in,3rd Year,CSE (AI & ML),A,5,38.0,61,51,48,47,42,52,37,64,53,8,35,47,36,High Risk
AP2024_6306,Bhavya Murthy,22A91A0487,bhavya.murthy311@apedu.ac.in,3rd Year,ECE,C,5,85.4,59,46,61,43,54,66,85,74,53,22,93,58,87,Medium Risk
AP2024_6307,Akhil Yadav,22A91A0488,akhil.yadav312@apedu.ac.in,3rd Year,ECE,D,6,73.6,65,55,59,65,61,68,71,57,64,19,82,70,75,Low Risk
AP2024_6308,Mahesh Rao,24A91A4489,mahesh.rao313@apedu.ac.in,1st Year,CSE (Data Science),D,2,83.6,88,67,69,62,75,79,78,74,55,21,95,84,85,Low Risk
AP2024_6309,Naresh Patel,22A91A0290,naresh.patel314@apedu.ac.in,3rd Year,EEE,B,5,65.1,55,35,51,65,63,53,65,55,53,16,55,76,62,Medium Risk
AP2024_6310,Ramesh Kumar,22A91A0101,ramesh.kumar315@apedu.ac.in,3rd Year,Civil Engineering,D,6,43.4,54,39,27,20,31,35,37,50,30,11,47,45,42,High Risk
AP2024_6311,Naresh Patel,22A91A4202,naresh.patel316@apedu.ac.in,3rd Year,CSE (AI & ML),D,5,68.1,76,55,65,64,70,63,55,64,52,16,59,80,61,Medium Risk
AP2024_6312,Keerthi Murthy,23A91A0303,keerthi.murthy317@apedu.ac.in,2nd Year,Mechanical Engineering,B,4,74.4,47,37,45,42,51,75,72,67,37,18,81,65,75,Medium Risk
AP2024_6313,Sandhya Reddy,24A91A0104,sandhya.reddy318@apedu.ac.in,1st Year,Civil Engineering,A,1,67.6,53,58,69,74,59,48,70,62,56,17,71,65,69,Medium Risk
AP2024_6314,Lavanya Sharma,22A91A1205,lavanya.sharma319@apedu.ac.in,3rd Year,Information Technology,C,6,70.0,63,54,66,70,66,74,59,63,49,15,63,58,64,Medium Risk
AP2024_6315,Sireesha Bhatt,23A91A0306,sireesha.bhatt320@apedu.ac.in,2nd Year,Mechanical Engineering,A,3,65.6,71,52,62,44,61,54,58,61,57,15,43,65,56,Medium Risk
AP2024_6316,Deepika Somayajulu,23A91A4407,deepika.somayajulu321@apedu.ac.in,2nd Year,CSE (Data Science),D,3,72.2,50,51,53,40,49,41,65,49,49,19,69,47,69,Medium Risk
AP2024_6317,Varun Mishra,21A91A0508,varun.mishra322@apedu.ac.in,4th Year,CSE,A,7,75.0,66,52,62,60,46,61,73,59,59,12,65,52,71,Medium Risk
AP2024_6318,Rahul Babu,24A91A4209,rahul.babu323@apedu.ac.in,1st Year,CSE (AI & ML),B,2,99.3,85,93,73,73,77,76,100,91,68,26,80,89,93,Low Risk
AP2024_6319,Gayatri Gupta,22A91A0110,gayatri.gupta324@apedu.ac.in,3rd Year,Civil Engineering,A,6,84.3,68,59,58,40,53,64,85,64,45,17,81,83,83,Medium Risk
AP2024_6320,Nikhil Rao,22A91A0211,nikhil.rao325@apedu.ac.in,3rd Year,EEE,A,6,75.2,60,52,69,74,49,67,69,71,50,18,69,73,71,Medium Risk
AP2024_6321,Tejaswi Goud,23A91A0312,tejaswi.goud326@apedu.ac.in,2nd Year,Mechanical Engineering,B,4,76.1,77,66,56,59,62,66,74,65,64,16,64,71,71,Medium Risk
AP2024_6322,Chaitanya Sharma,23A91A4413,chaitanya.sharma327@apedu.ac.in,2nd Year,CSE (Data Science),D,4,82.9,68,52,82,68,67,72,84,75,60,21,77,80,81,Low Risk
AP2024_6323,Keerthi Prasad,21A91A0414,keerthi.prasad328@apedu.ac.in,4th Year,ECE,A,7,95.7,82,61,84,70,69,68,88,95,67,27,77,77,87,Low Risk
AP2024_6324,Divya Murthy,22A91A0215,divya.murthy329@apedu.ac.in,3rd Year,EEE,D,6,65.2,64,69,66,48,57,53,53,62,54,13,46,67,55,Medium Risk
AP2024_6325,Sravani Chowdary,24A91A4416,sravani.chowdary330@apedu.ac.in,1st Year,CSE (Data Science),A,2,77.1,59,63,79,57,45,73,66,68,49,18,71,68,71,Medium Risk
AP2024_6326,Akhil Babu,24A91A4217,akhil.babu331@apedu.ac.in,1st Year,CSE (AI & ML),A,2,69.4,72,67,73,57,57,80,70,85,62,14,65,78,68,Medium Risk
AP2024_6327,Ravi Bhatt,24A91A0118,ravi.bhatt332@apedu.ac.in,1st Year,Civil Engineering,A,1,54.8,72,52,76,54,70,73,49,66,61,11,55,75,53,High Risk
AP2024_6328,Pooja Gupta,21A91A0219,pooja.gupta333@apedu.ac.in,4th Year,EEE,D,8,66.8,54,41,61,46,72,66,72,65,41,20,63,63,67,Medium Risk
AP2024_6329,Rahul Chowdary,23A91A1220,rahul.chowdary334@apedu.ac.in,2nd Year,Information Technology,C,3,88.2,69,60,65,49,65,64,95,73,54,23,81,74,88,Low Risk
AP2024_6330,Pavan Goud,22A91A0421,pavan.goud335@apedu.ac.in,3rd Year,ECE,C,6,59.0,79,72,77,70,93,74,58,64,74,18,66,74,60,Medium Risk
AP2024_6331,Aditya Verma,21A91A0222,aditya.verma336@apedu.ac.in,4th Year,EEE,D,8,68.8,60,80,59,61,62,63,72,72,51,19,72,71,70,Medium Risk
AP2024_6332,Mahesh Reddy,24A91A4223,mahesh.reddy337@apedu.ac.in,1st Year,CSE (AI & ML),B,2,78.2,58,53,63,49,67,73,82,81,58,21,82,82,80,Medium Risk
AP2024_6333,Charan Verma,23A91A4224,charan.verma338@apedu.ac.in,2nd Year,CSE (AI & ML),B,4,83.0,44,47,49,37,58,67,75,58,36,14,73,58,77,Medium Risk
AP2024_6334,Rahul Yadav,24A91A4425,rahul.yadav339@apedu.ac.in,1st Year,CSE (Data Science),D,1,84.5,75,69,81,62,44,55,81,80,68,20,89,69,84,Low Risk
AP2024_6335,Sravani Bhatt,24A91A0126,sravani.bhatt340@apedu.ac.in,1st Year,Civil Engineering,D,2,82.9,59,47,41,48,58,51,85,57,40,22,85,56,84,Medium Risk
AP2024_6336,Venkata Varma,21A91A0427,venkata.varma341@apedu.ac.in,4th Year,ECE,B,8,76.0,72,50,60,43,44,52,77,70,49,20,80,57,77,Medium Risk
AP2024_6337,Naresh Yadav,22A91A4228,naresh.yadav342@apedu.ac.in,3rd Year,CSE (AI & ML),D,6,65.8,84,73,94,93,76,60,60,87,75,14,60,78,62,Medium Risk
AP2024_6338,Pavan Prasad,23A91A0529,pavan.prasad343@apedu.ac.in,2nd Year,CSE,A,3,39.5,61,54,53,39,39,56,52,62,54,11,46,65,45,High Risk
AP2024_6339,Bhavya Kulkarni,21A91A0530,bhavya.kulkarni344@apedu.ac.in,4th Year,CSE,D,7,71.9,71,57,67,59,60,70,81,64,57,17,73,64,74,Medium Risk
AP2024_6340,Karthik Verma,21A91A0131,karthik.verma345@apedu.ac.in,4th Year,Civil Engineering,D,7,65.4,62,63,57,65,72,64,72,67,57,15,58,61,65,Medium Risk
AP2024_6341,Swathi Verma,23A91A1232,swathi.verma346@apedu.ac.in,2nd Year,Information Technology,A,3,78.6,49,60,42,33,43,80,88,60,32,24,85,70,83,Medium Risk
AP2024_6342,Naresh Mishra,23A91A0233,naresh.mishra347@apedu.ac.in,2nd Year,EEE,B,4,72.3,71,53,90,66,70,46,69,70,59,16,61,73,67,Medium Risk
AP2024_6343,Ganesh Sastry,22A91A0134,ganesh.sastry348@apedu.ac.in,3rd Year,Civil Engineering,B,6,59.6,76,57,71,68,65,55,62,62,64,15,59,71,60,Medium Risk
AP2024_6344,Gayatri Murthy,22A91A1235,gayatri.murthy349@apedu.ac.in,3rd Year,Information Technology,C,5,71.0,50,41,50,48,49,51,53,61,48,17,61,58,62,Medium Risk
AP2024_6345,Varun Patel,21A91A1236,varun.patel350@apedu.ac.in,4th Year,Information Technology,B,8,64.1,53,48,43,30,44,58,63,46,40,13,49,54,59,High Risk
AP2024_6346,Ganesh Sastry,21A91A0237,ganesh.sastry351@apedu.ac.in,4th Year,EEE,A,8,88.0,64,63,71,53,68,73,84,81,54,20,92,77,88,Low Risk
AP2024_6347,Ramesh Mishra,23A91A1238,ramesh.mishra352@apedu.ac.in,2nd Year,Information Technology,C,3,52.3,94,87,99,96,88,77,54,79,79,14,59,92,54,High Risk
AP2024_6348,Ravi Sastry,22A91A0539,ravi.sastry353@apedu.ac.in,3rd Year,CSE,B,5,65.5,81,77,61,46,66,73,64,73,57,12,58,72,62,Medium Risk
AP2024_6349,Pavan Patel,23A91A0540,pavan.patel354@apedu.ac.in,2nd Year,CSE,B,3,80.4,78,78,67,69,61,64,79,70,71,19,76,68,78,Low Risk
AP2024_6350,Ganesh Goud,21A91A0541,ganesh.goud355@apedu.ac.in,4th Year,CSE,B,7,82.2,66,64,72,56,63,70,84,66,52,20,74,77,80,Low Risk
AP2024_6351,Divya Prasad,22A91A4442,divya.prasad356@apedu.ac.in,3rd Year,CSE (Data Science),C,6,64.5,58,62,61,44,58,44,69,60,57,21,62,61,65,Medium Risk
AP2024_6352,Lavanya Verma,23A91A0543,lavanya.verma357@apedu.ac.in,2nd Year,CSE,D,3,49.0,66,65,55,50,44,55,56,46,57,15,50,63,51,High Risk
AP2024_6353,Kavya Rao,21A91A0344,kavya.rao358@apedu.ac.in,4th Year,Mechanical Engineering,A,7,60.9,77,89,78,53,69,75,40,71,59,11,47,83,50,Medium Risk
AP2024_6354,Ganesh Mishra,22A91A4445,ganesh.mishra359@apedu.ac.in,3rd Year,CSE (Data Science),C,5,48.0,63,58,61,64,67,57,37,54,62,8,49,71,45,High Risk
AP2024_6355,Mahesh Prasad,21A91A4246,mahesh.prasad360@apedu.ac.in,4th Year,CSE (AI & ML),B,8,76.0,77,64,67,64,78,64,74,72,60,15,58,73,69,Low Risk
AP2024_6356,Charan Somayajulu,23A91A0547,charan.somayajulu361@apedu.ac.in,2nd Year,CSE,A,4,94.6,60,75,85,72,83,70,98,95,72,22,81,85,91,Low Risk
AP2024_6357,Keerthi Sharma,21A91A0448,keerthi.sharma362@apedu.ac.in,4th Year,ECE,B,8,81.6,67,59,72,52,70,80,76,62,62,19,81,64,79,Low Risk
AP2024_6358,Divya Sastry,21A91A0449,divya.sastry363@apedu.ac.in,4th Year,ECE,C,7,57.5,68,65,66,58,53,51,63,60,53,14,56,72,58,High Risk
AP2024_6359,Divya Varma,22A91A4450,divya.varma364@apedu.ac.in,3rd Year,CSE (Data Science),B,6,69.6,25,38,24,30,41,47,70,58,32,16,69,48,69,High Risk
AP2024_6360,Mahesh Varma,23A91A4451,mahesh.varma365@apedu.ac.in,2nd Year,CSE (Data Science),B,4,82.2,58,59,72,50,62,56,67,65,51,18,67,69,73,Medium Risk
AP2024_6361,Charan Bhatt,23A91A0552,charan.bhatt366@apedu.ac.in,2nd Year,CSE,B,3,71.4,83,77,65,55,92,78,75,77,58,17,69,81,71,Medium Risk
AP2024_6362,Pranavi Somayajulu,21A91A0553,pranavi.somayajulu367@apedu.ac.in,4th Year,CSE,C,7,74.6,63,48,71,78,72,54,72,73,70,17,69,54,72,Low Risk
AP2024_6363,Rohit Yadav,23A91A0554,rohit.yadav368@apedu.ac.in,2nd Year,CSE,B,4,87.2,48,56,60,58,74,66,79,72,53,17,75,65,81,Medium Risk
AP2024_6364,Lavanya Reddy,22A91A0455,lavanya.reddy369@apedu.ac.in,3rd Year,ECE,B,5,62.0,44,42,44,56,59,58,62,56,56,18,57,54,60,Medium Risk
AP2024_6365,Bhavya Kulkarni,24A91A0256,bhavya.kulkarni370@apedu.ac.in,1st Year,EEE,C,1,67.1,76,71,69,73,79,60,71,77,75,16,64,74,67,Medium Risk
AP2024_6366,Tarun Yadav,24A91A0357,tarun.yadav371@apedu.ac.in,1st Year,Mechanical Engineering,D,1,84.6,55,45,37,43,53,49,82,48,46,18,70,58,79,Medium Risk
AP2024_6367,Yamini Yadav,24A91A1258,yamini.yadav372@apedu.ac.in,1st Year,Information Technology,B,2,79.6,78,63,56,58,69,63,69,60,54,23,79,85,76,Low Risk
AP2024_6368,Lavanya Chowdary,22A91A1259,lavanya.chowdary373@apedu.ac.in,3rd Year,Information Technology,D,5,68.0,71,76,46,50,51,55,71,55,55,16,58,65,65,Medium Risk
AP2024_6369,Naresh Kulkarni,21A91A0160,naresh.kulkarni374@apedu.ac.in,4th Year,Civil Engineering,C,7,81.1,67,68,60,61,54,73,73,67,58,21,78,64,77,Medium Risk
AP2024_6370,Srikanth Somayajulu,22A91A0261,srikanth.somayajulu375@apedu.ac.in,3rd Year,EEE,B,6,56.4,66,66,70,64,65,66,53,69,68,14,49,74,53,High Risk
AP2024_6371,Harika Kumar,21A91A1262,harika.kumar376@apedu.ac.in,4th Year,Information Technology,B,7,67.0,55,57,51,36,48,47,67,57,44,16,59,58,64,Medium Risk
AP2024_6372,Ganesh Gupta,24A91A0463,ganesh.gupta377@apedu.ac.in,1st Year,ECE,B,2,84.4,54,63,51,52,55,52,73,55,54,16,69,66,76,Medium Risk
AP2024_6373,Lavanya Sharma,21A91A0464,lavanya.sharma378@apedu.ac.in,4th Year,ECE,C,8,65.8,72,60,56,48,69,74,77,59,60,17,56,63,66,Medium Risk
AP2024_6374,Divya Mishra,23A91A0465,divya.mishra379@apedu.ac.in,2nd Year,ECE,D,3,69.6,71,72,69,73,57,72,64,75,60,15,71,71,68,Medium Risk
AP2024_6375,Gayatri Chary,21A91A0466,gayatri.chary380@apedu.ac.in,4th Year,ECE,A,7,72.6,64,58,62,46,64,76,74,68,59,19,69,69,71,Medium Risk
AP2024_6376,Srikanth Reddy,23A91A4267,srikanth.reddy381@apedu.ac.in,2nd Year,CSE (AI & ML),C,3,68.6,28,51,42,31,42,41,70,53,37,13,64,59,67,High Risk
AP2024_6377,Swathi Kulkarni,21A91A0368,swathi.kulkarni382@apedu.ac.in,4th Year,Mechanical Engineering,A,8,75.5,65,57,74,73,78,58,66,72,68,16,56,80,66,Low Risk
AP2024_6378,Venkata Varma,22A91A0169,venkata.varma383@apedu.ac.in,3rd Year,Civil Engineering,D,5,70.1,52,43,43,47,59,59,74,49,46,15,80,49,74,Medium Risk
AP2024_6379,Ganesh Yadav,21A91A0170,ganesh.yadav384@apedu.ac.in,4th Year,Civil Engineering,D,7,55.7,70,64,72,83,73,63,48,57,56,12,56,74,53,High Risk
AP2024_6380,Pranavi Gupta,21A91A1271,pranavi.gupta385@apedu.ac.in,4th Year,Information Technology,A,8,63.4,75,75,82,74,65,93,74,87,72,17,63,84,66,Medium Risk
AP2024_6381,Pavan Bhatt,21A91A4472,pavan.bhatt386@apedu.ac.in,4th Year,CSE (Data Science),C,7,63.7,57,43,63,46,55,60,61,62,50,15,46,59,57,Medium Risk
AP2024_6382,Gayatri Naidu,24A91A0373,gayatri.naidu387@apedu.ac.in,1st Year,Mechanical Engineering,B,1,70.2,68,48,41,48,54,72,61,71,43,18,73,73,68,Medium Risk
AP2024_6383,Pavan Varma,21A91A4474,pavan.varma388@apedu.ac.in,4th Year,CSE (Data Science),B,8,61.6,68,48,52,33,58,54,61,62,41,15,72,60,64,Medium Risk
AP2024_6384,Harika Patel,22A91A0475,harika.patel389@apedu.ac.in,3rd Year,ECE,D,6,56.1,61,59,45,53,54,47,50,47,53,9,52,68,53,High Risk
AP2024_6385,Tejaswi Sharma,21A91A0276,tejaswi.sharma390@apedu.ac.in,4th Year,EEE,C,7,94.2,76,64,70,64,71,52,84,63,66,22,77,65,85,Medium Risk
AP2024_6386,Ramesh Gupta,24A91A0377,ramesh.gupta391@apedu.ac.in,1st Year,Mechanical Engineering,C,1,64.7,67,59,52,43,44,58,55,56,56,12,56,72,59,Medium Risk
AP2024_6387,Tejaswi Murthy,22A91A0378,tejaswi.murthy392@apedu.ac.in,3rd Year,Mechanical Engineering,B,6,79.0,76,80,67,65,67,81,75,75,61,22,62,75,72,Medium Risk
AP2024_6388,Pooja Sastry,24A91A0479,pooja.sastry393@apedu.ac.in,1st Year,ECE,A,2,66.2,75,76,79,64,75,61,80,66,64,23,64,80,69,Medium Risk
AP2024_6389,Ananya Varma,24A91A4480,ananya.varma394@apedu.ac.in,1st Year,CSE (Data Science),D,1,88.6,70,76,74,77,82,77,81,87,65,19,83,89,84,Low Risk
AP2024_6390,Manoj Prasad,21A91A4481,manoj.prasad395@apedu.ac.in,4th Year,CSE (Data Science),C,7,58.3,66,57,67,57,73,73,59,67,58,14,55,81,57,Medium Risk
AP2024_6391,Manasa Kulkarni,21A91A4482,manasa.kulkarni396@apedu.ac.in,4th Year,CSE (Data Science),B,7,57.8,24,61,42,43,29,54,59,41,39,17,61,40,59,High Risk
AP2024_6392,Manoj Gupta,21A91A0483,manoj.gupta397@apedu.ac.in,4th Year,ECE,A,8,63.9,39,45,52,43,41,45,56,44,44,17,53,57,58,High Risk
AP2024_6393,Ganesh Kulkarni,21A91A4284,ganesh.kulkarni398@apedu.ac.in,4th Year,CSE (AI & ML),A,7,73.9,76,55,74,66,59,74,67,80,68,16,63,67,68,Low Risk
AP2024_6394,Karthik Chary,24A91A0185,karthik.chary399@apedu.ac.in,1st Year,Civil Engineering,D,2,69.7,80,72,69,68,77,67,70,73,63,17,67,73,68,Medium Risk
AP2024_6395,Venkata Babu,23A91A0186,venkata.babu400@apedu.ac.in,2nd Year,Civil Engineering,C,3,75.2,87,80,77,68,73,83,96,75,71,24,84,76,84,Low Risk
AP2024_6396,Pavan Babu,23A91A0387,pavan.babu401@apedu.ac.in,2nd Year,Mechanical Engineering,C,4,63.4,46,49,66,78,53,55,57,49,46,14,51,66,57,High Risk
AP2024_6397,Varun Naidu,21A91A0588,varun.naidu402@apedu.ac.in,4th Year,CSE,A,8,85.9,52,65,57,54,59,41,81,62,66,16,75,63,81,Medium Risk
AP2024_6398,Ramesh Sharma,21A91A0189,ramesh.sharma403@apedu.ac.in,4th Year,Civil Engineering,C,7,72.1,76,67,82,60,78,63,72,90,68,14,63,86,69,Low Risk
AP2024_6399,Srikanth Yadav,24A91A0290,srikanth.yadav404@apedu.ac.in,1st Year,EEE,C,1,73.5,81,64,63,68,72,75,65,69,58,14,66,68,68,Low Risk
AP2024_6400,Ravi Verma,22A91A0101,ravi.verma405@apedu.ac.in,3rd Year,Civil Engineering,C,6,97.7,59,69,64,63,68,70,91,70,51,23,83,71,91,Low Risk
AP2024_6401,Kavya Sastry,23A91A1202,kavya.sastry406@apedu.ac.in,2nd Year,Information Technology,A,3,52.4,64,56,30,25,43,36,55,64,33,11,57,67,54,High Risk
AP2024_6402,Sireesha Varma,24A91A0103,sireesha.varma407@apedu.ac.in,1st Year,Civil Engineering,D,2,60.4,60,59,51,48,57,54,59,49,53,16,65,68,61,Medium Risk
AP2024_6403,Keerthi Naidu,23A91A0204,keerthi.naidu408@apedu.ac.in,2nd Year,EEE,D,4,56.7,40,42,68,65,52,60,53,59,47,14,59,64,56,High Risk
AP2024_6404,Lavanya Naidu,23A91A0205,lavanya.naidu409@apedu.ac.in,2nd Year,EEE,B,4,70.1,76,61,74,67,65,72,77,72,55,19,72,80,72,Medium Risk
AP2024_6405,Kavya Kumar,24A91A0306,kavya.kumar410@apedu.ac.in,1st Year,Mechanical Engineering,B,2,81.0,49,57,49,52,65,67,76,67,43,17,82,63,79,Medium Risk
AP2024_6406,Sandhya Rao,21A91A0307,sandhya.rao411@apedu.ac.in,4th Year,Mechanical Engineering,A,7,45.1,54,41,41,57,43,40,48,49,39,12,55,53,48,High Risk
AP2024_6407,Rohit Verma,24A91A0208,rohit.verma412@apedu.ac.in,1st Year,EEE,D,2,82.3,58,66,45,46,70,41,87,65,56,19,80,52,83,Medium Risk
AP2024_6408,Ramesh Yadav,23A91A0409,ramesh.yadav413@apedu.ac.in,2nd Year,ECE,C,4,55.3,62,66,86,83,73,65,44,69,67,10,51,73,50,High Risk
AP2024_6409,Pranavi Kumar,22A91A0310,pranavi.kumar414@apedu.ac.in,3rd Year,Mechanical Engineering,B,6,67.5,42,42,67,55,61,44,73,50,49,18,67,53,68,Medium Risk
AP2024_6410,Suresh Goud,24A91A0111,suresh.goud415@apedu.ac.in,1st Year,Civil Engineering,A,2,68.7,61,43,46,42,44,62,78,56,48,19,76,55,73,Medium Risk
AP2024_6411,Nikhil Mishra,21A91A0512,nikhil.mishra416@apedu.ac.in,4th Year,CSE,A,7,75.5,79,71,69,62,70,77,63,62,61,18,61,82,67,Low Risk
AP2024_6412,Manoj Patel,22A91A0213,manoj.patel417@apedu.ac.in,3rd Year,EEE,D,6,93.8,72,66,57,45,74,74,88,66,62,22,86,67,89,Low Risk
AP2024_6413,Ganesh Reddy,22A91A0414,ganesh.reddy418@apedu.ac.in,3rd Year,ECE,D,5,55.9,51,65,62,67,54,50,53,72,50,9,50,53,53,High Risk
AP2024_6414,Tarun Raju,21A91A1215,tarun.raju419@apedu.ac.in,4th Year,Information Technology,D,8,61.3,68,62,63,72,50,64,58,60,51,18,61,65,60,Medium Risk
AP2024_6415,Swathi Chowdary,24A91A4216,swathi.chowdary420@apedu.ac.in,1st Year,CSE (AI & ML),B,2,87.8,56,80,80,77,65,74,82,76,61,17,89,80,86,Low Risk
AP2024_6416,Aditya Chowdary,22A91A0417,aditya.chowdary421@apedu.ac.in,3rd Year,ECE,D,5,73.3,49,36,47,33,32,64,64,42,36,21,62,58,67,High Risk
AP2024_6417,Sireesha Kumar,21A91A0518,sireesha.kumar422@apedu.ac.in,4th Year,CSE,A,7,96.4,78,75,75,91,63,56,78,83,68,17,86,70,87,Low Risk
AP2024_6418,Pavan Chowdary,22A91A0419,pavan.chowdary423@apedu.ac.in,3rd Year,ECE,B,5,53.6,60,57,58,53,42,51,62,57,56,17,65,55,59,High Risk
AP2024_6419,Srikanth Varma,21A91A0520,srikanth.varma424@apedu.ac.in,4th Year,CSE,A,8,57.3,81,80,89,86,82,73,70,81,83,15,69,84,64,High Risk
AP2024_6420,Pranavi Mishra,22A91A0521,pranavi.mishra425@apedu.ac.in,3rd Year,CSE,A,6,79.4,87,79,100,86,88,72,71,80,80,14,71,91,74,Low Risk
AP2024_6421,Sneha Bhatt,22A91A0422,sneha.bhatt426@apedu.ac.in,3rd Year,ECE,A,6,49.9,78,61,61,63,83,58,60,60,69,12,46,63,51,High Risk
AP2024_6422,Harika Reddy,24A91A0223,harika.reddy427@apedu.ac.in,1st Year,EEE,C,1,86.9,59,46,70,84,66,69,83,64,56,21,82,69,84,Low Risk
AP2024_6423,Mahesh Chowdary,24A91A0524,mahesh.chowdary428@apedu.ac.in,1st Year,CSE,D,2,72.6,54,71,68,56,42,46,68,63,52,17,74,57,71,Medium Risk
AP2024_6424,Rahul Chary,22A91A0425,rahul.chary429@apedu.ac.in,3rd Year,ECE,D,5,79.1,68,58,68,57,64,63,71,78,61,19,57,62,70,Medium Risk
AP2024_6425,Srikanth Rao,22A91A4226,srikanth.rao430@apedu.ac.in,3rd Year,CSE (AI & ML),A,6,81.3,62,66,78,61,66,70,79,78,67,17,75,76,78,Low Risk
AP2024_6426,Swathi Verma,21A91A4227,swathi.verma431@apedu.ac.in,4th Year,CSE (AI & ML),D,8,54.1,57,65,62,58,51,46,54,47,61,14,52,62,53,High Risk
AP2024_6427,Ravi Naidu,21A91A0528,ravi.naidu432@apedu.ac.in,4th Year,CSE,C,7,73.7,83,72,66,76,83,78,81,70,66,18,83,81,78,Low Risk
AP2024_6428,Gayatri Varma,23A91A0329,gayatri.varma433@apedu.ac.in,2nd Year,Mechanical Engineering,A,3,83.5,77,59,58,50,84,65,74,81,66,17,89,74,82,Low Risk
AP2024_6429,Ravi Somayajulu,24A91A4230,ravi.somayajulu434@apedu.ac.in,1st Year,CSE (AI & ML),B,2,75.8,58,61,72,71,65,64,81,69,63,20,75,66,77,Low Risk
AP2024_6430,Swathi Verma,23A91A4231,swathi.verma435@apedu.ac.in,2nd Year,CSE (AI & ML),B,3,62.1,75,73,79,67,61,57,62,62,66,15,51,68,58,Medium Risk
AP2024_6431,Varun Bhatt,22A91A4432,varun.bhatt436@apedu.ac.in,3rd Year,CSE (Data Science),A,5,99.5,61,81,54,51,63,72,81,75,54,16,79,78,87,Low Risk
AP2024_6432,Naresh Raju,24A91A0433,naresh.raju437@apedu.ac.in,1st Year,ECE,D,1,61.6,77,71,63,59,85,68,72,85,62,16,82,78,70,Medium Risk
AP2024_6433,Pooja Sastry,21A91A0334,pooja.sastry438@apedu.ac.in,4th Year,Mechanical Engineering,D,8,74.8,80,63,63,62,75,67,67,80,61,16,56,73,66,Low Risk
AP2024_6434,Rohit Somayajulu,21A91A0535,rohit.somayajulu439@apedu.ac.in,4th Year,CSE,D,8,77.0,75,67,72,58,78,54,89,86,68,20,83,71,82,Low Risk
AP2024_6435,Tarun Chowdary,24A91A0136,tarun.chowdary440@apedu.ac.in,1st Year,Civil Engineering,B,1,64.1,40,53,74,60,49,46,54,69,46,15,59,50,59,Medium Risk
AP2024_6436,Karthik Yadav,23A91A0137,karthik.yadav441@apedu.ac.in,2nd Year,Civil Engineering,C,3,68.1,56,52,42,40,53,56,73,58,52,17,65,71,68,Medium Risk
AP2024_6437,Pooja Murthy,22A91A4238,pooja.murthy442@apedu.ac.in,3rd Year,CSE (AI & ML),B,6,74.1,65,65,80,80,69,73,75,69,63,14,76,74,74,Low Risk
AP2024_6438,Suresh Chowdary,21A91A4239,suresh.chowdary443@apedu.ac.in,4th Year,CSE (AI & ML),A,7,74.5,69,71,65,73,69,54,73,76,61,20,83,71,76,Low Risk
AP2024_6439,Suresh Kulkarni,23A91A0440,suresh.kulkarni444@apedu.ac.in,2nd Year,ECE,B,3,72.5,80,98,77,57,68,71,80,73,76,20,79,75,76,Low Risk
AP2024_6440,Ananya Goud,22A91A1241,ananya.goud445@apedu.ac.in,3rd Year,Information Technology,B,6,69.9,63,67,70,74,60,71,66,72,69,18,61,75,66,Medium Risk
AP2024_6441,Ananya Murthy,23A91A4242,ananya.murthy446@apedu.ac.in,2nd Year,CSE (AI & ML),C,3,68.5,67,61,64,50,42,61,62,68,46,14,69,67,66,Medium Risk
AP2024_6442,Charan Chary,21A91A0543,charan.chary447@apedu.ac.in,4th Year,CSE,D,7,74.3,74,67,56,50,68,57,80,71,50,15,71,59,75,Medium Risk
AP2024_6443,Harika Bhatt,21A91A0244,harika.bhatt448@apedu.ac.in,4th Year,EEE,C,7,70.1,71,71,75,71,58,49,62,73,71,16,59,71,64,Medium Risk
AP2024_6444,Venkata Kumar,23A91A4245,venkata.kumar449@apedu.ac.in,2nd Year,CSE (AI & ML),B,3,54.4,56,87,76,73,57,60,47,61,60,11,60,68,53,High Risk
AP2024_6445,Ananya Sharma,21A91A4246,ananya.sharma450@apedu.ac.in,4th Year,CSE (AI & ML),D,7,61.1,26,42,41,27,26,52,50,52,35,17,56,44,56,High Risk
AP2024_6446,Varun Chowdary,24A91A0247,varun.chowdary451@apedu.ac.in,1st Year,EEE,D,2,63.2,54,53,60,55,55,59,67,72,55,16,53,79,61,Medium Risk
AP2024_6447,Karthik Joshi,24A91A4248,karthik.joshi452@apedu.ac.in,1st Year,CSE (AI & ML),C,2,67.5,64,63,60,28,70,64,67,52,52,16,72,55,68,Medium Risk
AP2024_6448,Karthik Joshi,23A91A0149,karthik.joshi453@apedu.ac.in,2nd Year,Civil Engineering,C,4,54.0,74,61,56,64,64,64,68,61,65,14,64,69,61,High Risk
AP2024_6449,Kavya Raju,22A91A0150,kavya.raju454@apedu.ac.in,3rd Year,Civil Engineering,A,5,78.8,68,52,62,63,66,60,67,65,46,18,76,75,74,Medium Risk
AP2024_6450,Swathi Kulkarni,22A91A0151,swathi.kulkarni455@apedu.ac.in,3rd Year,Civil Engineering,B,5,78.9,63,61,60,60,65,61,74,54,54,17,63,72,72,Medium Risk
AP2024_6451,Mahesh Raju,22A91A0152,mahesh.raju456@apedu.ac.in,3rd Year,Civil Engineering,B,6,99.5,63,56,55,44,59,80,87,66,49,21,83,76,90,Medium Risk
AP2024_6452,Gayatri Yadav,22A91A1253,gayatri.yadav457@apedu.ac.in,3rd Year,Information Technology,C,5,56.9,56,55,53,73,47,59,47,53,60,11,39,60,48,High Risk
AP2024_6453,Rohit Chary,22A91A0254,rohit.chary458@apedu.ac.in,3rd Year,EEE,B,5,84.0,69,66,53,44,72,64,83,66,62,20,86,74,84,Medium Risk
AP2024_6454,Gayatri Kulkarni,24A91A0355,gayatri.kulkarni459@apedu.ac.in,1st Year,Mechanical Engineering,D,2,55.2,59,80,68,57,63,73,58,72,62,14,59,74,57,High Risk
AP2024_6455,Lavanya Murthy,23A91A0456,lavanya.murthy460@apedu.ac.in,2nd Year,ECE,C,4,85.2,65,68,74,66,64,69,83,76,63,20,72,81,80,Low Risk
AP2024_6456,Mahesh Prasad,21A91A0357,mahesh.prasad461@apedu.ac.in,4th Year,Mechanical Engineering,B,7,76.7,50,57,56,62,73,53,67,66,68,17,71,59,72,Medium Risk
AP2024_6457,Karthik Chowdary,21A91A1258,karthik.chowdary462@apedu.ac.in,4th Year,Information Technology,B,8,59.9,58,59,56,42,54,52,55,63,59,14,51,59,55,Medium Risk
AP2024_6458,Akhil Yadav,21A91A1259,akhil.yadav463@apedu.ac.in,4th Year,Information Technology,C,7,71.7,61,73,63,69,64,77,68,79,65,16,84,73,74,Medium Risk
AP2024_6459,Manasa Mishra,22A91A4460,manasa.mishra464@apedu.ac.in,3rd Year,CSE (Data Science),D,5,42.2,58,45,39,35,44,63,38,42,41,10,42,54,40,High Risk
AP2024_6460,Divya Chary,21A91A4261,divya.chary465@apedu.ac.in,4th Year,CSE (AI & ML),A,8,99.5,64,62,90,64,75,86,88,79,60,21,96,84,95,Low Risk
AP2024_6461,Manasa Prasad,23A91A0162,manasa.prasad466@apedu.ac.in,2nd Year,Civil Engineering,A,4,74.8,55,68,59,32,70,57,58,64,54,17,58,70,64,Medium Risk
AP2024_6462,Bhavya Gupta,23A91A0163,bhavya.gupta467@apedu.ac.in,2nd Year,Civil Engineering,D,4,77.1,66,81,53,46,74,78,67,72,63,20,70,70,71,Low Risk
AP2024_6463,Sravani Yadav,24A91A0164,sravani.yadav468@apedu.ac.in,1st Year,Civil Engineering,C,1,78.5,82,78,77,75,72,89,73,73,72,17,69,86,74,Low Risk
AP2024_6464,Manasa Goud,21A91A0265,manasa.goud469@apedu.ac.in,4th Year,EEE,A,8,49.8,47,64,49,56,36,39,50,47,55,14,41,48,47,High Risk
AP2024_6465,Sneha Naidu,22A91A4466,sneha.naidu470@apedu.ac.in,3rd Year,CSE (Data Science),B,6,87.5,79,74,73,71,77,54,79,79,80,22,86,76,84,Low Risk
AP2024_6466,Rahul Somayajulu,23A91A4467,rahul.somayajulu471@apedu.ac.in,2nd Year,CSE (Data Science),C,4,90.5,80,78,91,83,82,75,87,91,71,21,85,78,87,Low Risk
AP2024_6467,Aditya Sharma,22A91A0368,aditya.sharma472@apedu.ac.in,3rd Year,Mechanical Engineering,D,5,61.8,73,40,70,42,56,76,60,77,42,20,63,61,61,Medium Risk
AP2024_6468,Karthik Reddy,22A91A0169,karthik.reddy473@apedu.ac.in,3rd Year,Civil Engineering,A,6,42.9,65,65,57,43,59,44,47,61,47,12,43,63,44,High Risk
AP2024_6469,Lavanya Goud,24A91A0570,lavanya.goud474@apedu.ac.in,1st Year,CSE,C,2,60.1,69,67,66,74,58,66,63,64,56,18,53,70,58,Medium Risk
AP2024_6470,Rohit Reddy,22A91A0371,rohit.reddy475@apedu.ac.in,3rd Year,Mechanical Engineering,B,5,67.3,37,45,47,44,42,50,70,54,50,14,62,49,66,High Risk
AP2024_6471,Rahul Sharma,24A91A0372,rahul.sharma476@apedu.ac.in,1st Year,Mechanical Engineering,D,2,94.0,88,67,78,61,80,98,87,84,72,22,92,76,91,Low Risk
AP2024_6472,Venkata Patel,23A91A4473,venkata.patel477@apedu.ac.in,2nd Year,CSE (Data Science),B,4,79.1,86,80,94,76,82,90,84,82,68,17,81,88,81,Low Risk
AP2024_6473,Rohit Varma,24A91A4274,rohit.varma478@apedu.ac.in,1st Year,CSE (AI & ML),B,1,91.0,74,61,83,64,65,65,92,76,61,23,96,77,92,Low Risk
AP2024_6474,Swathi Raju,22A91A4275,swathi.raju479@apedu.ac.in,3rd Year,CSE (AI & ML),C,5,69.4,57,71,56,52,55,54,76,73,54,17,82,69,75,Medium Risk
AP2024_6475,Pooja Raju,24A91A0476,pooja.raju480@apedu.ac.in,1st Year,ECE,C,2,60.3,59,66,32,31,48,53,62,61,51,18,68,62,63,Medium Risk
AP2024_6476,Bhavya Kulkarni,21A91A4477,bhavya.kulkarni481@apedu.ac.in,4th Year,CSE (Data Science),C,8,63.8,49,51,67,48,47,60,67,65,38,15,53,61,61,Medium Risk
AP2024_6477,Karthik Varma,24A91A0178,karthik.varma482@apedu.ac.in,1st Year,Civil Engineering,B,1,76.5,57,44,53,51,53,66,82,63,52,23,83,56,80,Medium Risk
AP2024_6478,Pranavi Naidu,23A91A4279,pranavi.naidu483@apedu.ac.in,2nd Year,CSE (AI & ML),A,4,92.1,73,84,77,80,77,66,90,81,66,24,90,77,90,Low Risk
AP2024_6479,Sai Rao,21A91A0280,sai.rao484@apedu.ac.in,4th Year,EEE,B,7,58.2,99,65,79,77,80,79,62,80,73,18,70,81,62,Medium Risk
AP2024_6480,Deepika Kumar,21A91A0481,deepika.kumar485@apedu.ac.in,4th Year,ECE,C,8,75.1,66,52,60,58,64,60,77,71,59,17,65,63,72,Medium Risk
AP2024_6481,Srikanth Mishra,21A91A0282,srikanth.mishra486@apedu.ac.in,4th Year,EEE,C,8,74.5,54,60,49,53,41,70,76,69,56,20,72,57,74,Medium Risk
AP2024_6482,Divya Murthy,23A91A4483,divya.murthy487@apedu.ac.in,2nd Year,CSE (Data Science),B,4,56.5,53,43,39,42,51,59,51,59,44,12,46,49,51,High Risk
AP2024_6483,Ravi Yadav,23A91A0284,ravi.yadav488@apedu.ac.in,2nd Year,EEE,C,4,92.9,68,73,72,67,84,67,91,79,64,24,82,75,89,Low Risk
AP2024_6484,Aditya Varma,22A91A0385,aditya.varma489@apedu.ac.in,3rd Year,Mechanical Engineering,A,5,68.1,48,58,61,60,57,82,50,65,55,12,50,59,57,Medium Risk
AP2024_6485,Pooja Babu,23A91A0386,pooja.babu490@apedu.ac.in,2nd Year,Mechanical Engineering,A,3,79.3,83,70,78,69,85,80,64,90,65,15,64,89,70,Low Risk
AP2024_6486,Nikhil Raju,22A91A0487,nikhil.raju491@apedu.ac.in,3rd Year,ECE,B,6,75.4,77,69,77,74,70,64,76,75,66,19,71,75,74,Low Risk
AP2024_6487,Sandhya Sastry,23A91A0288,sandhya.sastry492@apedu.ac.in,2nd Year,EEE,D,3,69.7,64,54,52,43,51,50,64,64,56,19,67,62,67,Medium Risk
AP2024_6488,Tarun Sastry,21A91A0189,tarun.sastry493@apedu.ac.in,4th Year,Civil Engineering,A,8,61.2,67,67,69,75,59,66,60,55,61,12,65,75,61,Medium Risk
AP2024_6489,Chaitanya Varma,21A91A0390,chaitanya.varma494@apedu.ac.in,4th Year,Mechanical Engineering,D,8,81.5,49,36,70,41,43,63,67,58,43,19,82,65,77,Medium Risk
AP2024_6490,Rahul Kulkarni,23A91A1201,rahul.kulkarni495@apedu.ac.in,2nd Year,Information Technology,C,3,56.2,69,59,66,58,58,70,52,71,64,12,50,78,53,High Risk
AP2024_6491,Manoj Naidu,23A91A0302,manoj.naidu496@apedu.ac.in,2nd Year,Mechanical Engineering,B,4,70.0,61,57,73,53,63,68,57,66,53,14,53,66,60,Medium Risk
AP2024_6492,Harika Kumar,23A91A4403,harika.kumar497@apedu.ac.in,2nd Year,CSE (Data Science),A,4,55.3,57,57,60,53,55,49,57,50,46,13,53,56,55,High Risk
AP2024_6493,Karthik Sastry,22A91A0204,karthik.sastry498@apedu.ac.in,3rd Year,EEE,C,5,74.9,59,56,68,59,67,64,75,69,48,19,71,69,73,Medium Risk
AP2024_6494,Pranavi Reddy,24A91A0105,pranavi.reddy499@apedu.ac.in,1st Year,Civil Engineering,A,1,55.8,63,79,69,66,67,54,49,58,62,14,51,69,52,High Risk
AP2024_6495,Varun Gupta,22A91A0106,varun.gupta500@apedu.ac.in,3rd Year,Civil Engineering,C,5,70.5,80,53,75,56,80,71,83,76,76,19,90,80,80,Medium Risk
AP2024_6496,Keerthi Somayajulu,21A91A0207,keerthi.somayajulu501@apedu.ac.in,4th Year,EEE,B,8,67.5,68,68,61,52,69,77,63,59,72,18,74,74,68,Medium Risk
AP2024_6497,Manoj Naidu,21A91A4208,manoj.naidu502@apedu.ac.in,4th Year,CSE (AI & ML),C,7,67.8,47,54,68,65,49,56,71,52,55,11,67,60,68,Medium Risk
AP2024_6498,Pranavi Verma,23A91A1209,pranavi.verma503@apedu.ac.in,2nd Year,Information Technology,B,4,69.8,51,53,42,20,55,42,67,53,37,14,54,59,64,High Risk
AP2024_6499,Gayatri Murthy,21A91A4210,gayatri.murthy504@apedu.ac.in,4th Year,CSE (AI & ML),A,7,53.7,66,47,54,57,40,58,44,67,41,12,48,55,49,High Risk
AP2024_6500,Karthik Sharma,22A91A0211,karthik.sharma505@apedu.ac.in,3rd Year,EEE,C,5,53.3,77,86,72,60,54,89,62,69,65,13,58,77,57,High Risk
